date,store,category,promotion,sales
2021-01-01,Store_A,Grocery,0,464.02
2021-01-02,Store_A,Grocery,0,464.91
2021-01-03,Store_A,Grocery,0,399.32
2021-01-04,Store_A,Grocery,1,518.11
2021-01-05,Store_A,Grocery,0,415.05
2021-01-06,Store_A,Grocery,0,458.45
2021-01-07,Store_A,Grocery,0,420.99
2021-01-08,Store_A,Grocery,0,384.23
2021-01-09,Store_A,Grocery,0,385.75
2021-01-10,Store_A,Grocery,0,361.28
2021-01-11,Store_A,Grocery,0,439.69
2021-01-12,Store_A,Grocery,0,425.69
2021-01-13,Store_A,Grocery,0,425.65
2021-01-14,Store_A,Grocery,0,419.07
2021-01-15,Store_A,Grocery,0,429.05
2021-01-16,Store_A,Grocery,0,411.16
2021-01-17,Store_A,Grocery,0,352.42
2021-01-18,Store_A,Grocery,1,463.28
2021-01-19,Store_A,Grocery,0,461.17
2021-01-20,Store_A,Grocery,0,404.89
2021-01-21,Store_A,Grocery,0,373.34
2021-01-22,Store_A,Grocery,0,455.82
2021-01-23,Store_A,Grocery,0,445.3
2021-01-24,Store_A,Grocery,0,358.9
2021-01-25,Store_A,Grocery,0,390.18
2021-01-26,Store_A,Grocery,0,424.74
2021-01-27,Store_A,Grocery,0,429.51
2021-01-28,Store_A,Grocery,0,450.58
2021-01-29,Store_A,Grocery,0,459.48
2021-01-30,Store_A,Grocery,1,512.13
2021-01-31,Store_A,Grocery,0,330.48
2021-02-01,Store_A,Grocery,1,516.79
2021-02-02,Store_A,Grocery,0,466.82
2021-02-03,Store_A,Grocery,0,473.34
2021-02-04,Store_A,Grocery,1,491.36
2021-02-05,Store_A,Grocery,0,437.12
2021-02-06,Store_A,Grocery,0,403.11
2021-02-07,Store_A,Grocery,0,344.3
2021-02-08,Store_A,Grocery,0,416.99
2021-02-09,Store_A,Grocery,0,474.88
2021-02-10,Store_A,Grocery,0,452.13
2021-02-11,Store_A,Grocery,0,390.79
2021-02-12,Store_A,Grocery,0,442.96
2021-02-13,Store_A,Grocery,0,466.3
2021-02-14,Store_A,Grocery,0,349.75
2021-02-15,Store_A,Grocery,0,377.28
2021-02-16,Store_A,Grocery,0,419.9
2021-02-17,Store_A,Grocery,0,448.05
2021-02-18,Store_A,Grocery,0,381.37
2021-02-19,Store_A,Grocery,0,423.53
2021-02-20,Store_A,Grocery,0,440.74
2021-02-21,Store_A,Grocery,0,352.99
2021-02-22,Store_A,Grocery,0,385.36
2021-02-23,Store_A,Grocery,0,453.56
2021-02-24,Store_A,Grocery,0,408.5
2021-02-25,Store_A,Grocery,0,391.71
2021-02-26,Store_A,Grocery,0,444.01
2021-02-27,Store_A,Grocery,1,517.87
2021-02-28,Store_A,Grocery,0,290.54
2021-03-01,Store_A,Grocery,0,362.61
2021-03-02,Store_A,Grocery,0,410.76
2021-03-03,Store_A,Grocery,0,438.22
2021-03-04,Store_A,Grocery,0,404.35
2021-03-05,Store_A,Grocery,0,425.44
2021-03-06,Store_A,Grocery,0,336.35
2021-03-07,Store_A,Grocery,0,328.86
2021-03-08,Store_A,Grocery,1,475.28
2021-03-09,Store_A,Grocery,1,592.96
2021-03-10,Store_A,Grocery,0,411.6
2021-03-11,Store_A,Grocery,0,398.41
2021-03-12,Store_A,Grocery,0,457.5
2021-03-13,Store_A,Grocery,0,415.51
2021-03-14,Store_A,Grocery,0,367.54
2021-03-15,Store_A,Grocery,0,315.86
2021-03-16,Store_A,Grocery,0,368.69
2021-03-17,Store_A,Grocery,1,495.3
2021-03-18,Store_A,Grocery,0,329.95
2021-03-19,Store_A,Grocery,0,414.2
2021-03-20,Store_A,Grocery,0,352.7
2021-03-21,Store_A,Grocery,0,363.72
2021-03-22,Store_A,Grocery,0,327.26
2021-03-23,Store_A,Grocery,0,381.6
2021-03-24,Store_A,Grocery,0,427.22
2021-03-25,Store_A,Grocery,0,331.32
2021-03-26,Store_A,Grocery,0,350.61
2021-03-27,Store_A,Grocery,0,379.36
2021-03-28,Store_A,Grocery,0,312.48
2021-03-29,Store_A,Grocery,0,368.72
2021-03-30,Store_A,Grocery,0,399.54
2021-03-31,Store_A,Grocery,0,400.87
2021-04-01,Store_A,Grocery,0,339.57
2021-04-02,Store_A,Grocery,0,400.67
2021-04-03,Store_A,Grocery,0,373.08
2021-04-04,Store_A,Grocery,1,374.94
2021-04-05,Store_A,Grocery,0,394.0
2021-04-06,Store_A,Grocery,0,387.96
2021-04-07,Store_A,Grocery,0,349.46
2021-04-08,Store_A,Grocery,0,377.11
2021-04-09,Store_A,Grocery,0,414.24
2021-04-10,Store_A,Grocery,0,366.73
2021-04-11,Store_A,Grocery,0,275.88
2021-04-12,Store_A,Grocery,0,298.52
2021-04-13,Store_A,Grocery,0,359.67
2021-04-14,Store_A,Grocery,0,381.79
2021-04-15,Store_A,Grocery,0,341.49
2021-04-16,Store_A,Grocery,0,419.66
2021-04-17,Store_A,Grocery,0,363.11
2021-04-18,Store_A,Grocery,0,245.44
2021-04-19,Store_A,Grocery,1,381.62
2021-04-20,Store_A,Grocery,0,367.24
2021-04-21,Store_A,Grocery,0,352.81
2021-04-22,Store_A,Grocery,1,457.62
2021-04-23,Store_A,Grocery,0,377.14
2021-04-24,Store_A,Grocery,0,329.74
2021-04-25,Store_A,Grocery,0,235.1
2021-04-26,Store_A,Grocery,0,252.52
2021-04-27,Store_A,Grocery,0,347.84
2021-04-28,Store_A,Grocery,0,308.91
2021-04-29,Store_A,Grocery,0,291.02
2021-04-30,Store_A,Grocery,0,356.1
2021-05-01,Store_A,Grocery,0,323.35
2021-05-02,Store_A,Grocery,0,214.85
2021-05-03,Store_A,Grocery,0,326.34
2021-05-04,Store_A,Grocery,0,364.55
2021-05-05,Store_A,Grocery,0,355.58
2021-05-06,Store_A,Grocery,0,325.92
2021-05-07,Store_A,Grocery,0,357.35
2021-05-08,Store_A,Grocery,0,436.21
2021-05-09,Store_A,Grocery,0,272.58
2021-05-10,Store_A,Grocery,0,301.93
2021-05-11,Store_A,Grocery,0,294.85
2021-05-12,Store_A,Grocery,0,320.86
2021-05-13,Store_A,Grocery,1,478.21
2021-05-14,Store_A,Grocery,0,269.75
2021-05-15,Store_A,Grocery,0,285.54
2021-05-16,Store_A,Grocery,0,266.9
2021-05-17,Store_A,Grocery,0,247.52
2021-05-18,Store_A,Grocery,0,332.12
2021-05-19,Store_A,Grocery,0,320.18
2021-05-20,Store_A,Grocery,0,268.02
2021-05-21,Store_A,Grocery,0,254.91
2021-05-22,Store_A,Grocery,0,297.31
2021-05-23,Store_A,Grocery,0,196.21
2021-05-24,Store_A,Grocery,1,361.58
2021-05-25,Store_A,Grocery,0,317.07
2021-05-26,Store_A,Grocery,0,337.55
2021-05-27,Store_A,Grocery,0,264.57
2021-05-28,Store_A,Grocery,0,290.39
2021-05-29,Store_A,Grocery,0,241.27
2021-05-30,Store_A,Grocery,0,242.9
2021-05-31,Store_A,Grocery,0,321.48
2021-06-01,Store_A,Grocery,0,325.53
2021-06-02,Store_A,Grocery,0,342.01
2021-06-03,Store_A,Grocery,1,352.55
2021-06-04,Store_A,Grocery,0,317.7
2021-06-05,Store_A,Grocery,0,299.2
2021-06-06,Store_A,Grocery,0,99.62
2021-06-07,Store_A,Grocery,0,211.23
2021-06-08,Store_A,Grocery,0,337.17
2021-06-09,Store_A,Grocery,0,246.62
2021-06-10,Store_A,Grocery,1,414.78
2021-06-11,Store_A,Grocery,0,249.14
2021-06-12,Store_A,Grocery,0,234.78
2021-06-13,Store_A,Grocery,1,316.77
2021-06-14,Store_A,Grocery,0,239.73
2021-06-15,Store_A,Grocery,0,264.67
2021-06-16,Store_A,Grocery,0,337.87
2021-06-17,Store_A,Grocery,0,217.08
2021-06-18,Store_A,Grocery,0,284.38
2021-06-19,Store_A,Grocery,0,279.46
2021-06-20,Store_A,Grocery,0,200.7
2021-06-21,Store_A,Grocery,1,315.19
2021-06-22,Store_A,Grocery,0,252.15
2021-06-23,Store_A,Grocery,0,308.21
2021-06-24,Store_A,Grocery,0,280.98
2021-06-25,Store_A,Grocery,0,293.9
2021-06-26,Store_A,Grocery,0,228.16
2021-06-27,Store_A,Grocery,0,168.28
2021-06-28,Store_A,Grocery,0,225.83
2021-06-29,Store_A,Grocery,0,270.38
2021-06-30,Store_A,Grocery,0,293.8
2021-07-01,Store_A,Grocery,0,240.76
2021-07-02,Store_A,Grocery,0,306.5
2021-07-03,Store_A,Grocery,0,277.47
2021-07-04,Store_A,Grocery,0,225.02
2021-07-05,Store_A,Grocery,0,223.48
2021-07-06,Store_A,Grocery,0,273.56
2021-07-07,Store_A,Grocery,0,268.43
2021-07-08,Store_A,Grocery,0,217.55
2021-07-09,Store_A,Grocery,0,344.67
2021-07-10,Store_A,Grocery,0,285.85
2021-07-11,Store_A,Grocery,0,205.68
2021-07-12,Store_A,Grocery,0,219.93
2021-07-13,Store_A,Grocery,1,335.58
2021-07-14,Store_A,Grocery,0,302.25
2021-07-15,Store_A,Grocery,0,237.45
2021-07-16,Store_A,Grocery,0,288.36
2021-07-17,Store_A,Grocery,0,228.35
2021-07-18,Store_A,Grocery,0,186.56
2021-07-19,Store_A,Grocery,1,306.69
2021-07-20,Store_A,Grocery,0,244.45
2021-07-21,Store_A,Grocery,0,277.31
2021-07-22,Store_A,Grocery,0,194.56
2021-07-23,Store_A,Grocery,0,228.78
2021-07-24,Store_A,Grocery,0,223.09
2021-07-25,Store_A,Grocery,0,171.61
2021-07-26,Store_A,Grocery,0,247.18
2021-07-27,Store_A,Grocery,0,254.89
2021-07-28,Store_A,Grocery,0,269.69
2021-07-29,Store_A,Grocery,1,336.95
2021-07-30,Store_A,Grocery,0,285.91
2021-07-31,Store_A,Grocery,0,220.64
2021-08-01,Store_A,Grocery,0,176.29
2021-08-02,Store_A,Grocery,0,233.82
2021-08-03,Store_A,Grocery,0,269.02
2021-08-04,Store_A,Grocery,1,376.53
2021-08-05,Store_A,Grocery,0,245.15
2021-08-06,Store_A,Grocery,0,293.81
2021-08-07,Store_A,Grocery,0,319.89
2021-08-08,Store_A,Grocery,0,157.46
2021-08-09,Store_A,Grocery,0,294.7
2021-08-10,Store_A,Grocery,0,238.41
2021-08-11,Store_A,Grocery,0,206.22
2021-08-12,Store_A,Grocery,0,230.58
2021-08-13,Store_A,Grocery,1,396.22
2021-08-14,Store_A,Grocery,0,314.56
2021-08-15,Store_A,Grocery,0,157.05
2021-08-16,Store_A,Grocery,0,243.54
2021-08-17,Store_A,Grocery,0,225.98
2021-08-18,Store_A,Grocery,0,339.15
2021-08-19,Store_A,Grocery,0,290.54
2021-08-20,Store_A,Grocery,0,270.59
2021-08-21,Store_A,Grocery,0,202.8
2021-08-22,Store_A,Grocery,0,235.31
2021-08-23,Store_A,Grocery,0,229.06
2021-08-24,Store_A,Grocery,0,314.51
2021-08-25,Store_A,Grocery,0,285.36
2021-08-26,Store_A,Grocery,0,259.47
2021-08-27,Store_A,Grocery,0,277.1
2021-08-28,Store_A,Grocery,0,284.77
2021-08-29,Store_A,Grocery,0,201.43
2021-08-30,Store_A,Grocery,0,255.87
2021-08-31,Store_A,Grocery,0,230.95
2021-09-01,Store_A,Grocery,0,333.39
2021-09-02,Store_A,Grocery,0,315.19
2021-09-03,Store_A,Grocery,0,302.47
2021-09-04,Store_A,Grocery,0,338.63
2021-09-05,Store_A,Grocery,0,261.85
2021-09-06,Store_A,Grocery,0,267.55
2021-09-07,Store_A,Grocery,0,332.85
2021-09-08,Store_A,Grocery,0,333.97
2021-09-09,Store_A,Grocery,0,215.45
2021-09-10,Store_A,Grocery,0,297.93
2021-09-11,Store_A,Grocery,0,303.08
2021-09-12,Store_A,Grocery,0,265.96
2021-09-13,Store_A,Grocery,0,210.08
2021-09-14,Store_A,Grocery,0,241.5
2021-09-15,Store_A,Grocery,0,306.37
2021-09-16,Store_A,Grocery,0,214.15
2021-09-17,Store_A,Grocery,0,312.64
2021-09-18,Store_A,Grocery,0,300.64
2021-09-19,Store_A,Grocery,0,191.57
2021-09-20,Store_A,Grocery,0,262.09
2021-09-21,Store_A,Grocery,0,337.2
2021-09-22,Store_A,Grocery,0,300.35
2021-09-23,Store_A,Grocery,0,265.08
2021-09-24,Store_A,Grocery,0,321.66
2021-09-25,Store_A,Grocery,0,264.79
2021-09-26,Store_A,Grocery,0,295.77
2021-09-27,Store_A,Grocery,1,379.16
2021-09-28,Store_A,Grocery,0,293.39
2021-09-29,Store_A,Grocery,0,334.6
2021-09-30,Store_A,Grocery,0,297.35
2021-10-01,Store_A,Grocery,0,328.19
2021-10-02,Store_A,Grocery,0,291.5
2021-10-03,Store_A,Grocery,0,223.58
2021-10-04,Store_A,Grocery,0,235.22
2021-10-05,Store_A,Grocery,0,371.08
2021-10-06,Store_A,Grocery,0,356.97
2021-10-07,Store_A,Grocery,0,321.76
2021-10-08,Store_A,Grocery,0,341.91
2021-10-09,Store_A,Grocery,0,288.44
2021-10-10,Store_A,Grocery,0,228.52
2021-10-11,Store_A,Grocery,1,353.11
2021-10-12,Store_A,Grocery,0,316.55
2021-10-13,Store_A,Grocery,0,314.03
2021-10-14,Store_A,Grocery,0,377.47
2021-10-15,Store_A,Grocery,0,385.75
2021-10-16,Store_A,Grocery,0,333.07
2021-10-17,Store_A,Grocery,0,236.21
2021-10-18,Store_A,Grocery,0,272.74
2021-10-19,Store_A,Grocery,0,342.52
2021-10-20,Store_A,Grocery,0,390.45
2021-10-21,Store_A,Grocery,0,395.88
2021-10-22,Store_A,Grocery,0,322.85
2021-10-23,Store_A,Grocery,0,360.07
2021-10-24,Store_A,Grocery,0,254.27
2021-10-25,Store_A,Grocery,0,301.84
2021-10-26,Store_A,Grocery,0,361.51
2021-10-27,Store_A,Grocery,0,344.57
2021-10-28,Store_A,Grocery,0,337.27
2021-10-29,Store_A,Grocery,0,350.01
2021-10-30,Store_A,Grocery,0,334.22
2021-10-31,Store_A,Grocery,0,311.15
2021-11-01,Store_A,Grocery,0,332.07
2021-11-02,Store_A,Grocery,0,395.5
2021-11-03,Store_A,Grocery,0,361.16
2021-11-04,Store_A,Grocery,0,374.67
2021-11-05,Store_A,Grocery,0,337.68
2021-11-06,Store_A,Grocery,0,365.56
2021-11-07,Store_A,Grocery,0,318.34
2021-11-08,Store_A,Grocery,0,285.79
2021-11-09,Store_A,Grocery,0,360.8
2021-11-10,Store_A,Grocery,0,395.1
2021-11-11,Store_A,Grocery,0,399.65
2021-11-12,Store_A,Grocery,0,382.58
2021-11-13,Store_A,Grocery,0,391.92
2021-11-14,Store_A,Grocery,0,355.09
2021-11-15,Store_A,Grocery,0,369.13
2021-11-16,Store_A,Grocery,0,385.9
2021-11-17,Store_A,Grocery,0,416.07
2021-11-18,Store_A,Grocery,0,357.69
2021-11-19,Store_A,Grocery,0,414.45
2021-11-20,Store_A,Grocery,0,379.87
2021-11-21,Store_A,Grocery,0,329.35
2021-11-22,Store_A,Grocery,0,347.05
2021-11-23,Store_A,Grocery,0,415.3
2021-11-24,Store_A,Grocery,0,400.21
2021-11-25,Store_A,Grocery,0,415.43
2021-11-26,Store_A,Grocery,0,410.74
2021-11-27,Store_A,Grocery,0,328.29
2021-11-28,Store_A,Grocery,0,295.12
2021-11-29,Store_A,Grocery,0,370.44
2021-11-30,Store_A,Grocery,0,466.26
2021-12-01,Store_A,Grocery,0,450.04
2021-12-02,Store_A,Grocery,0,324.33
2021-12-03,Store_A,Grocery,0,382.25
2021-12-04,Store_A,Grocery,0,440.55
2021-12-05,Store_A,Grocery,0,357.18
2021-12-06,Store_A,Grocery,0,452.25
2021-12-07,Store_A,Grocery,0,405.33
2021-12-08,Store_A,Grocery,0,403.82
2021-12-09,Store_A,Grocery,0,406.76
2021-12-10,Store_A,Grocery,0,422.88
2021-12-11,Store_A,Grocery,0,445.07
2021-12-12,Store_A,Grocery,0,327.88
2021-12-13,Store_A,Grocery,0,377.38
2021-12-14,Store_A,Grocery,0,396.01
2021-12-15,Store_A,Grocery,0,658.46
2021-12-16,Store_A,Grocery,0,576.73
2021-12-17,Store_A,Grocery,0,653.97
2021-12-18,Store_A,Grocery,0,674.33
2021-12-19,Store_A,Grocery,0,488.47
2021-12-20,Store_A,Grocery,0,636.45
2021-12-21,Store_A,Grocery,0,638.44
2021-12-22,Store_A,Grocery,0,603.65
2021-12-23,Store_A,Grocery,0,616.47
2021-12-24,Store_A,Grocery,0,670.17
2021-12-25,Store_A,Grocery,0,593.53
2021-12-26,Store_A,Grocery,0,567.33
2021-12-27,Store_A,Grocery,0,645.17
2021-12-28,Store_A,Grocery,0,618.13
2021-12-29,Store_A,Grocery,0,613.29
2021-12-30,Store_A,Grocery,0,613.88
2021-12-31,Store_A,Grocery,0,653.28
2022-01-01,Store_A,Grocery,0,464.64
2022-01-02,Store_A,Grocery,0,356.55
2022-01-03,Store_A,Grocery,0,389.01
2022-01-04,Store_A,Grocery,1,515.16
2022-01-05,Store_A,Grocery,0,400.81
2022-01-06,Store_A,Grocery,0,385.0
2022-01-07,Store_A,Grocery,0,418.15
2022-01-08,Store_A,Grocery,0,424.08
2022-01-09,Store_A,Grocery,0,316.09
2022-01-10,Store_A,Grocery,0,318.31
2022-01-11,Store_A,Grocery,0,445.19
2022-01-12,Store_A,Grocery,0,517.39
2022-01-13,Store_A,Grocery,1,570.06
2022-01-14,Store_A,Grocery,0,453.84
2022-01-15,Store_A,Grocery,0,398.71
2022-01-16,Store_A,Grocery,0,450.55
2022-01-17,Store_A,Grocery,1,513.67
2022-01-18,Store_A,Grocery,0,454.99
2022-01-19,Store_A,Grocery,0,454.02
2022-01-20,Store_A,Grocery,0,429.61
2022-01-21,Store_A,Grocery,0,445.95
2022-01-22,Store_A,Grocery,1,531.23
2022-01-23,Store_A,Grocery,0,416.46
2022-01-24,Store_A,Grocery,0,448.72
2022-01-25,Store_A,Grocery,0,381.45
2022-01-26,Store_A,Grocery,0,413.06
2022-01-27,Store_A,Grocery,0,405.3
2022-01-28,Store_A,Grocery,0,493.74
2022-01-29,Store_A,Grocery,1,580.38
2022-01-30,Store_A,Grocery,0,390.37
2022-01-31,Store_A,Grocery,1,474.68
2022-02-01,Store_A,Grocery,0,430.75
2022-02-02,Store_A,Grocery,0,473.49
2022-02-03,Store_A,Grocery,0,421.36
2022-02-04,Store_A,Grocery,0,449.56
2022-02-05,Store_A,Grocery,0,421.54
2022-02-06,Store_A,Grocery,0,402.64
2022-02-07,Store_A,Grocery,0,424.5
2022-02-08,Store_A,Grocery,1,539.41
2022-02-09,Store_A,Grocery,0,465.68
2022-02-10,Store_A,Grocery,0,385.82
2022-02-11,Store_A,Grocery,0,441.88
2022-02-12,Store_A,Grocery,0,464.31
2022-02-13,Store_A,Grocery,0,311.13
2022-02-14,Store_A,Grocery,0,421.51
2022-02-15,Store_A,Grocery,0,374.22
2022-02-16,Store_A,Grocery,0,506.45
2022-02-17,Store_A,Grocery,0,404.83
2022-02-18,Store_A,Grocery,0,467.73
2022-02-19,Store_A,Grocery,0,429.65
2022-02-20,Store_A,Grocery,0,362.15
2022-02-21,Store_A,Grocery,1,511.2
2022-02-22,Store_A,Grocery,0,381.51
2022-02-23,Store_A,Grocery,0,451.91
2022-02-24,Store_A,Grocery,0,411.44
2022-02-25,Store_A,Grocery,0,431.93
2022-02-26,Store_A,Grocery,1,499.2
2022-02-27,Store_A,Grocery,0,358.03
2022-02-28,Store_A,Grocery,0,359.63
2022-03-01,Store_A,Grocery,0,464.62
2022-03-02,Store_A,Grocery,0,455.64
2022-03-03,Store_A,Grocery,1,523.51
2022-03-04,Store_A,Grocery,0,475.03
2022-03-05,Store_A,Grocery,0,354.13
2022-03-06,Store_A,Grocery,0,303.4
2022-03-07,Store_A,Grocery,1,505.43
2022-03-08,Store_A,Grocery,0,400.62
2022-03-09,Store_A,Grocery,0,413.3
2022-03-10,Store_A,Grocery,0,358.24
2022-03-11,Store_A,Grocery,0,404.0
2022-03-12,Store_A,Grocery,0,440.7
2022-03-13,Store_A,Grocery,0,353.38
2022-03-14,Store_A,Grocery,0,382.85
2022-03-15,Store_A,Grocery,0,397.61
2022-03-16,Store_A,Grocery,0,429.12
2022-03-17,Store_A,Grocery,0,433.16
2022-03-18,Store_A,Grocery,0,404.6
2022-03-19,Store_A,Grocery,1,500.94
2022-03-20,Store_A,Grocery,0,386.41
2022-03-21,Store_A,Grocery,0,391.24
2022-03-22,Store_A,Grocery,0,389.32
2022-03-23,Store_A,Grocery,0,436.55
2022-03-24,Store_A,Grocery,0,335.85
2022-03-25,Store_A,Grocery,0,416.01
2022-03-26,Store_A,Grocery,0,409.13
2022-03-27,Store_A,Grocery,0,331.99
2022-03-28,Store_A,Grocery,0,378.77
2022-03-29,Store_A,Grocery,0,425.3
2022-03-30,Store_A,Grocery,0,421.77
2022-03-31,Store_A,Grocery,0,391.28
2022-04-01,Store_A,Grocery,0,415.53
2022-04-02,Store_A,Grocery,0,344.09
2022-04-03,Store_A,Grocery,0,344.06
2022-04-04,Store_A,Grocery,0,347.76
2022-04-05,Store_A,Grocery,0,410.4
2022-04-06,Store_A,Grocery,0,427.33
2022-04-07,Store_A,Grocery,1,454.47
2022-04-08,Store_A,Grocery,0,384.52
2022-04-09,Store_A,Grocery,1,462.98
2022-04-10,Store_A,Grocery,0,340.4
2022-04-11,Store_A,Grocery,1,413.68
2022-04-12,Store_A,Grocery,0,424.94
2022-04-13,Store_A,Grocery,0,392.84
2022-04-14,Store_A,Grocery,0,365.49
2022-04-15,Store_A,Grocery,0,417.09
2022-04-16,Store_A,Grocery,1,465.2
2022-04-17,Store_A,Grocery,0,323.68
2022-04-18,Store_A,Grocery,0,311.37
2022-04-19,Store_A,Grocery,0,413.12
2022-04-20,Store_A,Grocery,0,361.36
2022-04-21,Store_A,Grocery,0,393.41
2022-04-22,Store_A,Grocery,0,363.87
2022-04-23,Store_A,Grocery,0,338.71
2022-04-24,Store_A,Grocery,0,245.75
2022-04-25,Store_A,Grocery,1,396.56
2022-04-26,Store_A,Grocery,1,459.51
2022-04-27,Store_A,Grocery,0,372.77
2022-04-28,Store_A,Grocery,0,367.49
2022-04-29,Store_A,Grocery,0,359.9
2022-04-30,Store_A,Grocery,0,300.72
2022-05-01,Store_A,Grocery,0,280.16
2022-05-02,Store_A,Grocery,0,312.29
2022-05-03,Store_A,Grocery,0,362.04
2022-05-04,Store_A,Grocery,0,333.85
2022-05-05,Store_A,Grocery,0,307.69
2022-05-06,Store_A,Grocery,0,335.62
2022-05-07,Store_A,Grocery,1,469.36
2022-05-08,Store_A,Grocery,0,303.44
2022-05-09,Store_A,Grocery,0,277.91
2022-05-10,Store_A,Grocery,0,317.71
2022-05-11,Store_A,Grocery,0,364.81
2022-05-12,Store_A,Grocery,0,364.95
2022-05-13,Store_A,Grocery,0,404.46
2022-05-14,Store_A,Grocery,0,296.62
2022-05-15,Store_A,Grocery,0,234.56
2022-05-16,Store_A,Grocery,0,295.69
2022-05-17,Store_A,Grocery,0,336.53
2022-05-18,Store_A,Grocery,0,328.56
2022-05-19,Store_A,Grocery,0,278.86
2022-05-20,Store_A,Grocery,0,335.24
2022-05-21,Store_A,Grocery,0,365.15
2022-05-22,Store_A,Grocery,0,220.7
2022-05-23,Store_A,Grocery,0,284.13
2022-05-24,Store_A,Grocery,0,398.32
2022-05-25,Store_A,Grocery,0,307.68
2022-05-26,Store_A,Grocery,0,317.68
2022-05-27,Store_A,Grocery,0,387.14
2022-05-28,Store_A,Grocery,0,316.92
2022-05-29,Store_A,Grocery,0,264.56
2022-05-30,Store_A,Grocery,0,294.62
2022-05-31,Store_A,Grocery,0,323.89
2022-06-01,Store_A,Grocery,0,361.17
2022-06-02,Store_A,Grocery,0,308.02
2022-06-03,Store_A,Grocery,0,313.23
2022-06-04,Store_A,Grocery,0,294.15
2022-06-05,Store_A,Grocery,0,232.28
2022-06-06,Store_A,Grocery,0,247.06
2022-06-07,Store_A,Grocery,0,305.63
2022-06-08,Store_A,Grocery,0,309.9
2022-06-09,Store_A,Grocery,0,300.18
2022-06-10,Store_A,Grocery,0,381.36
2022-06-11,Store_A,Grocery,0,290.01
2022-06-12,Store_A,Grocery,0,264.23
2022-06-13,Store_A,Grocery,0,272.4
2022-06-14,Store_A,Grocery,0,298.42
2022-06-15,Store_A,Grocery,0,286.96
2022-06-16,Store_A,Grocery,0,278.73
2022-06-17,Store_A,Grocery,0,308.74
2022-06-18,Store_A,Grocery,0,252.66
2022-06-19,Store_A,Grocery,0,188.45
2022-06-20,Store_A,Grocery,0,258.72
2022-06-21,Store_A,Grocery,1,441.2
2022-06-22,Store_A,Grocery,0,293.45
2022-06-23,Store_A,Grocery,0,219.64
2022-06-24,Store_A,Grocery,0,227.39
2022-06-25,Store_A,Grocery,0,236.82
2022-06-26,Store_A,Grocery,0,224.4
2022-06-27,Store_A,Grocery,0,199.77
2022-06-28,Store_A,Grocery,0,309.76
2022-06-29,Store_A,Grocery,0,311.97
2022-06-30,Store_A,Grocery,0,258.9
2022-07-01,Store_A,Grocery,0,244.86
2022-07-02,Store_A,Grocery,0,243.29
2022-07-03,Store_A,Grocery,0,189.47
2022-07-04,Store_A,Grocery,0,248.93
2022-07-05,Store_A,Grocery,1,341.01
2022-07-06,Store_A,Grocery,0,334.22
2022-07-07,Store_A,Grocery,0,269.9
2022-07-08,Store_A,Grocery,0,306.1
2022-07-09,Store_A,Grocery,0,283.66
2022-07-10,Store_A,Grocery,0,237.68
2022-07-11,Store_A,Grocery,1,345.23
2022-07-12,Store_A,Grocery,0,298.26
2022-07-13,Store_A,Grocery,0,263.03
2022-07-14,Store_A,Grocery,0,315.19
2022-07-15,Store_A,Grocery,0,293.51
2022-07-16,Store_A,Grocery,0,238.91
2022-07-17,Store_A,Grocery,0,178.44
2022-07-18,Store_A,Grocery,1,276.07
2022-07-19,Store_A,Grocery,1,363.35
2022-07-20,Store_A,Grocery,0,205.26
2022-07-21,Store_A,Grocery,0,281.4
2022-07-22,Store_A,Grocery,0,302.56
2022-07-23,Store_A,Grocery,1,333.2
2022-07-24,Store_A,Grocery,0,191.16
2022-07-25,Store_A,Grocery,0,233.32
2022-07-26,Store_A,Grocery,0,236.55
2022-07-27,Store_A,Grocery,0,277.19
2022-07-28,Store_A,Grocery,0,257.26
2022-07-29,Store_A,Grocery,0,281.41
2022-07-30,Store_A,Grocery,1,343.36
2022-07-31,Store_A,Grocery,1,265.24
2022-08-01,Store_A,Grocery,0,225.58
2022-08-02,Store_A,Grocery,0,257.1
2022-08-03,Store_A,Grocery,0,304.62
2022-08-04,Store_A,Grocery,0,303.7
2022-08-05,Store_A,Grocery,1,425.52
2022-08-06,Store_A,Grocery,0,265.67
2022-08-07,Store_A,Grocery,0,175.16
2022-08-08,Store_A,Grocery,0,266.39
2022-08-09,Store_A,Grocery,0,299.06
2022-08-10,Store_A,Grocery,0,331.77
2022-08-11,Store_A,Grocery,0,267.77
2022-08-12,Store_A,Grocery,0,351.19
2022-08-13,Store_A,Grocery,0,273.65
2022-08-14,Store_A,Grocery,1,282.69
2022-08-15,Store_A,Grocery,0,225.41
2022-08-16,Store_A,Grocery,0,299.44
2022-08-17,Store_A,Grocery,0,274.51
2022-08-18,Store_A,Grocery,0,321.87
2022-08-19,Store_A,Grocery,0,313.5
2022-08-20,Store_A,Grocery,0,273.17
2022-08-21,Store_A,Grocery,0,208.65
2022-08-22,Store_A,Grocery,0,237.84
2022-08-23,Store_A,Grocery,0,233.45
2022-08-24,Store_A,Grocery,0,282.86
2022-08-25,Store_A,Grocery,0,322.44
2022-08-26,Store_A,Grocery,0,312.35
2022-08-27,Store_A,Grocery,0,311.86
2022-08-28,Store_A,Grocery,0,245.86
2022-08-29,Store_A,Grocery,0,251.16
2022-08-30,Store_A,Grocery,0,315.25
2022-08-31,Store_A,Grocery,0,253.85
2022-09-01,Store_A,Grocery,0,325.96
2022-09-02,Store_A,Grocery,0,356.74
2022-09-03,Store_A,Grocery,0,300.87
2022-09-04,Store_A,Grocery,0,226.4
2022-09-05,Store_A,Grocery,0,258.86
2022-09-06,Store_A,Grocery,0,339.58
2022-09-07,Store_A,Grocery,0,337.72
2022-09-08,Store_A,Grocery,0,193.09
2022-09-09,Store_A,Grocery,0,307.94
2022-09-10,Store_A,Grocery,0,256.39
2022-09-11,Store_A,Grocery,0,183.96
2022-09-12,Store_A,Grocery,0,305.65
2022-09-13,Store_A,Grocery,0,308.3
2022-09-14,Store_A,Grocery,0,336.64
2022-09-15,Store_A,Grocery,1,400.78
2022-09-16,Store_A,Grocery,0,286.76
2022-09-17,Store_A,Grocery,0,251.04
2022-09-18,Store_A,Grocery,0,221.09
2022-09-19,Store_A,Grocery,0,265.67
2022-09-20,Store_A,Grocery,1,411.67
2022-09-21,Store_A,Grocery,0,319.98
2022-09-22,Store_A,Grocery,0,371.18
2022-09-23,Store_A,Grocery,0,371.45
2022-09-24,Store_A,Grocery,0,319.0
2022-09-25,Store_A,Grocery,0,242.38
2022-09-26,Store_A,Grocery,0,285.59
2022-09-27,Store_A,Grocery,0,352.72
2022-09-28,Store_A,Grocery,0,337.79
2022-09-29,Store_A,Grocery,0,343.53
2022-09-30,Store_A,Grocery,0,359.37
2022-10-01,Store_A,Grocery,0,389.34
2022-10-02,Store_A,Grocery,0,250.48
2022-10-03,Store_A,Grocery,1,437.2
2022-10-04,Store_A,Grocery,0,305.56
2022-10-05,Store_A,Grocery,0,330.66
2022-10-06,Store_A,Grocery,0,386.54
2022-10-07,Store_A,Grocery,0,387.03
2022-10-08,Store_A,Grocery,0,348.28
2022-10-09,Store_A,Grocery,0,343.88
2022-10-10,Store_A,Grocery,0,306.12
2022-10-11,Store_A,Grocery,0,386.15
2022-10-12,Store_A,Grocery,0,400.42
2022-10-13,Store_A,Grocery,0,388.37
2022-10-14,Store_A,Grocery,0,332.49
2022-10-15,Store_A,Grocery,0,341.12
2022-10-16,Store_A,Grocery,0,287.52
2022-10-17,Store_A,Grocery,0,371.53
2022-10-18,Store_A,Grocery,0,376.08
2022-10-19,Store_A,Grocery,0,411.64
2022-10-20,Store_A,Grocery,0,306.55
2022-10-21,Store_A,Grocery,0,371.26
2022-10-22,Store_A,Grocery,0,399.11
2022-10-23,Store_A,Grocery,0,282.42
2022-10-24,Store_A,Grocery,0,330.81
2022-10-25,Store_A,Grocery,0,424.39
2022-10-26,Store_A,Grocery,0,356.68
2022-10-27,Store_A,Grocery,0,336.91
2022-10-28,Store_A,Grocery,0,349.15
2022-10-29,Store_A,Grocery,1,522.98
2022-10-30,Store_A,Grocery,0,332.06
2022-10-31,Store_A,Grocery,0,373.4
2022-11-01,Store_A,Grocery,0,373.17
2022-11-02,Store_A,Grocery,0,350.19
2022-11-03,Store_A,Grocery,0,315.32
2022-11-04,Store_A,Grocery,0,448.23
2022-11-05,Store_A,Grocery,0,395.0
2022-11-06,Store_A,Grocery,0,334.94
2022-11-07,Store_A,Grocery,0,361.62
2022-11-08,Store_A,Grocery,0,370.18
2022-11-09,Store_A,Grocery,0,397.14
2022-11-10,Store_A,Grocery,0,347.53
2022-11-11,Store_A,Grocery,0,378.19
2022-11-12,Store_A,Grocery,0,417.28
2022-11-13,Store_A,Grocery,0,269.93
2022-11-14,Store_A,Grocery,0,331.19
2022-11-15,Store_A,Grocery,0,397.96
2022-11-16,Store_A,Grocery,0,420.2
2022-11-17,Store_A,Grocery,0,346.75
2022-11-18,Store_A,Grocery,0,372.66
2022-11-19,Store_A,Grocery,0,412.05
2022-11-20,Store_A,Grocery,0,338.48
2022-11-21,Store_A,Grocery,1,521.61
2022-11-22,Store_A,Grocery,0,419.3
2022-11-23,Store_A,Grocery,0,444.41
2022-11-24,Store_A,Grocery,0,377.18
2022-11-25,Store_A,Grocery,0,412.68
2022-11-26,Store_A,Grocery,0,367.01
2022-11-27,Store_A,Grocery,0,318.29
2022-11-28,Store_A,Grocery,0,373.19
2022-11-29,Store_A,Grocery,0,465.28
2022-11-30,Store_A,Grocery,0,408.9
2022-12-01,Store_A,Grocery,0,478.9
2022-12-02,Store_A,Grocery,0,463.9
2022-12-03,Store_A,Grocery,0,429.85
2022-12-04,Store_A,Grocery,0,351.08
2022-12-05,Store_A,Grocery,0,386.73
2022-12-06,Store_A,Grocery,0,415.22
2022-12-07,Store_A,Grocery,0,400.02
2022-12-08,Store_A,Grocery,0,391.43
2022-12-09,Store_A,Grocery,0,504.81
2022-12-10,Store_A,Grocery,0,443.0
2022-12-11,Store_A,Grocery,0,410.55
2022-12-12,Store_A,Grocery,1,484.44
2022-12-13,Store_A,Grocery,0,408.06
2022-12-14,Store_A,Grocery,0,453.2
2022-12-15,Store_A,Grocery,1,698.94
2022-12-16,Store_A,Grocery,0,661.41
2022-12-17,Store_A,Grocery,0,576.07
2022-12-18,Store_A,Grocery,0,494.81
2022-12-19,Store_A,Grocery,0,613.33
2022-12-20,Store_A,Grocery,0,697.07
2022-12-21,Store_A,Grocery,0,667.24
2022-12-22,Store_A,Grocery,1,748.47
2022-12-23,Store_A,Grocery,0,662.49
2022-12-24,Store_A,Grocery,0,638.19
2022-12-25,Store_A,Grocery,0,519.55
2022-12-26,Store_A,Grocery,0,582.99
2022-12-27,Store_A,Grocery,0,688.45
2022-12-28,Store_A,Grocery,0,623.52
2022-12-29,Store_A,Grocery,0,621.27
2022-12-30,Store_A,Grocery,0,704.51
2022-12-31,Store_A,Grocery,0,642.18
2023-01-01,Store_A,Grocery,0,381.59
2023-01-02,Store_A,Grocery,0,406.53
2023-01-03,Store_A,Grocery,0,480.79
2023-01-04,Store_A,Grocery,1,603.42
2023-01-05,Store_A,Grocery,0,415.14
2023-01-06,Store_A,Grocery,0,430.77
2023-01-07,Store_A,Grocery,0,386.66
2023-01-08,Store_A,Grocery,0,395.3
2023-01-09,Store_A,Grocery,0,432.46
2023-01-10,Store_A,Grocery,0,541.87
2023-01-11,Store_A,Grocery,0,473.89
2023-01-12,Store_A,Grocery,0,440.19
2023-01-13,Store_A,Grocery,0,485.25
2023-01-14,Store_A,Grocery,0,459.13
2023-01-15,Store_A,Grocery,0,375.26
2023-01-16,Store_A,Grocery,0,397.24
2023-01-17,Store_A,Grocery,0,463.55
2023-01-18,Store_A,Grocery,0,472.53
2023-01-19,Store_A,Grocery,0,444.0
2023-01-20,Store_A,Grocery,0,504.36
2023-01-21,Store_A,Grocery,0,450.05
2023-01-22,Store_A,Grocery,0,339.16
2023-01-23,Store_A,Grocery,0,402.66
2023-01-24,Store_A,Grocery,1,561.03
2023-01-25,Store_A,Grocery,0,474.95
2023-01-26,Store_A,Grocery,0,462.12
2023-01-27,Store_A,Grocery,0,479.78
2023-01-28,Store_A,Grocery,0,385.23
2023-01-29,Store_A,Grocery,0,342.01
2023-01-30,Store_A,Grocery,0,441.31
2023-01-31,Store_A,Grocery,0,455.33
2023-02-01,Store_A,Grocery,1,624.53
2023-02-02,Store_A,Grocery,0,448.52
2023-02-03,Store_A,Grocery,0,465.33
2023-02-04,Store_A,Grocery,0,427.91
2023-02-05,Store_A,Grocery,0,369.72
2023-02-06,Store_A,Grocery,1,529.07
2023-02-07,Store_A,Grocery,0,460.22
2023-02-08,Store_A,Grocery,0,500.61
2023-02-09,Store_A,Grocery,0,392.92
2023-02-10,Store_A,Grocery,0,429.17
2023-02-11,Store_A,Grocery,0,437.66
2023-02-12,Store_A,Grocery,0,394.09
2023-02-13,Store_A,Grocery,0,441.29
2023-02-14,Store_A,Grocery,1,541.97
2023-02-15,Store_A,Grocery,1,485.95
2023-02-16,Store_A,Grocery,0,419.66
2023-02-17,Store_A,Grocery,0,482.39
2023-02-18,Store_A,Grocery,0,440.36
2023-02-19,Store_A,Grocery,0,391.04
2023-02-20,Store_A,Grocery,0,451.05
2023-02-21,Store_A,Grocery,0,446.93
2023-02-22,Store_A,Grocery,0,446.96
2023-02-23,Store_A,Grocery,0,403.7
2023-02-24,Store_A,Grocery,0,419.94
2023-02-25,Store_A,Grocery,0,383.13
2023-02-26,Store_A,Grocery,0,345.02
2023-02-27,Store_A,Grocery,0,440.35
2023-02-28,Store_A,Grocery,0,468.35
2023-03-01,Store_A,Grocery,1,543.59
2023-03-02,Store_A,Grocery,0,496.49
2023-03-03,Store_A,Grocery,0,438.62
2023-03-04,Store_A,Grocery,0,471.5
2023-03-05,Store_A,Grocery,1,514.99
2023-03-06,Store_A,Grocery,0,414.83
2023-03-07,Store_A,Grocery,0,417.47
2023-03-08,Store_A,Grocery,0,436.61
2023-03-09,Store_A,Grocery,1,529.28
2023-03-10,Store_A,Grocery,1,511.28
2023-03-11,Store_A,Grocery,0,390.24
2023-03-12,Store_A,Grocery,0,318.71
2023-03-13,Store_A,Grocery,0,409.68
2023-03-14,Store_A,Grocery,0,470.27
2023-03-15,Store_A,Grocery,0,463.96
2023-03-16,Store_A,Grocery,1,547.63
2023-03-17,Store_A,Grocery,0,418.32
2023-03-18,Store_A,Grocery,0,403.07
2023-03-19,Store_A,Grocery,0,336.2
2023-03-20,Store_A,Grocery,0,398.56
2023-03-21,Store_A,Grocery,1,597.49
2023-03-22,Store_A,Grocery,0,410.96
2023-03-23,Store_A,Grocery,0,432.59
2023-03-24,Store_A,Grocery,0,483.67
2023-03-25,Store_A,Grocery,0,421.04
2023-03-26,Store_A,Grocery,0,323.37
2023-03-27,Store_A,Grocery,0,347.25
2023-03-28,Store_A,Grocery,0,379.86
2023-03-29,Store_A,Grocery,0,358.57
2023-03-30,Store_A,Grocery,0,385.76
2023-03-31,Store_A,Grocery,0,415.43
2023-04-01,Store_A,Grocery,0,422.85
2023-04-02,Store_A,Grocery,0,306.55
2023-04-03,Store_A,Grocery,0,359.29
2023-04-04,Store_A,Grocery,0,413.12
2023-04-05,Store_A,Grocery,0,428.49
2023-04-06,Store_A,Grocery,0,406.82
2023-04-07,Store_A,Grocery,0,420.23
2023-04-08,Store_A,Grocery,0,342.6
2023-04-09,Store_A,Grocery,0,328.3
2023-04-10,Store_A,Grocery,0,333.31
2023-04-11,Store_A,Grocery,0,433.88
2023-04-12,Store_A,Grocery,0,402.88
2023-04-13,Store_A,Grocery,0,380.37
2023-04-14,Store_A,Grocery,0,488.47
2023-04-15,Store_A,Grocery,0,398.76
2023-04-16,Store_A,Grocery,0,317.19
2023-04-17,Store_A,Grocery,0,339.44
2023-04-18,Store_A,Grocery,1,447.29
2023-04-19,Store_A,Grocery,0,384.8
2023-04-20,Store_A,Grocery,0,334.29
2023-04-21,Store_A,Grocery,0,447.56
2023-04-22,Store_A,Grocery,0,376.45
2023-04-23,Store_A,Grocery,0,333.03
2023-04-24,Store_A,Grocery,0,313.45
2023-04-25,Store_A,Grocery,1,450.89
2023-04-26,Store_A,Grocery,0,401.99
2023-04-27,Store_A,Grocery,0,322.41
2023-04-28,Store_A,Grocery,0,368.4
2023-04-29,Store_A,Grocery,0,409.09
2023-04-30,Store_A,Grocery,0,270.5
2023-05-01,Store_A,Grocery,0,276.53
2023-05-02,Store_A,Grocery,0,304.55
2023-05-03,Store_A,Grocery,1,424.73
2023-05-04,Store_A,Grocery,0,381.71
2023-05-05,Store_A,Grocery,0,354.12
2023-05-06,Store_A,Grocery,0,425.57
2023-05-07,Store_A,Grocery,1,427.11
2023-05-08,Store_A,Grocery,0,377.37
2023-05-09,Store_A,Grocery,0,384.63
2023-05-10,Store_A,Grocery,0,379.19
2023-05-11,Store_A,Grocery,0,303.75
2023-05-12,Store_A,Grocery,1,465.66
2023-05-13,Store_A,Grocery,0,354.83
2023-05-14,Store_A,Grocery,0,293.86
2023-05-15,Store_A,Grocery,0,264.94
2023-05-16,Store_A,Grocery,0,335.0
2023-05-17,Store_A,Grocery,0,347.25
2023-05-18,Store_A,Grocery,0,316.46
2023-05-19,Store_A,Grocery,0,318.63
2023-05-20,Store_A,Grocery,0,382.67
2023-05-21,Store_A,Grocery,0,245.74
2023-05-22,Store_A,Grocery,0,261.23
2023-05-23,Store_A,Grocery,0,392.99
2023-05-24,Store_A,Grocery,0,390.63
2023-05-25,Store_A,Grocery,0,315.61
2023-05-26,Store_A,Grocery,0,285.15
2023-05-27,Store_A,Grocery,0,298.07
2023-05-28,Store_A,Grocery,0,192.18
2023-05-29,Store_A,Grocery,0,300.11
2023-05-30,Store_A,Grocery,0,305.53
2023-05-31,Store_A,Grocery,0,330.78
2023-06-01,Store_A,Grocery,0,359.95
2023-06-02,Store_A,Grocery,0,314.48
2023-06-03,Store_A,Grocery,0,319.99
2023-06-04,Store_A,Grocery,0,260.55
2023-06-05,Store_A,Grocery,0,315.06
2023-06-06,Store_A,Grocery,1,415.48
2023-06-07,Store_A,Grocery,0,317.07
2023-06-08,Store_A,Grocery,0,287.13
2023-06-09,Store_A,Grocery,0,338.25
2023-06-10,Store_A,Grocery,0,345.66
2023-06-11,Store_A,Grocery,1,323.37
2023-06-12,Store_A,Grocery,0,189.06
2023-06-13,Store_A,Grocery,0,336.27
2023-06-14,Store_A,Grocery,0,318.8
2023-06-15,Store_A,Grocery,0,304.33
2023-06-16,Store_A,Grocery,1,372.75
2023-06-17,Store_A,Grocery,0,273.32
2023-06-18,Store_A,Grocery,0,247.51
2023-06-19,Store_A,Grocery,0,220.75
2023-06-20,Store_A,Grocery,0,316.51
2023-06-21,Store_A,Grocery,0,309.43
2023-06-22,Store_A,Grocery,0,257.81
2023-06-23,Store_A,Grocery,0,287.48
2023-06-24,Store_A,Grocery,0,251.94
2023-06-25,Store_A,Grocery,0,218.3
2023-06-26,Store_A,Grocery,0,262.0
2023-06-27,Store_A,Grocery,0,284.34
2023-06-28,Store_A,Grocery,0,270.83
2023-06-29,Store_A,Grocery,0,181.99
2023-06-30,Store_A,Grocery,0,323.42
2023-07-01,Store_A,Grocery,0,309.92
2023-07-02,Store_A,Grocery,0,232.18
2023-07-03,Store_A,Grocery,1,423.07
2023-07-04,Store_A,Grocery,0,286.43
2023-07-05,Store_A,Grocery,1,450.65
2023-07-06,Store_A,Grocery,0,252.4
2023-07-07,Store_A,Grocery,0,279.9
2023-07-08,Store_A,Grocery,0,281.34
2023-07-09,Store_A,Grocery,0,261.85
2023-07-10,Store_A,Grocery,0,239.89
2023-07-11,Store_A,Grocery,0,238.93
2023-07-12,Store_A,Grocery,0,328.2
2023-07-13,Store_A,Grocery,0,268.59
2023-07-14,Store_A,Grocery,0,313.48
2023-07-15,Store_A,Grocery,0,251.01
2023-07-16,Store_A,Grocery,0,211.0
2023-07-17,Store_A,Grocery,0,201.09
2023-07-18,Store_A,Grocery,0,349.26
2023-07-19,Store_A,Grocery,0,333.43
2023-07-20,Store_A,Grocery,0,272.34
2023-07-21,Store_A,Grocery,0,330.69
2023-07-22,Store_A,Grocery,0,253.92
2023-07-23,Store_A,Grocery,0,240.37
2023-07-24,Store_A,Grocery,0,236.72
2023-07-25,Store_A,Grocery,0,275.21
2023-07-26,Store_A,Grocery,0,267.43
2023-07-27,Store_A,Grocery,0,284.23
2023-07-28,Store_A,Grocery,0,304.29
2023-07-29,Store_A,Grocery,0,321.44
2023-07-30,Store_A,Grocery,0,173.27
2023-07-31,Store_A,Grocery,0,262.61
2023-08-01,Store_A,Grocery,0,328.2
2023-08-02,Store_A,Grocery,0,384.1
2023-08-03,Store_A,Grocery,0,278.43
2023-08-04,Store_A,Grocery,0,293.86
2023-08-05,Store_A,Grocery,0,283.04
2023-08-06,Store_A,Grocery,0,252.83
2023-08-07,Store_A,Grocery,0,293.89
2023-08-08,Store_A,Grocery,0,288.34
2023-08-09,Store_A,Grocery,0,344.85
2023-08-10,Store_A,Grocery,0,274.32
2023-08-11,Store_A,Grocery,0,335.78
2023-08-12,Store_A,Grocery,0,298.64
2023-08-13,Store_A,Grocery,0,200.76
2023-08-14,Store_A,Grocery,0,224.77
2023-08-15,Store_A,Grocery,0,335.59
2023-08-16,Store_A,Grocery,0,356.16
2023-08-17,Store_A,Grocery,0,292.38
2023-08-18,Store_A,Grocery,0,312.05
2023-08-19,Store_A,Grocery,0,247.11
2023-08-20,Store_A,Grocery,0,256.81
2023-08-21,Store_A,Grocery,1,372.85
2023-08-22,Store_A,Grocery,0,292.68
2023-08-23,Store_A,Grocery,0,340.27
2023-08-24,Store_A,Grocery,0,240.91
2023-08-25,Store_A,Grocery,0,285.89
2023-08-26,Store_A,Grocery,1,373.13
2023-08-27,Store_A,Grocery,0,240.81
2023-08-28,Store_A,Grocery,0,271.53
2023-08-29,Store_A,Grocery,0,327.93
2023-08-30,Store_A,Grocery,0,354.39
2023-08-31,Store_A,Grocery,0,313.04
2023-09-01,Store_A,Grocery,0,386.83
2023-09-02,Store_A,Grocery,0,333.96
2023-09-03,Store_A,Grocery,0,227.17
2023-09-04,Store_A,Grocery,0,255.42
2023-09-05,Store_A,Grocery,0,311.64
2023-09-06,Store_A,Grocery,0,348.8
2023-09-07,Store_A,Grocery,0,284.59
2023-09-08,Store_A,Grocery,0,356.79
2023-09-09,Store_A,Grocery,1,429.82
2023-09-10,Store_A,Grocery,0,208.66
2023-09-11,Store_A,Grocery,0,316.22
2023-09-12,Store_A,Grocery,0,334.75
2023-09-13,Store_A,Grocery,0,393.84
2023-09-14,Store_A,Grocery,0,306.6
2023-09-15,Store_A,Grocery,0,331.54
2023-09-16,Store_A,Grocery,0,280.31
2023-09-17,Store_A,Grocery,0,213.21
2023-09-18,Store_A,Grocery,1,424.78
2023-09-19,Store_A,Grocery,0,387.49
2023-09-20,Store_A,Grocery,0,339.9
2023-09-21,Store_A,Grocery,0,311.05
2023-09-22,Store_A,Grocery,1,457.07
2023-09-23,Store_A,Grocery,1,465.82
2023-09-24,Store_A,Grocery,0,227.38
2023-09-25,Store_A,Grocery,0,307.35
2023-09-26,Store_A,Grocery,0,373.39
2023-09-27,Store_A,Grocery,0,369.47
2023-09-28,Store_A,Grocery,0,238.66
2023-09-29,Store_A,Grocery,0,382.89
2023-09-30,Store_A,Grocery,0,350.82
2023-10-01,Store_A,Grocery,0,312.39
2023-10-02,Store_A,Grocery,0,362.3
2023-10-03,Store_A,Grocery,0,394.81
2023-10-04,Store_A,Grocery,0,366.09
2023-10-05,Store_A,Grocery,0,284.97
2023-10-06,Store_A,Grocery,0,442.0
2023-10-07,Store_A,Grocery,0,339.14
2023-10-08,Store_A,Grocery,0,279.87
2023-10-09,Store_A,Grocery,0,375.75
2023-10-10,Store_A,Grocery,1,442.75
2023-10-11,Store_A,Grocery,0,331.6
2023-10-12,Store_A,Grocery,1,437.99
2023-10-13,Store_A,Grocery,0,359.89
2023-10-14,Store_A,Grocery,0,310.14
2023-10-15,Store_A,Grocery,0,286.78
2023-10-16,Store_A,Grocery,0,334.41
2023-10-17,Store_A,Grocery,1,430.61
2023-10-18,Store_A,Grocery,1,479.57
2023-10-19,Store_A,Grocery,0,334.64
2023-10-20,Store_A,Grocery,0,332.62
2023-10-21,Store_A,Grocery,0,370.77
2023-10-22,Store_A,Grocery,0,307.61
2023-10-23,Store_A,Grocery,0,318.5
2023-10-24,Store_A,Grocery,0,420.17
2023-10-25,Store_A,Grocery,0,397.53
2023-10-26,Store_A,Grocery,0,347.28
2023-10-27,Store_A,Grocery,0,355.59
2023-10-28,Store_A,Grocery,0,386.93
2023-10-29,Store_A,Grocery,0,328.42
2023-10-30,Store_A,Grocery,0,338.43
2023-10-31,Store_A,Grocery,0,401.15
2023-11-01,Store_A,Grocery,1,564.4
2023-11-02,Store_A,Grocery,0,410.6
2023-11-03,Store_A,Grocery,0,345.97
2023-11-04,Store_A,Grocery,0,365.97
2023-11-05,Store_A,Grocery,0,318.68
2023-11-06,Store_A,Grocery,0,367.66
2023-11-07,Store_A,Grocery,0,412.85
2023-11-08,Store_A,Grocery,0,433.32
2023-11-09,Store_A,Grocery,0,389.16
2023-11-10,Store_A,Grocery,0,427.38
2023-11-11,Store_A,Grocery,0,431.13
2023-11-12,Store_A,Grocery,0,343.04
2023-11-13,Store_A,Grocery,0,338.69
2023-11-14,Store_A,Grocery,1,525.54
2023-11-15,Store_A,Grocery,0,425.36
2023-11-16,Store_A,Grocery,0,341.72
2023-11-17,Store_A,Grocery,1,546.41
2023-11-18,Store_A,Grocery,0,377.13
2023-11-19,Store_A,Grocery,0,375.52
2023-11-20,Store_A,Grocery,0,399.98
2023-11-21,Store_A,Grocery,0,389.37
2023-11-22,Store_A,Grocery,0,469.48
2023-11-23,Store_A,Grocery,0,458.11
2023-11-24,Store_A,Grocery,0,438.98
2023-11-25,Store_A,Grocery,0,415.96
2023-11-26,Store_A,Grocery,0,380.07
2023-11-27,Store_A,Grocery,0,438.09
2023-11-28,Store_A,Grocery,0,383.64
2023-11-29,Store_A,Grocery,0,413.55
2023-11-30,Store_A,Grocery,0,408.8
2023-12-01,Store_A,Grocery,0,446.28
2023-12-02,Store_A,Grocery,0,454.75
2023-12-03,Store_A,Grocery,1,509.26
2023-12-04,Store_A,Grocery,0,449.91
2023-12-05,Store_A,Grocery,1,495.69
2023-12-06,Store_A,Grocery,0,431.43
2023-12-07,Store_A,Grocery,0,390.52
2023-12-08,Store_A,Grocery,0,445.4
2023-12-09,Store_A,Grocery,0,411.33
2023-12-10,Store_A,Grocery,0,384.56
2023-12-11,Store_A,Grocery,1,534.27
2023-12-12,Store_A,Grocery,0,454.44
2023-12-13,Store_A,Grocery,1,566.44
2023-12-14,Store_A,Grocery,0,426.17
2023-12-15,Store_A,Grocery,1,762.66
2023-12-16,Store_A,Grocery,0,691.87
2023-12-17,Store_A,Grocery,0,595.56
2023-12-18,Store_A,Grocery,0,603.65
2023-12-19,Store_A,Grocery,0,652.57
2023-12-20,Store_A,Grocery,0,681.54
2023-12-21,Store_A,Grocery,0,600.92
2023-12-22,Store_A,Grocery,0,678.08
2023-12-23,Store_A,Grocery,0,666.86
2023-12-24,Store_A,Grocery,0,595.24
2023-12-25,Store_A,Grocery,0,594.78
2023-12-26,Store_A,Grocery,1,745.61
2023-12-27,Store_A,Grocery,0,608.23
2023-12-28,Store_A,Grocery,0,669.42
2023-12-29,Store_A,Grocery,0,746.08
2023-12-30,Store_A,Grocery,0,621.3
2023-12-31,Store_A,Grocery,0,619.63
2024-01-01,Store_A,Grocery,0,493.89
2024-01-02,Store_A,Grocery,0,456.34
2024-01-03,Store_A,Grocery,0,478.61
2024-01-04,Store_A,Grocery,0,462.68
2024-01-05,Store_A,Grocery,0,503.0
2024-01-06,Store_A,Grocery,0,470.14
2024-01-07,Store_A,Grocery,0,379.88
2024-01-08,Store_A,Grocery,0,453.88
2024-01-09,Store_A,Grocery,0,462.71
2024-01-10,Store_A,Grocery,0,497.38
2024-01-11,Store_A,Grocery,0,456.38
2024-01-12,Store_A,Grocery,0,432.89
2024-01-13,Store_A,Grocery,0,503.67
2024-01-14,Store_A,Grocery,0,375.6
2024-01-15,Store_A,Grocery,0,480.51
2024-01-16,Store_A,Grocery,0,511.02
2024-01-17,Store_A,Grocery,0,494.17
2024-01-18,Store_A,Grocery,0,475.86
2024-01-19,Store_A,Grocery,0,512.89
2024-01-20,Store_A,Grocery,0,457.47
2024-01-21,Store_A,Grocery,0,391.08
2024-01-22,Store_A,Grocery,0,455.98
2024-01-23,Store_A,Grocery,0,381.79
2024-01-24,Store_A,Grocery,0,486.78
2024-01-25,Store_A,Grocery,0,446.58
2024-01-26,Store_A,Grocery,0,466.9
2024-01-27,Store_A,Grocery,0,477.02
2024-01-28,Store_A,Grocery,0,375.34
2024-01-29,Store_A,Grocery,0,464.25
2024-01-30,Store_A,Grocery,0,507.68
2024-01-31,Store_A,Grocery,0,503.21
2024-02-01,Store_A,Grocery,1,585.74
2024-02-02,Store_A,Grocery,0,507.58
2024-02-03,Store_A,Grocery,0,488.4
2024-02-04,Store_A,Grocery,0,418.63
2024-02-05,Store_A,Grocery,0,445.86
2024-02-06,Store_A,Grocery,0,509.52
2024-02-07,Store_A,Grocery,0,479.09
2024-02-08,Store_A,Grocery,0,431.64
2024-02-09,Store_A,Grocery,1,566.53
2024-02-10,Store_A,Grocery,0,449.68
2024-02-11,Store_A,Grocery,0,329.7
2024-02-12,Store_A,Grocery,1,542.32
2024-02-13,Store_A,Grocery,0,492.93
2024-02-14,Store_A,Grocery,1,615.45
2024-02-15,Store_A,Grocery,1,504.01
2024-02-16,Store_A,Grocery,0,459.74
2024-02-17,Store_A,Grocery,0,482.71
2024-02-18,Store_A,Grocery,0,380.83
2024-02-19,Store_A,Grocery,0,447.75
2024-02-20,Store_A,Grocery,0,426.77
2024-02-21,Store_A,Grocery,0,520.58
2024-02-22,Store_A,Grocery,0,404.93
2024-02-23,Store_A,Grocery,0,381.43
2024-02-24,Store_A,Grocery,0,456.61
2024-02-25,Store_A,Grocery,0,388.66
2024-02-26,Store_A,Grocery,0,405.68
2024-02-27,Store_A,Grocery,0,476.93
2024-02-28,Store_A,Grocery,0,487.02
2024-02-29,Store_A,Grocery,0,454.3
2024-03-01,Store_A,Grocery,0,456.95
2024-03-02,Store_A,Grocery,0,421.82
2024-03-03,Store_A,Grocery,0,362.17
2024-03-04,Store_A,Grocery,1,492.4
2024-03-05,Store_A,Grocery,1,595.2
2024-03-06,Store_A,Grocery,0,453.12
2024-03-07,Store_A,Grocery,0,439.63
2024-03-08,Store_A,Grocery,1,597.21
2024-03-09,Store_A,Grocery,0,408.98
2024-03-10,Store_A,Grocery,0,324.35
2024-03-11,Store_A,Grocery,0,380.99
2024-03-12,Store_A,Grocery,0,455.66
2024-03-13,Store_A,Grocery,0,462.3
2024-03-14,Store_A,Grocery,0,439.38
2024-03-15,Store_A,Grocery,0,455.01
2024-03-16,Store_A,Grocery,0,349.76
2024-03-17,Store_A,Grocery,0,355.47
2024-03-18,Store_A,Grocery,0,430.62
2024-03-19,Store_A,Grocery,0,478.81
2024-03-20,Store_A,Grocery,0,450.28
2024-03-21,Store_A,Grocery,0,424.39
2024-03-22,Store_A,Grocery,0,469.56
2024-03-23,Store_A,Grocery,1,563.22
2024-03-24,Store_A,Grocery,0,350.83
2024-03-25,Store_A,Grocery,0,409.66
2024-03-26,Store_A,Grocery,0,411.53
2024-03-27,Store_A,Grocery,0,398.42
2024-03-28,Store_A,Grocery,1,497.85
2024-03-29,Store_A,Grocery,0,487.27
2024-03-30,Store_A,Grocery,0,430.75
2024-03-31,Store_A,Grocery,0,304.14
2024-04-01,Store_A,Grocery,0,402.18
2024-04-02,Store_A,Grocery,0,384.78
2024-04-03,Store_A,Grocery,0,440.45
2024-04-04,Store_A,Grocery,0,369.31
2024-04-05,Store_A,Grocery,0,391.39
2024-04-06,Store_A,Grocery,0,453.84
2024-04-07,Store_A,Grocery,0,320.34
2024-04-08,Store_A,Grocery,0,389.8
2024-04-09,Store_A,Grocery,1,514.7
2024-04-10,Store_A,Grocery,0,385.35
2024-04-11,Store_A,Grocery,0,380.86
2024-04-12,Store_A,Grocery,0,387.34
2024-04-13,Store_A,Grocery,0,468.43
2024-04-14,Store_A,Grocery,1,450.05
2024-04-15,Store_A,Grocery,0,360.42
2024-04-16,Store_A,Grocery,0,416.61
2024-04-17,Store_A,Grocery,0,430.6
2024-04-18,Store_A,Grocery,0,401.04
2024-04-19,Store_A,Grocery,0,430.92
2024-04-20,Store_A,Grocery,0,398.62
2024-04-21,Store_A,Grocery,0,313.21
2024-04-22,Store_A,Grocery,0,399.37
2024-04-23,Store_A,Grocery,0,393.52
2024-04-24,Store_A,Grocery,0,398.33
2024-04-25,Store_A,Grocery,1,476.65
2024-04-26,Store_A,Grocery,0,406.3
2024-04-27,Store_A,Grocery,0,316.68
2024-04-28,Store_A,Grocery,1,376.31
2024-04-29,Store_A,Grocery,0,335.02
2024-04-30,Store_A,Grocery,0,324.11
2024-05-01,Store_A,Grocery,0,386.73
2024-05-02,Store_A,Grocery,0,363.91
2024-05-03,Store_A,Grocery,1,450.83
2024-05-04,Store_A,Grocery,0,338.12
2024-05-05,Store_A,Grocery,0,330.36
2024-05-06,Store_A,Grocery,0,346.0
2024-05-07,Store_A,Grocery,0,383.25
2024-05-08,Store_A,Grocery,0,412.68
2024-05-09,Store_A,Grocery,0,319.68
2024-05-10,Store_A,Grocery,0,336.58
2024-05-11,Store_A,Grocery,0,379.96
2024-05-12,Store_A,Grocery,0,276.01
2024-05-13,Store_A,Grocery,1,394.56
2024-05-14,Store_A,Grocery,0,424.85
2024-05-15,Store_A,Grocery,0,313.32
2024-05-16,Store_A,Grocery,0,342.04
2024-05-17,Store_A,Grocery,0,361.35
2024-05-18,Store_A,Grocery,0,326.4
2024-05-19,Store_A,Grocery,0,196.8
2024-05-20,Store_A,Grocery,1,461.83
2024-05-21,Store_A,Grocery,0,301.03
2024-05-22,Store_A,Grocery,1,451.35
2024-05-23,Store_A,Grocery,0,312.62
2024-05-24,Store_A,Grocery,0,377.27
2024-05-25,Store_A,Grocery,0,276.79
2024-05-26,Store_A,Grocery,0,274.52
2024-05-27,Store_A,Grocery,0,305.06
2024-05-28,Store_A,Grocery,0,316.79
2024-05-29,Store_A,Grocery,0,360.96
2024-05-30,Store_A,Grocery,0,318.4
2024-05-31,Store_A,Grocery,0,408.1
2024-06-01,Store_A,Grocery,0,313.95
2024-06-02,Store_A,Grocery,0,219.95
2024-06-03,Store_A,Grocery,0,305.9
2024-06-04,Store_A,Grocery,0,319.9
2024-06-05,Store_A,Grocery,1,442.99
2024-06-06,Store_A,Grocery,0,269.15
2024-06-07,Store_A,Grocery,0,361.25
2024-06-08,Store_A,Grocery,0,297.14
2024-06-09,Store_A,Grocery,0,252.07
2024-06-10,Store_A,Grocery,1,455.31
2024-06-11,Store_A,Grocery,0,314.71
2024-06-12,Store_A,Grocery,0,356.0
2024-06-13,Store_A,Grocery,0,296.84
2024-06-14,Store_A,Grocery,1,417.57
2024-06-15,Store_A,Grocery,0,348.58
2024-06-16,Store_A,Grocery,0,176.13
2024-06-17,Store_A,Grocery,0,309.33
2024-06-18,Store_A,Grocery,0,252.37
2024-06-19,Store_A,Grocery,0,354.63
2024-06-20,Store_A,Grocery,0,297.16
2024-06-21,Store_A,Grocery,0,297.79
2024-06-22,Store_A,Grocery,1,390.68
2024-06-23,Store_A,Grocery,0,253.53
2024-06-24,Store_A,Grocery,0,335.42
2024-06-25,Store_A,Grocery,0,260.32
2024-06-26,Store_A,Grocery,0,291.33
2024-06-27,Store_A,Grocery,0,248.54
2024-06-28,Store_A,Grocery,0,317.9
2024-06-29,Store_A,Grocery,0,325.29
2024-06-30,Store_A,Grocery,0,179.66
2024-07-01,Store_A,Grocery,0,266.55
2024-07-02,Store_A,Grocery,0,335.92
2024-07-03,Store_A,Grocery,0,302.98
2024-07-04,Store_A,Grocery,1,307.43
2024-07-05,Store_A,Grocery,0,326.97
2024-07-06,Store_A,Grocery,0,332.13
2024-07-07,Store_A,Grocery,0,188.82
2024-07-08,Store_A,Grocery,0,206.13
2024-07-09,Store_A,Grocery,0,314.65
2024-07-10,Store_A,Grocery,1,429.31
2024-07-11,Store_A,Grocery,1,373.76
2024-07-12,Store_A,Grocery,0,296.27
2024-07-13,Store_A,Grocery,0,290.98
2024-07-14,Store_A,Grocery,0,186.39
2024-07-15,Store_A,Grocery,0,226.92
2024-07-16,Store_A,Grocery,1,428.8
2024-07-17,Store_A,Grocery,0,275.31
2024-07-18,Store_A,Grocery,0,228.34
2024-07-19,Store_A,Grocery,0,295.22
2024-07-20,Store_A,Grocery,0,273.98
2024-07-21,Store_A,Grocery,0,236.13
2024-07-22,Store_A,Grocery,0,242.37
2024-07-23,Store_A,Grocery,0,348.72
2024-07-24,Store_A,Grocery,0,315.38
2024-07-25,Store_A,Grocery,0,258.31
2024-07-26,Store_A,Grocery,0,331.18
2024-07-27,Store_A,Grocery,0,335.15
2024-07-28,Store_A,Grocery,1,346.96
2024-07-29,Store_A,Grocery,0,213.84
2024-07-30,Store_A,Grocery,0,291.1
2024-07-31,Store_A,Grocery,0,322.01
2024-08-01,Store_A,Grocery,0,305.75
2024-08-02,Store_A,Grocery,0,313.27
2024-08-03,Store_A,Grocery,0,281.01
2024-08-04,Store_A,Grocery,0,282.19
2024-08-05,Store_A,Grocery,0,286.54
2024-08-06,Store_A,Grocery,0,319.67
2024-08-07,Store_A,Grocery,0,298.31
2024-08-08,Store_A,Grocery,0,253.04
2024-08-09,Store_A,Grocery,0,336.45
2024-08-10,Store_A,Grocery,0,319.88
2024-08-11,Store_A,Grocery,0,226.97
2024-08-12,Store_A,Grocery,0,290.12
2024-08-13,Store_A,Grocery,0,332.24
2024-08-14,Store_A,Grocery,0,347.9
2024-08-15,Store_A,Grocery,1,347.49
2024-08-16,Store_A,Grocery,0,314.77
2024-08-17,Store_A,Grocery,0,315.21
2024-08-18,Store_A,Grocery,1,337.32
2024-08-19,Store_A,Grocery,0,295.82
2024-08-20,Store_A,Grocery,0,328.21
2024-08-21,Store_A,Grocery,0,255.38
2024-08-22,Store_A,Grocery,0,333.71
2024-08-23,Store_A,Grocery,0,316.21
2024-08-24,Store_A,Grocery,0,276.46
2024-08-25,Store_A,Grocery,0,271.88
2024-08-26,Store_A,Grocery,0,299.05
2024-08-27,Store_A,Grocery,0,359.97
2024-08-28,Store_A,Grocery,0,340.07
2024-08-29,Store_A,Grocery,1,396.42
2024-08-30,Store_A,Grocery,0,342.96
2024-08-31,Store_A,Grocery,0,277.73
2024-09-01,Store_A,Grocery,0,200.3
2024-09-02,Store_A,Grocery,0,265.53
2024-09-03,Store_A,Grocery,1,481.56
2024-09-04,Store_A,Grocery,0,321.44
2024-09-05,Store_A,Grocery,0,256.35
2024-09-06,Store_A,Grocery,0,340.79
2024-09-07,Store_A,Grocery,0,301.06
2024-09-08,Store_A,Grocery,0,288.41
2024-09-09,Store_A,Grocery,0,341.02
2024-09-10,Store_A,Grocery,0,322.38
2024-09-11,Store_A,Grocery,0,355.55
2024-09-12,Store_A,Grocery,0,331.38
2024-09-13,Store_A,Grocery,1,456.76
2024-09-14,Store_A,Grocery,0,320.0
2024-09-15,Store_A,Grocery,0,230.79
2024-09-16,Store_A,Grocery,0,242.8
2024-09-17,Store_A,Grocery,0,314.58
2024-09-18,Store_A,Grocery,0,353.46
2024-09-19,Store_A,Grocery,0,282.28
2024-09-20,Store_A,Grocery,0,370.38
2024-09-21,Store_A,Grocery,0,339.15
2024-09-22,Store_A,Grocery,1,356.57
2024-09-23,Store_A,Grocery,0,303.58
2024-09-24,Store_A,Grocery,0,312.25
2024-09-25,Store_A,Grocery,1,496.93
2024-09-26,Store_A,Grocery,0,365.66
2024-09-27,Store_A,Grocery,0,336.3
2024-09-28,Store_A,Grocery,0,310.48
2024-09-29,Store_A,Grocery,0,250.67
2024-09-30,Store_A,Grocery,0,340.56
2024-10-01,Store_A,Grocery,0,375.86
2024-10-02,Store_A,Grocery,0,410.39
2024-10-03,Store_A,Grocery,0,387.75
2024-10-04,Store_A,Grocery,1,438.38
2024-10-05,Store_A,Grocery,0,374.26
2024-10-06,Store_A,Grocery,0,327.67
2024-10-07,Store_A,Grocery,0,322.48
2024-10-08,Store_A,Grocery,0,374.79
2024-10-09,Store_A,Grocery,0,381.49
2024-10-10,Store_A,Grocery,0,356.32
2024-10-11,Store_A,Grocery,0,421.9
2024-10-12,Store_A,Grocery,0,425.36
2024-10-13,Store_A,Grocery,0,347.02
2024-10-14,Store_A,Grocery,0,328.02
2024-10-15,Store_A,Grocery,0,395.18
2024-10-16,Store_A,Grocery,0,372.78
2024-10-17,Store_A,Grocery,0,349.28
2024-10-18,Store_A,Grocery,0,404.01
2024-10-19,Store_A,Grocery,0,356.4
2024-10-20,Store_A,Grocery,0,294.46
2024-10-21,Store_A,Grocery,0,363.35
2024-10-22,Store_A,Grocery,0,414.07
2024-10-23,Store_A,Grocery,0,424.81
2024-10-24,Store_A,Grocery,0,398.61
2024-10-25,Store_A,Grocery,0,377.19
2024-10-26,Store_A,Grocery,0,366.08
2024-10-27,Store_A,Grocery,0,325.76
2024-10-28,Store_A,Grocery,0,401.65
2024-10-29,Store_A,Grocery,0,485.85
2024-10-30,Store_A,Grocery,0,430.53
2024-10-31,Store_A,Grocery,0,417.56
2024-11-01,Store_A,Grocery,0,385.06
2024-11-02,Store_A,Grocery,0,424.53
2024-11-03,Store_A,Grocery,0,400.37
2024-11-04,Store_A,Grocery,0,352.92
2024-11-05,Store_A,Grocery,1,506.19
2024-11-06,Store_A,Grocery,0,459.58
2024-11-07,Store_A,Grocery,1,509.88
2024-11-08,Store_A,Grocery,1,481.08
2024-11-09,Store_A,Grocery,0,396.84
2024-11-10,Store_A,Grocery,0,393.35
2024-11-11,Store_A,Grocery,0,379.53
2024-11-12,Store_A,Grocery,1,525.66
2024-11-13,Store_A,Grocery,0,467.98
2024-11-14,Store_A,Grocery,0,426.69
2024-11-15,Store_A,Grocery,0,439.22
2024-11-16,Store_A,Grocery,0,403.42
2024-11-17,Store_A,Grocery,0,452.65
2024-11-18,Store_A,Grocery,0,439.35
2024-11-19,Store_A,Grocery,0,456.64
2024-11-20,Store_A,Grocery,0,470.22
2024-11-21,Store_A,Grocery,0,421.63
2024-11-22,Store_A,Grocery,0,470.62
2024-11-23,Store_A,Grocery,0,425.74
2024-11-24,Store_A,Grocery,0,338.93
2024-11-25,Store_A,Grocery,0,420.55
2024-11-26,Store_A,Grocery,0,440.4
2024-11-27,Store_A,Grocery,0,475.6
2024-11-28,Store_A,Grocery,0,454.83
2024-11-29,Store_A,Grocery,0,484.66
2024-11-30,Store_A,Grocery,0,412.29
2024-12-01,Store_A,Grocery,0,362.12
2024-12-02,Store_A,Grocery,0,407.98
2024-12-03,Store_A,Grocery,1,595.15
2024-12-04,Store_A,Grocery,0,500.52
2024-12-05,Store_A,Grocery,0,420.66
2024-12-06,Store_A,Grocery,0,436.85
2024-12-07,Store_A,Grocery,0,529.62
2024-12-08,Store_A,Grocery,0,397.99
2024-12-09,Store_A,Grocery,1,484.9
2024-12-10,Store_A,Grocery,0,449.05
2024-12-11,Store_A,Grocery,0,511.7
2024-12-12,Store_A,Grocery,0,519.29
2024-12-13,Store_A,Grocery,0,546.12
2024-12-14,Store_A,Grocery,0,470.83
2024-12-15,Store_A,Grocery,0,500.53
2024-12-16,Store_A,Grocery,0,627.91
2024-12-17,Store_A,Grocery,0,636.43
2024-12-18,Store_A,Grocery,0,683.12
2024-12-19,Store_A,Grocery,0,623.99
2024-12-20,Store_A,Grocery,0,673.57
2024-12-21,Store_A,Grocery,0,687.44
2024-12-22,Store_A,Grocery,0,584.77
2024-12-23,Store_A,Grocery,0,624.11
2024-12-24,Store_A,Grocery,0,673.64
2024-12-25,Store_A,Grocery,1,875.24
2024-12-26,Store_A,Grocery,0,622.51
2024-12-27,Store_A,Grocery,0,701.35
2024-12-28,Store_A,Grocery,0,721.92
2024-12-29,Store_A,Grocery,0,595.73
2024-12-30,Store_A,Grocery,0,678.51
2024-12-31,Store_A,Grocery,0,637.12
2021-01-01,Store_A,Electronics,0,268.54
2021-01-02,Store_A,Electronics,0,239.64
2021-01-03,Store_A,Electronics,0,212.88
2021-01-04,Store_A,Electronics,0,238.63
2021-01-05,Store_A,Electronics,1,329.97
2021-01-06,Store_A,Electronics,0,288.24
2021-01-07,Store_A,Electronics,0,209.29
2021-01-08,Store_A,Electronics,1,326.58
2021-01-09,Store_A,Electronics,0,261.87
2021-01-10,Store_A,Electronics,0,178.51
2021-01-11,Store_A,Electronics,0,253.66
2021-01-12,Store_A,Electronics,0,253.99
2021-01-13,Store_A,Electronics,0,269.14
2021-01-14,Store_A,Electronics,0,273.61
2021-01-15,Store_A,Electronics,0,301.54
2021-01-16,Store_A,Electronics,1,335.89
2021-01-17,Store_A,Electronics,0,194.39
2021-01-18,Store_A,Electronics,1,318.23
2021-01-19,Store_A,Electronics,0,280.71
2021-01-20,Store_A,Electronics,1,346.73
2021-01-21,Store_A,Electronics,0,285.43
2021-01-22,Store_A,Electronics,0,278.24
2021-01-23,Store_A,Electronics,0,287.47
2021-01-24,Store_A,Electronics,0,245.5
2021-01-25,Store_A,Electronics,0,256.38
2021-01-26,Store_A,Electronics,0,273.33
2021-01-27,Store_A,Electronics,0,282.79
2021-01-28,Store_A,Electronics,0,290.14
2021-01-29,Store_A,Electronics,0,297.71
2021-01-30,Store_A,Electronics,0,238.21
2021-01-31,Store_A,Electronics,0,224.87
2021-02-01,Store_A,Electronics,0,224.84
2021-02-02,Store_A,Electronics,0,253.61
2021-02-03,Store_A,Electronics,0,265.25
2021-02-04,Store_A,Electronics,0,227.05
2021-02-05,Store_A,Electronics,0,257.03
2021-02-06,Store_A,Electronics,0,288.04
2021-02-07,Store_A,Electronics,0,202.44
2021-02-08,Store_A,Electronics,0,257.45
2021-02-09,Store_A,Electronics,0,268.54
2021-02-10,Store_A,Electronics,0,282.07
2021-02-11,Store_A,Electronics,0,265.33
2021-02-12,Store_A,Electronics,0,254.34
2021-02-13,Store_A,Electronics,0,272.62
2021-02-14,Store_A,Electronics,0,188.84
2021-02-15,Store_A,Electronics,0,224.21
2021-02-16,Store_A,Electronics,0,274.43
2021-02-17,Store_A,Electronics,0,248.41
2021-02-18,Store_A,Electronics,1,275.61
2021-02-19,Store_A,Electronics,0,277.66
2021-02-20,Store_A,Electronics,1,285.62
2021-02-21,Store_A,Electronics,0,224.23
2021-02-22,Store_A,Electronics,0,229.16
2021-02-23,Store_A,Electronics,0,266.44
2021-02-24,Store_A,Electronics,0,271.75
2021-02-25,Store_A,Electronics,0,262.74
2021-02-26,Store_A,Electronics,0,279.57
2021-02-27,Store_A,Electronics,0,229.14
2021-02-28,Store_A,Electronics,1,266.22
2021-03-01,Store_A,Electronics,0,238.23
2021-03-02,Store_A,Electronics,0,284.63
2021-03-03,Store_A,Electronics,0,274.04
2021-03-04,Store_A,Electronics,0,270.26
2021-03-05,Store_A,Electronics,1,335.04
2021-03-06,Store_A,Electronics,0,267.18
2021-03-07,Store_A,Electronics,0,207.89
2021-03-08,Store_A,Electronics,0,248.18
2021-03-09,Store_A,Electronics,0,244.6
2021-03-10,Store_A,Electronics,0,288.41
2021-03-11,Store_A,Electronics,0,249.14
2021-03-12,Store_A,Electronics,0,230.69
2021-03-13,Store_A,Electronics,0,248.01
2021-03-14,Store_A,Electronics,0,156.12
2021-03-15,Store_A,Electronics,0,234.92
2021-03-16,Store_A,Electronics,0,264.4
2021-03-17,Store_A,Electronics,1,355.21
2021-03-18,Store_A,Electronics,0,223.94
2021-03-19,Store_A,Electronics,0,292.77
2021-03-20,Store_A,Electronics,0,235.51
2021-03-21,Store_A,Electronics,0,177.98
2021-03-22,Store_A,Electronics,0,207.35
2021-03-23,Store_A,Electronics,0,252.53
2021-03-24,Store_A,Electronics,0,229.04
2021-03-25,Store_A,Electronics,0,221.8
2021-03-26,Store_A,Electronics,1,318.76
2021-03-27,Store_A,Electronics,0,260.84
2021-03-28,Store_A,Electronics,0,204.18
2021-03-29,Store_A,Electronics,0,212.14
2021-03-30,Store_A,Electronics,0,246.59
2021-03-31,Store_A,Electronics,0,245.57
2021-04-01,Store_A,Electronics,0,199.54
2021-04-02,Store_A,Electronics,0,277.03
2021-04-03,Store_A,Electronics,0,255.19
2021-04-04,Store_A,Electronics,1,243.54
2021-04-05,Store_A,Electronics,0,196.11
2021-04-06,Store_A,Electronics,0,206.66
2021-04-07,Store_A,Electronics,0,247.0
2021-04-08,Store_A,Electronics,0,228.92
2021-04-09,Store_A,Electronics,0,219.56
2021-04-10,Store_A,Electronics,0,222.48
2021-04-11,Store_A,Electronics,0,191.09
2021-04-12,Store_A,Electronics,0,188.45
2021-04-13,Store_A,Electronics,0,218.95
2021-04-14,Store_A,Electronics,0,224.01
2021-04-15,Store_A,Electronics,1,258.95
2021-04-16,Store_A,Electronics,0,225.65
2021-04-17,Store_A,Electronics,0,179.97
2021-04-18,Store_A,Electronics,0,163.06
2021-04-19,Store_A,Electronics,0,187.43
2021-04-20,Store_A,Electronics,0,215.11
2021-04-21,Store_A,Electronics,0,231.17
2021-04-22,Store_A,Electronics,0,179.27
2021-04-23,Store_A,Electronics,0,201.78
2021-04-24,Store_A,Electronics,0,188.97
2021-04-25,Store_A,Electronics,0,135.69
2021-04-26,Store_A,Electronics,1,261.59
2021-04-27,Store_A,Electronics,0,198.62
2021-04-28,Store_A,Electronics,0,214.39
2021-04-29,Store_A,Electronics,0,179.8
2021-04-30,Store_A,Electronics,0,208.87
2021-05-01,Store_A,Electronics,0,203.84
2021-05-02,Store_A,Electronics,0,162.07
2021-05-03,Store_A,Electronics,0,159.08
2021-05-04,Store_A,Electronics,0,201.65
2021-05-05,Store_A,Electronics,0,191.86
2021-05-06,Store_A,Electronics,0,187.95
2021-05-07,Store_A,Electronics,0,196.9
2021-05-08,Store_A,Electronics,0,228.04
2021-05-09,Store_A,Electronics,0,164.94
2021-05-10,Store_A,Electronics,0,180.65
2021-05-11,Store_A,Electronics,0,158.35
2021-05-12,Store_A,Electronics,0,196.61
2021-05-13,Store_A,Electronics,0,200.89
2021-05-14,Store_A,Electronics,0,202.3
2021-05-15,Store_A,Electronics,0,219.24
2021-05-16,Store_A,Electronics,0,161.5
2021-05-17,Store_A,Electronics,0,159.3
2021-05-18,Store_A,Electronics,0,222.05
2021-05-19,Store_A,Electronics,0,190.64
2021-05-20,Store_A,Electronics,0,216.05
2021-05-21,Store_A,Electronics,0,229.89
2021-05-22,Store_A,Electronics,0,185.14
2021-05-23,Store_A,Electronics,0,106.26
2021-05-24,Store_A,Electronics,0,165.14
2021-05-25,Store_A,Electronics,0,163.07
2021-05-26,Store_A,Electronics,0,178.25
2021-05-27,Store_A,Electronics,0,161.53
2021-05-28,Store_A,Electronics,0,169.67
2021-05-29,Store_A,Electronics,0,178.1
2021-05-30,Store_A,Electronics,0,116.76
2021-05-31,Store_A,Electronics,0,150.78
2021-06-01,Store_A,Electronics,0,169.05
2021-06-02,Store_A,Electronics,0,194.81
2021-06-03,Store_A,Electronics,0,175.28
2021-06-04,Store_A,Electronics,0,180.48
2021-06-05,Store_A,Electronics,0,179.32
2021-06-06,Store_A,Electronics,0,150.71
2021-06-07,Store_A,Electronics,0,108.74
2021-06-08,Store_A,Electronics,0,163.15
2021-06-09,Store_A,Electronics,0,161.64
2021-06-10,Store_A,Electronics,0,149.07
2021-06-11,Store_A,Electronics,0,137.27
2021-06-12,Store_A,Electronics,0,121.7
2021-06-13,Store_A,Electronics,0,66.74
2021-06-14,Store_A,Electronics,0,136.13
2021-06-15,Store_A,Electronics,0,160.05
2021-06-16,Store_A,Electronics,0,203.97
2021-06-17,Store_A,Electronics,0,161.17
2021-06-18,Store_A,Electronics,0,135.43
2021-06-19,Store_A,Electronics,0,170.38
2021-06-20,Store_A,Electronics,1,260.41
2021-06-21,Store_A,Electronics,1,164.73
2021-06-22,Store_A,Electronics,0,201.45
2021-06-23,Store_A,Electronics,0,171.77
2021-06-24,Store_A,Electronics,0,146.43
2021-06-25,Store_A,Electronics,1,227.32
2021-06-26,Store_A,Electronics,0,163.58
2021-06-27,Store_A,Electronics,0,106.44
2021-06-28,Store_A,Electronics,0,116.79
2021-06-29,Store_A,Electronics,0,153.33
2021-06-30,Store_A,Electronics,0,177.03
2021-07-01,Store_A,Electronics,0,165.91
2021-07-02,Store_A,Electronics,0,209.08
2021-07-03,Store_A,Electronics,0,156.44
2021-07-04,Store_A,Electronics,0,138.28
2021-07-05,Store_A,Electronics,0,133.21
2021-07-06,Store_A,Electronics,0,160.58
2021-07-07,Store_A,Electronics,0,165.46
2021-07-08,Store_A,Electronics,0,154.54
2021-07-09,Store_A,Electronics,0,187.64
2021-07-10,Store_A,Electronics,0,143.63
2021-07-11,Store_A,Electronics,0,92.95
2021-07-12,Store_A,Electronics,0,154.69
2021-07-13,Store_A,Electronics,0,177.98
2021-07-14,Store_A,Electronics,0,195.95
2021-07-15,Store_A,Electronics,0,136.99
2021-07-16,Store_A,Electronics,0,164.6
2021-07-17,Store_A,Electronics,0,171.73
2021-07-18,Store_A,Electronics,0,100.57
2021-07-19,Store_A,Electronics,0,147.68
2021-07-20,Store_A,Electronics,1,220.04
2021-07-21,Store_A,Electronics,0,172.49
2021-07-22,Store_A,Electronics,0,125.74
2021-07-23,Store_A,Electronics,0,170.64
2021-07-24,Store_A,Electronics,0,91.83
2021-07-25,Store_A,Electronics,0,134.0
2021-07-26,Store_A,Electronics,0,150.51
2021-07-27,Store_A,Electronics,0,141.08
2021-07-28,Store_A,Electronics,0,201.28
2021-07-29,Store_A,Electronics,0,171.84
2021-07-30,Store_A,Electronics,0,147.36
2021-07-31,Store_A,Electronics,0,141.74
2021-08-01,Store_A,Electronics,0,89.53
2021-08-02,Store_A,Electronics,0,142.91
2021-08-03,Store_A,Electronics,0,149.66
2021-08-04,Store_A,Electronics,0,129.21
2021-08-05,Store_A,Electronics,0,149.0
2021-08-06,Store_A,Electronics,0,189.07
2021-08-07,Store_A,Electronics,0,155.91
2021-08-08,Store_A,Electronics,0,123.12
2021-08-09,Store_A,Electronics,0,141.55
2021-08-10,Store_A,Electronics,0,177.53
2021-08-11,Store_A,Electronics,0,175.16
2021-08-12,Store_A,Electronics,0,149.95
2021-08-13,Store_A,Electronics,0,174.86
2021-08-14,Store_A,Electronics,0,186.38
2021-08-15,Store_A,Electronics,1,190.66
2021-08-16,Store_A,Electronics,0,120.99
2021-08-17,Store_A,Electronics,0,167.02
2021-08-18,Store_A,Electronics,0,178.76
2021-08-19,Store_A,Electronics,0,152.1
2021-08-20,Store_A,Electronics,0,137.74
2021-08-21,Store_A,Electronics,1,205.85
2021-08-22,Store_A,Electronics,1,173.46
2021-08-23,Store_A,Electronics,0,181.01
2021-08-24,Store_A,Electronics,0,178.51
2021-08-25,Store_A,Electronics,0,144.55
2021-08-26,Store_A,Electronics,0,156.86
2021-08-27,Store_A,Electronics,0,206.04
2021-08-28,Store_A,Electronics,0,151.11
2021-08-29,Store_A,Electronics,0,142.32
2021-08-30,Store_A,Electronics,0,116.79
2021-08-31,Store_A,Electronics,0,116.16
2021-09-01,Store_A,Electronics,0,203.62
2021-09-02,Store_A,Electronics,0,153.67
2021-09-03,Store_A,Electronics,0,146.43
2021-09-04,Store_A,Electronics,0,159.4
2021-09-05,Store_A,Electronics,0,129.84
2021-09-06,Store_A,Electronics,0,160.72
2021-09-07,Store_A,Electronics,1,191.69
2021-09-08,Store_A,Electronics,0,171.18
2021-09-09,Store_A,Electronics,0,168.94
2021-09-10,Store_A,Electronics,0,197.66
2021-09-11,Store_A,Electronics,1,216.91
2021-09-12,Store_A,Electronics,0,126.96
2021-09-13,Store_A,Electronics,0,145.15
2021-09-14,Store_A,Electronics,0,187.17
2021-09-15,Store_A,Electronics,0,212.83
2021-09-16,Store_A,Electronics,0,166.41
2021-09-17,Store_A,Electronics,0,166.74
2021-09-18,Store_A,Electronics,0,163.49
2021-09-19,Store_A,Electronics,0,171.38
2021-09-20,Store_A,Electronics,0,145.4
2021-09-21,Store_A,Electronics,1,228.36
2021-09-22,Store_A,Electronics,0,187.52
2021-09-23,Store_A,Electronics,0,177.12
2021-09-24,Store_A,Electronics,0,189.5
2021-09-25,Store_A,Electronics,0,153.36
2021-09-26,Store_A,Electronics,0,149.15
2021-09-27,Store_A,Electronics,0,173.13
2021-09-28,Store_A,Electronics,0,208.4
2021-09-29,Store_A,Electronics,0,205.68
2021-09-30,Store_A,Electronics,0,217.87
2021-10-01,Store_A,Electronics,0,221.88
2021-10-02,Store_A,Electronics,0,201.05
2021-10-03,Store_A,Electronics,0,173.11
2021-10-04,Store_A,Electronics,0,177.86
2021-10-05,Store_A,Electronics,0,197.3
2021-10-06,Store_A,Electronics,0,214.34
2021-10-07,Store_A,Electronics,0,152.76
2021-10-08,Store_A,Electronics,0,215.84
2021-10-09,Store_A,Electronics,0,194.72
2021-10-10,Store_A,Electronics,0,164.15
2021-10-11,Store_A,Electronics,0,202.58
2021-10-12,Store_A,Electronics,0,219.4
2021-10-13,Store_A,Electronics,0,200.74
2021-10-14,Store_A,Electronics,0,215.66
2021-10-15,Store_A,Electronics,1,316.74
2021-10-16,Store_A,Electronics,0,224.83
2021-10-17,Store_A,Electronics,0,136.72
2021-10-18,Store_A,Electronics,0,200.03
2021-10-19,Store_A,Electronics,0,191.35
2021-10-20,Store_A,Electronics,0,216.09
2021-10-21,Store_A,Electronics,0,213.21
2021-10-22,Store_A,Electronics,0,231.68
2021-10-23,Store_A,Electronics,0,231.29
2021-10-24,Store_A,Electronics,0,202.59
2021-10-25,Store_A,Electronics,0,205.32
2021-10-26,Store_A,Electronics,0,214.34
2021-10-27,Store_A,Electronics,0,190.47
2021-10-28,Store_A,Electronics,1,302.7
2021-10-29,Store_A,Electronics,0,231.76
2021-10-30,Store_A,Electronics,0,216.46
2021-10-31,Store_A,Electronics,0,177.19
2021-11-01,Store_A,Electronics,0,211.22
2021-11-02,Store_A,Electronics,0,237.82
2021-11-03,Store_A,Electronics,0,230.15
2021-11-04,Store_A,Electronics,0,217.18
2021-11-05,Store_A,Electronics,0,228.3
2021-11-06,Store_A,Electronics,0,209.85
2021-11-07,Store_A,Electronics,0,168.89
2021-11-08,Store_A,Electronics,0,206.89
2021-11-09,Store_A,Electronics,0,217.13
2021-11-10,Store_A,Electronics,0,184.05
2021-11-11,Store_A,Electronics,0,218.31
2021-11-12,Store_A,Electronics,0,222.22
2021-11-13,Store_A,Electronics,0,232.77
2021-11-14,Store_A,Electronics,0,177.55
2021-11-15,Store_A,Electronics,0,224.73
2021-11-16,Store_A,Electronics,0,218.45
2021-11-17,Store_A,Electronics,0,213.58
2021-11-18,Store_A,Electronics,1,294.26
2021-11-19,Store_A,Electronics,0,244.99
2021-11-20,Store_A,Electronics,0,210.53
2021-11-21,Store_A,Electronics,0,211.45
2021-11-22,Store_A,Electronics,0,201.76
2021-11-23,Store_A,Electronics,0,232.63
2021-11-24,Store_A,Electronics,0,274.21
2021-11-25,Store_A,Electronics,0,248.54
2021-11-26,Store_A,Electronics,0,237.21
2021-11-27,Store_A,Electronics,0,236.17
2021-11-28,Store_A,Electronics,0,177.84
2021-11-29,Store_A,Electronics,0,245.47
2021-11-30,Store_A,Electronics,0,271.26
2021-12-01,Store_A,Electronics,0,296.95
2021-12-02,Store_A,Electronics,0,289.45
2021-12-03,Store_A,Electronics,0,252.45
2021-12-04,Store_A,Electronics,0,262.49
2021-12-05,Store_A,Electronics,0,169.49
2021-12-06,Store_A,Electronics,0,236.6
2021-12-07,Store_A,Electronics,0,267.13
2021-12-08,Store_A,Electronics,0,246.46
2021-12-09,Store_A,Electronics,0,235.34
2021-12-10,Store_A,Electronics,0,287.8
2021-12-11,Store_A,Electronics,0,262.16
2021-12-12,Store_A,Electronics,0,245.32
2021-12-13,Store_A,Electronics,0,268.09
2021-12-14,Store_A,Electronics,0,230.14
2021-12-15,Store_A,Electronics,0,379.58
2021-12-16,Store_A,Electronics,0,352.35
2021-12-17,Store_A,Electronics,0,409.32
2021-12-18,Store_A,Electronics,0,383.11
2021-12-19,Store_A,Electronics,0,316.42
2021-12-20,Store_A,Electronics,1,408.8
2021-12-21,Store_A,Electronics,0,412.28
2021-12-22,Store_A,Electronics,0,385.63
2021-12-23,Store_A,Electronics,1,400.66
2021-12-24,Store_A,Electronics,0,376.48
2021-12-25,Store_A,Electronics,0,419.29
2021-12-26,Store_A,Electronics,0,359.85
2021-12-27,Store_A,Electronics,0,340.06
2021-12-28,Store_A,Electronics,1,458.3
2021-12-29,Store_A,Electronics,0,415.96
2021-12-30,Store_A,Electronics,0,346.92
2021-12-31,Store_A,Electronics,0,422.08
2022-01-01,Store_A,Electronics,0,272.87
2022-01-02,Store_A,Electronics,0,207.91
2022-01-03,Store_A,Electronics,0,259.99
2022-01-04,Store_A,Electronics,0,279.23
2022-01-05,Store_A,Electronics,0,287.1
2022-01-06,Store_A,Electronics,0,265.68
2022-01-07,Store_A,Electronics,1,329.6
2022-01-08,Store_A,Electronics,0,251.92
2022-01-09,Store_A,Electronics,0,219.82
2022-01-10,Store_A,Electronics,0,250.74
2022-01-11,Store_A,Electronics,0,288.35
2022-01-12,Store_A,Electronics,0,320.24
2022-01-13,Store_A,Electronics,0,268.9
2022-01-14,Store_A,Electronics,0,297.59
2022-01-15,Store_A,Electronics,0,285.12
2022-01-16,Store_A,Electronics,0,240.22
2022-01-17,Store_A,Electronics,1,296.6
2022-01-18,Store_A,Electronics,0,303.14
2022-01-19,Store_A,Electronics,1,369.69
2022-01-20,Store_A,Electronics,0,267.71
2022-01-21,Store_A,Electronics,0,268.07
2022-01-22,Store_A,Electronics,0,268.61
2022-01-23,Store_A,Electronics,0,194.97
2022-01-24,Store_A,Electronics,0,281.28
2022-01-25,Store_A,Electronics,0,263.65
2022-01-26,Store_A,Electronics,0,276.58
2022-01-27,Store_A,Electronics,0,293.34
2022-01-28,Store_A,Electronics,0,235.37
2022-01-29,Store_A,Electronics,0,293.26
2022-01-30,Store_A,Electronics,0,232.56
2022-01-31,Store_A,Electronics,0,284.22
2022-02-01,Store_A,Electronics,0,256.66
2022-02-02,Store_A,Electronics,0,288.36
2022-02-03,Store_A,Electronics,0,245.35
2022-02-04,Store_A,Electronics,0,306.17
2022-02-05,Store_A,Electronics,0,287.86
2022-02-06,Store_A,Electronics,0,259.81
2022-02-07,Store_A,Electronics,0,249.36
2022-02-08,Store_A,Electronics,0,315.86
2022-02-09,Store_A,Electronics,0,259.75
2022-02-10,Store_A,Electronics,0,261.37
2022-02-11,Store_A,Electronics,0,262.73
2022-02-12,Store_A,Electronics,0,268.67
2022-02-13,Store_A,Electronics,0,204.52
2022-02-14,Store_A,Electronics,0,269.35
2022-02-15,Store_A,Electronics,1,345.43
2022-02-16,Store_A,Electronics,0,255.89
2022-02-17,Store_A,Electronics,0,276.72
2022-02-18,Store_A,Electronics,0,311.65
2022-02-19,Store_A,Electronics,0,273.6
2022-02-20,Store_A,Electronics,0,192.54
2022-02-21,Store_A,Electronics,0,241.45
2022-02-22,Store_A,Electronics,0,283.1
2022-02-23,Store_A,Electronics,1,333.83
2022-02-24,Store_A,Electronics,0,236.35
2022-02-25,Store_A,Electronics,0,301.2
2022-02-26,Store_A,Electronics,0,253.08
2022-02-27,Store_A,Electronics,0,248.22
2022-02-28,Store_A,Electronics,0,230.49
2022-03-01,Store_A,Electronics,0,258.52
2022-03-02,Store_A,Electronics,0,259.06
2022-03-03,Store_A,Electronics,0,249.73
2022-03-04,Store_A,Electronics,0,281.84
2022-03-05,Store_A,Electronics,0,235.15
2022-03-06,Store_A,Electronics,0,189.23
2022-03-07,Store_A,Electronics,0,202.94
2022-03-08,Store_A,Electronics,0,225.17
2022-03-09,Store_A,Electronics,0,239.46
2022-03-10,Store_A,Electronics,0,238.07
2022-03-11,Store_A,Electronics,0,271.69
2022-03-12,Store_A,Electronics,0,258.14
2022-03-13,Store_A,Electronics,0,210.22
2022-03-14,Store_A,Electronics,0,260.92
2022-03-15,Store_A,Electronics,0,292.34
2022-03-16,Store_A,Electronics,0,256.04
2022-03-17,Store_A,Electronics,0,224.28
2022-03-18,Store_A,Electronics,0,306.35
2022-03-19,Store_A,Electronics,0,268.78
2022-03-20,Store_A,Electronics,0,224.49
2022-03-21,Store_A,Electronics,0,215.33
2022-03-22,Store_A,Electronics,1,332.06
2022-03-23,Store_A,Electronics,0,258.99
2022-03-24,Store_A,Electronics,0,236.6
2022-03-25,Store_A,Electronics,0,255.98
2022-03-26,Store_A,Electronics,0,249.47
2022-03-27,Store_A,Electronics,0,226.48
2022-03-28,Store_A,Electronics,0,266.31
2022-03-29,Store_A,Electronics,0,236.96
2022-03-30,Store_A,Electronics,0,254.28
2022-03-31,Store_A,Electronics,0,230.22
2022-04-01,Store_A,Electronics,0,260.28
2022-04-02,Store_A,Electronics,0,182.72
2022-04-03,Store_A,Electronics,0,186.22
2022-04-04,Store_A,Electronics,0,255.74
2022-04-05,Store_A,Electronics,0,225.43
2022-04-06,Store_A,Electronics,0,236.15
2022-04-07,Store_A,Electronics,0,214.99
2022-04-08,Store_A,Electronics,0,242.38
2022-04-09,Store_A,Electronics,0,201.24
2022-04-10,Store_A,Electronics,0,173.72
2022-04-11,Store_A,Electronics,1,280.98
2022-04-12,Store_A,Electronics,0,240.92
2022-04-13,Store_A,Electronics,0,242.87
2022-04-14,Store_A,Electronics,0,247.26
2022-04-15,Store_A,Electronics,0,248.21
2022-04-16,Store_A,Electronics,0,247.56
2022-04-17,Store_A,Electronics,0,223.33
2022-04-18,Store_A,Electronics,0,219.74
2022-04-19,Store_A,Electronics,0,200.28
2022-04-20,Store_A,Electronics,1,301.14
2022-04-21,Store_A,Electronics,0,215.85
2022-04-22,Store_A,Electronics,0,264.1
2022-04-23,Store_A,Electronics,0,211.84
2022-04-24,Store_A,Electronics,0,155.21
2022-04-25,Store_A,Electronics,0,185.84
2022-04-26,Store_A,Electronics,1,258.37
2022-04-27,Store_A,Electronics,0,166.12
2022-04-28,Store_A,Electronics,0,247.52
2022-04-29,Store_A,Electronics,0,226.14
2022-04-30,Store_A,Electronics,1,248.08
2022-05-01,Store_A,Electronics,1,262.68
2022-05-02,Store_A,Electronics,0,226.8
2022-05-03,Store_A,Electronics,0,216.45
2022-05-04,Store_A,Electronics,0,191.46
2022-05-05,Store_A,Electronics,1,254.87
2022-05-06,Store_A,Electronics,0,214.91
2022-05-07,Store_A,Electronics,0,202.1
2022-05-08,Store_A,Electronics,0,137.11
2022-05-09,Store_A,Electronics,0,201.99
2022-05-10,Store_A,Electronics,1,228.44
2022-05-11,Store_A,Electronics,1,298.91
2022-05-12,Store_A,Electronics,0,221.36
2022-05-13,Store_A,Electronics,0,205.76
2022-05-14,Store_A,Electronics,0,193.51
2022-05-15,Store_A,Electronics,0,182.7
2022-05-16,Store_A,Electronics,0,189.55
2022-05-17,Store_A,Electronics,0,193.86
2022-05-18,Store_A,Electronics,0,201.46
2022-05-19,Store_A,Electronics,0,197.8
2022-05-20,Store_A,Electronics,0,245.66
2022-05-21,Store_A,Electronics,0,185.15
2022-05-22,Store_A,Electronics,0,139.04
2022-05-23,Store_A,Electronics,0,171.28
2022-05-24,Store_A,Electronics,0,195.61
2022-05-25,Store_A,Electronics,0,206.42
2022-05-26,Store_A,Electronics,0,180.64
2022-05-27,Store_A,Electronics,0,225.72
2022-05-28,Store_A,Electronics,0,165.68
2022-05-29,Store_A,Electronics,0,149.33
2022-05-30,Store_A,Electronics,0,174.41
2022-05-31,Store_A,Electronics,1,237.26
2022-06-01,Store_A,Electronics,0,203.1
2022-06-02,Store_A,Electronics,0,186.63
2022-06-03,Store_A,Electronics,0,146.23
2022-06-04,Store_A,Electronics,0,158.77
2022-06-05,Store_A,Electronics,0,168.15
2022-06-06,Store_A,Electronics,0,148.27
2022-06-07,Store_A,Electronics,0,160.78
2022-06-08,Store_A,Electronics,0,153.14
2022-06-09,Store_A,Electronics,0,150.79
2022-06-10,Store_A,Electronics,0,189.35
2022-06-11,Store_A,Electronics,0,148.7
2022-06-12,Store_A,Electronics,0,144.63
2022-06-13,Store_A,Electronics,1,203.23
2022-06-14,Store_A,Electronics,0,186.53
2022-06-15,Store_A,Electronics,0,214.54
2022-06-16,Store_A,Electronics,0,195.18
2022-06-17,Store_A,Electronics,0,193.6
2022-06-18,Store_A,Electronics,0,147.26
2022-06-19,Store_A,Electronics,0,126.43
2022-06-20,Store_A,Electronics,0,158.6
2022-06-21,Store_A,Electronics,0,226.43
2022-06-22,Store_A,Electronics,1,209.1
2022-06-23,Store_A,Electronics,0,163.48
2022-06-24,Store_A,Electronics,1,260.72
2022-06-25,Store_A,Electronics,0,168.62
2022-06-26,Store_A,Electronics,0,128.58
2022-06-27,Store_A,Electronics,0,133.4
2022-06-28,Store_A,Electronics,0,192.34
2022-06-29,Store_A,Electronics,0,180.01
2022-06-30,Store_A,Electronics,1,229.89
2022-07-01,Store_A,Electronics,0,202.68
2022-07-02,Store_A,Electronics,0,157.61
2022-07-03,Store_A,Electronics,0,147.66
2022-07-04,Store_A,Electronics,0,120.74
2022-07-05,Store_A,Electronics,0,176.62
2022-07-06,Store_A,Electronics,0,160.49
2022-07-07,Store_A,Electronics,0,137.91
2022-07-08,Store_A,Electronics,0,217.64
2022-07-09,Store_A,Electronics,0,137.25
2022-07-10,Store_A,Electronics,0,121.11
2022-07-11,Store_A,Electronics,0,118.65
2022-07-12,Store_A,Electronics,0,194.16
2022-07-13,Store_A,Electronics,1,231.47
2022-07-14,Store_A,Electronics,0,179.31
2022-07-15,Store_A,Electronics,0,190.14
2022-07-16,Store_A,Electronics,1,270.71
2022-07-17,Store_A,Electronics,0,89.15
2022-07-18,Store_A,Electronics,0,124.22
2022-07-19,Store_A,Electronics,0,188.79
2022-07-20,Store_A,Electronics,1,245.51
2022-07-21,Store_A,Electronics,0,152.91
2022-07-22,Store_A,Electronics,0,218.68
2022-07-23,Store_A,Electronics,0,160.4
2022-07-24,Store_A,Electronics,0,102.99
2022-07-25,Store_A,Electronics,0,165.3
2022-07-26,Store_A,Electronics,0,169.42
2022-07-27,Store_A,Electronics,0,177.22
2022-07-28,Store_A,Electronics,0,171.63
2022-07-29,Store_A,Electronics,0,192.81
2022-07-30,Store_A,Electronics,0,141.22
2022-07-31,Store_A,Electronics,0,113.58
2022-08-01,Store_A,Electronics,0,116.98
2022-08-02,Store_A,Electronics,0,176.67
2022-08-03,Store_A,Electronics,0,213.96
2022-08-04,Store_A,Electronics,0,139.95
2022-08-05,Store_A,Electronics,0,148.51
2022-08-06,Store_A,Electronics,0,149.64
2022-08-07,Store_A,Electronics,0,116.01
2022-08-08,Store_A,Electronics,0,160.91
2022-08-09,Store_A,Electronics,0,164.55
2022-08-10,Store_A,Electronics,0,185.22
2022-08-11,Store_A,Electronics,0,150.89
2022-08-12,Store_A,Electronics,0,177.75
2022-08-13,Store_A,Electronics,0,148.22
2022-08-14,Store_A,Electronics,0,100.71
2022-08-15,Store_A,Electronics,0,164.05
2022-08-16,Store_A,Electronics,0,165.19
2022-08-17,Store_A,Electronics,0,189.3
2022-08-18,Store_A,Electronics,0,147.01
2022-08-19,Store_A,Electronics,0,184.34
2022-08-20,Store_A,Electronics,0,125.62
2022-08-21,Store_A,Electronics,0,118.8
2022-08-22,Store_A,Electronics,0,136.95
2022-08-23,Store_A,Electronics,0,200.89
2022-08-24,Store_A,Electronics,0,158.57
2022-08-25,Store_A,Electronics,0,164.1
2022-08-26,Store_A,Electronics,0,194.5
2022-08-27,Store_A,Electronics,0,191.56
2022-08-28,Store_A,Electronics,0,147.17
2022-08-29,Store_A,Electronics,0,154.04
2022-08-30,Store_A,Electronics,1,246.41
2022-08-31,Store_A,Electronics,0,211.58
2022-09-01,Store_A,Electronics,0,169.38
2022-09-02,Store_A,Electronics,0,195.5
2022-09-03,Store_A,Electronics,0,199.85
2022-09-04,Store_A,Electronics,0,183.82
2022-09-05,Store_A,Electronics,0,165.1
2022-09-06,Store_A,Electronics,0,196.18
2022-09-07,Store_A,Electronics,0,209.19
2022-09-08,Store_A,Electronics,0,200.16
2022-09-09,Store_A,Electronics,0,217.9
2022-09-10,Store_A,Electronics,0,168.74
2022-09-11,Store_A,Electronics,0,145.75
2022-09-12,Store_A,Electronics,0,186.18
2022-09-13,Store_A,Electronics,0,219.71
2022-09-14,Store_A,Electronics,0,194.81
2022-09-15,Store_A,Electronics,0,187.25
2022-09-16,Store_A,Electronics,0,210.61
2022-09-17,Store_A,Electronics,0,186.41
2022-09-18,Store_A,Electronics,0,150.24
2022-09-19,Store_A,Electronics,0,127.81
2022-09-20,Store_A,Electronics,0,261.18
2022-09-21,Store_A,Electronics,0,249.5
2022-09-22,Store_A,Electronics,0,183.25
2022-09-23,Store_A,Electronics,0,205.85
2022-09-24,Store_A,Electronics,0,158.77
2022-09-25,Store_A,Electronics,0,114.86
2022-09-26,Store_A,Electronics,0,186.43
2022-09-27,Store_A,Electronics,0,223.8
2022-09-28,Store_A,Electronics,0,226.64
2022-09-29,Store_A,Electronics,0,176.51
2022-09-30,Store_A,Electronics,0,230.08
2022-10-01,Store_A,Electronics,0,195.39
2022-10-02,Store_A,Electronics,1,213.52
2022-10-03,Store_A,Electronics,0,155.92
2022-10-04,Store_A,Electronics,1,258.54
2022-10-05,Store_A,Electronics,0,226.38
2022-10-06,Store_A,Electronics,1,270.02
2022-10-07,Store_A,Electronics,0,224.13
2022-10-08,Store_A,Electronics,0,160.87
2022-10-09,Store_A,Electronics,0,167.12
2022-10-10,Store_A,Electronics,0,177.82
2022-10-11,Store_A,Electronics,1,286.1
2022-10-12,Store_A,Electronics,0,247.73
2022-10-13,Store_A,Electronics,0,197.36
2022-10-14,Store_A,Electronics,0,229.61
2022-10-15,Store_A,Electronics,0,252.04
2022-10-16,Store_A,Electronics,0,175.91
2022-10-17,Store_A,Electronics,0,195.92
2022-10-18,Store_A,Electronics,0,206.1
2022-10-19,Store_A,Electronics,0,245.99
2022-10-20,Store_A,Electronics,0,193.69
2022-10-21,Store_A,Electronics,1,324.49
2022-10-22,Store_A,Electronics,0,231.39
2022-10-23,Store_A,Electronics,0,166.2
2022-10-24,Store_A,Electronics,0,187.62
2022-10-25,Store_A,Electronics,1,278.08
2022-10-26,Store_A,Electronics,0,201.01
2022-10-27,Store_A,Electronics,0,229.54
2022-10-28,Store_A,Electronics,0,199.81
2022-10-29,Store_A,Electronics,0,223.27
2022-10-30,Store_A,Electronics,0,181.14
2022-10-31,Store_A,Electronics,0,203.61
2022-11-01,Store_A,Electronics,0,245.43
2022-11-02,Store_A,Electronics,0,232.28
2022-11-03,Store_A,Electronics,0,230.57
2022-11-04,Store_A,Electronics,1,338.21
2022-11-05,Store_A,Electronics,0,243.52
2022-11-06,Store_A,Electronics,0,182.69
2022-11-07,Store_A,Electronics,0,217.07
2022-11-08,Store_A,Electronics,0,236.37
2022-11-09,Store_A,Electronics,0,246.72
2022-11-10,Store_A,Electronics,0,237.88
2022-11-11,Store_A,Electronics,0,227.03
2022-11-12,Store_A,Electronics,0,206.41
2022-11-13,Store_A,Electronics,0,179.67
2022-11-14,Store_A,Electronics,0,233.73
2022-11-15,Store_A,Electronics,0,262.49
2022-11-16,Store_A,Electronics,0,272.69
2022-11-17,Store_A,Electronics,0,222.93
2022-11-18,Store_A,Electronics,0,263.14
2022-11-19,Store_A,Electronics,0,237.1
2022-11-20,Store_A,Electronics,0,201.34
2022-11-21,Store_A,Electronics,0,221.71
2022-11-22,Store_A,Electronics,0,260.97
2022-11-23,Store_A,Electronics,0,249.22
2022-11-24,Store_A,Electronics,0,269.58
2022-11-25,Store_A,Electronics,0,290.86
2022-11-26,Store_A,Electronics,1,324.35
2022-11-27,Store_A,Electronics,0,230.45
2022-11-28,Store_A,Electronics,0,207.1
2022-11-29,Store_A,Electronics,0,286.13
2022-11-30,Store_A,Electronics,0,275.94
2022-12-01,Store_A,Electronics,0,239.52
2022-12-02,Store_A,Electronics,0,258.61
2022-12-03,Store_A,Electronics,0,288.42
2022-12-04,Store_A,Electronics,0,231.74
2022-12-05,Store_A,Electronics,0,237.93
2022-12-06,Store_A,Electronics,0,238.01
2022-12-07,Store_A,Electronics,0,299.48
2022-12-08,Store_A,Electronics,1,298.81
2022-12-09,Store_A,Electronics,0,270.56
2022-12-10,Store_A,Electronics,0,258.21
2022-12-11,Store_A,Electronics,0,205.6
2022-12-12,Store_A,Electronics,0,241.84
2022-12-13,Store_A,Electronics,0,271.27
2022-12-14,Store_A,Electronics,0,273.9
2022-12-15,Store_A,Electronics,0,387.9
2022-12-16,Store_A,Electronics,0,435.42
2022-12-17,Store_A,Electronics,0,357.82
2022-12-18,Store_A,Electronics,0,347.53
2022-12-19,Store_A,Electronics,0,348.0
2022-12-20,Store_A,Electronics,0,365.98
2022-12-21,Store_A,Electronics,0,421.23
2022-12-22,Store_A,Electronics,1,454.29
2022-12-23,Store_A,Electronics,0,375.51
2022-12-24,Store_A,Electronics,0,385.42
2022-12-25,Store_A,Electronics,0,311.12
2022-12-26,Store_A,Electronics,0,355.67
2022-12-27,Store_A,Electronics,0,355.02
2022-12-28,Store_A,Electronics,0,402.31
2022-12-29,Store_A,Electronics,0,402.51
2022-12-30,Store_A,Electronics,0,420.93
2022-12-31,Store_A,Electronics,0,384.49
2023-01-01,Store_A,Electronics,0,251.02
2023-01-02,Store_A,Electronics,0,284.22
2023-01-03,Store_A,Electronics,0,295.92
2023-01-04,Store_A,Electronics,0,277.08
2023-01-05,Store_A,Electronics,0,268.59
2023-01-06,Store_A,Electronics,0,324.01
2023-01-07,Store_A,Electronics,0,268.23
2023-01-08,Store_A,Electronics,0,244.82
2023-01-09,Store_A,Electronics,0,243.62
2023-01-10,Store_A,Electronics,0,303.79
2023-01-11,Store_A,Electronics,0,273.09
2023-01-12,Store_A,Electronics,0,271.11
2023-01-13,Store_A,Electronics,0,304.23
2023-01-14,Store_A,Electronics,0,313.22
2023-01-15,Store_A,Electronics,0,238.91
2023-01-16,Store_A,Electronics,0,254.32
2023-01-17,Store_A,Electronics,1,341.97
2023-01-18,Store_A,Electronics,1,374.18
2023-01-19,Store_A,Electronics,0,282.98
2023-01-20,Store_A,Electronics,0,307.45
2023-01-21,Store_A,Electronics,0,307.31
2023-01-22,Store_A,Electronics,0,236.15
2023-01-23,Store_A,Electronics,0,267.75
2023-01-24,Store_A,Electronics,0,278.0
2023-01-25,Store_A,Electronics,0,275.69
2023-01-26,Store_A,Electronics,0,261.85
2023-01-27,Store_A,Electronics,0,246.16
2023-01-28,Store_A,Electronics,0,287.33
2023-01-29,Store_A,Electronics,0,243.23
2023-01-30,Store_A,Electronics,0,269.88
2023-01-31,Store_A,Electronics,0,267.78
2023-02-01,Store_A,Electronics,0,278.9
2023-02-02,Store_A,Electronics,1,324.81
2023-02-03,Store_A,Electronics,0,315.43
2023-02-04,Store_A,Electronics,0,279.32
2023-02-05,Store_A,Electronics,0,234.56
2023-02-06,Store_A,Electronics,0,273.74
2023-02-07,Store_A,Electronics,1,334.98
2023-02-08,Store_A,Electronics,0,296.34
2023-02-09,Store_A,Electronics,0,311.8
2023-02-10,Store_A,Electronics,0,317.25
2023-02-11,Store_A,Electronics,0,280.78
2023-02-12,Store_A,Electronics,0,233.42
2023-02-13,Store_A,Electronics,0,266.5
2023-02-14,Store_A,Electronics,0,310.0
2023-02-15,Store_A,Electronics,0,314.12
2023-02-16,Store_A,Electronics,0,301.99
2023-02-17,Store_A,Electronics,0,293.87
2023-02-18,Store_A,Electronics,0,229.65
2023-02-19,Store_A,Electronics,0,267.52
2023-02-20,Store_A,Electronics,0,238.14
2023-02-21,Store_A,Electronics,0,238.7
2023-02-22,Store_A,Electronics,0,298.94
2023-02-23,Store_A,Electronics,0,224.82
2023-02-24,Store_A,Electronics,0,286.43
2023-02-25,Store_A,Electronics,1,290.49
2023-02-26,Store_A,Electronics,0,219.3
2023-02-27,Store_A,Electronics,1,347.05
2023-02-28,Store_A,Electronics,0,281.87
2023-03-01,Store_A,Electronics,0,280.64
2023-03-02,Store_A,Electronics,0,271.84
2023-03-03,Store_A,Electronics,0,227.94
2023-03-04,Store_A,Electronics,1,315.52
2023-03-05,Store_A,Electronics,0,211.92
2023-03-06,Store_A,Electronics,0,258.75
2023-03-07,Store_A,Electronics,0,250.76
2023-03-08,Store_A,Electronics,1,343.97
2023-03-09,Store_A,Electronics,1,320.44
2023-03-10,Store_A,Electronics,0,265.99
2023-03-11,Store_A,Electronics,0,249.23
2023-03-12,Store_A,Electronics,0,215.3
2023-03-13,Store_A,Electronics,0,204.34
2023-03-14,Store_A,Electronics,0,281.35
2023-03-15,Store_A,Electronics,0,255.51
2023-03-16,Store_A,Electronics,0,247.89
2023-03-17,Store_A,Electronics,0,304.54
2023-03-18,Store_A,Electronics,0,270.54
2023-03-19,Store_A,Electronics,0,188.89
2023-03-20,Store_A,Electronics,0,179.37
2023-03-21,Store_A,Electronics,0,270.72
2023-03-22,Store_A,Electronics,1,325.34
2023-03-23,Store_A,Electronics,0,251.75
2023-03-24,Store_A,Electronics,0,282.39
2023-03-25,Store_A,Electronics,0,267.59
2023-03-26,Store_A,Electronics,0,197.99
2023-03-27,Store_A,Electronics,0,228.39
2023-03-28,Store_A,Electronics,0,262.52
2023-03-29,Store_A,Electronics,1,333.19
2023-03-30,Store_A,Electronics,0,245.71
2023-03-31,Store_A,Electronics,0,290.43
2023-04-01,Store_A,Electronics,0,251.98
2023-04-02,Store_A,Electronics,0,215.31
2023-04-03,Store_A,Electronics,0,230.03
2023-04-04,Store_A,Electronics,0,228.74
2023-04-05,Store_A,Electronics,0,241.21
2023-04-06,Store_A,Electronics,0,211.87
2023-04-07,Store_A,Electronics,0,276.06
2023-04-08,Store_A,Electronics,0,206.01
2023-04-09,Store_A,Electronics,0,191.14
2023-04-10,Store_A,Electronics,1,274.88
2023-04-11,Store_A,Electronics,0,202.09
2023-04-12,Store_A,Electronics,0,239.73
2023-04-13,Store_A,Electronics,0,223.15
2023-04-14,Store_A,Electronics,0,282.14
2023-04-15,Store_A,Electronics,1,256.09
2023-04-16,Store_A,Electronics,1,277.79
2023-04-17,Store_A,Electronics,0,207.17
2023-04-18,Store_A,Electronics,0,252.93
2023-04-19,Store_A,Electronics,0,242.58
2023-04-20,Store_A,Electronics,0,200.76
2023-04-21,Store_A,Electronics,0,270.43
2023-04-22,Store_A,Electronics,0,248.47
2023-04-23,Store_A,Electronics,0,160.37
2023-04-24,Store_A,Electronics,0,217.0
2023-04-25,Store_A,Electronics,0,217.37
2023-04-26,Store_A,Electronics,1,268.41
2023-04-27,Store_A,Electronics,0,200.58
2023-04-28,Store_A,Electronics,0,262.48
2023-04-29,Store_A,Electronics,0,234.93
2023-04-30,Store_A,Electronics,0,168.57
2023-05-01,Store_A,Electronics,0,225.67
2023-05-02,Store_A,Electronics,0,245.55
2023-05-03,Store_A,Electronics,0,212.34
2023-05-04,Store_A,Electronics,0,242.24
2023-05-05,Store_A,Electronics,0,221.5
2023-05-06,Store_A,Electronics,1,269.87
2023-05-07,Store_A,Electronics,0,130.19
2023-05-08,Store_A,Electronics,0,179.95
2023-05-09,Store_A,Electronics,0,213.47
2023-05-10,Store_A,Electronics,0,227.65
2023-05-11,Store_A,Electronics,0,181.38
2023-05-12,Store_A,Electronics,0,207.92
2023-05-13,Store_A,Electronics,0,237.55
2023-05-14,Store_A,Electronics,1,247.14
2023-05-15,Store_A,Electronics,1,275.31
2023-05-16,Store_A,Electronics,0,208.91
2023-05-17,Store_A,Electronics,0,222.1
2023-05-18,Store_A,Electronics,0,209.55
2023-05-19,Store_A,Electronics,0,249.33
2023-05-20,Store_A,Electronics,0,168.03
2023-05-21,Store_A,Electronics,0,103.14
2023-05-22,Store_A,Electronics,0,169.65
2023-05-23,Store_A,Electronics,0,209.02
2023-05-24,Store_A,Electronics,0,211.24
2023-05-25,Store_A,Electronics,0,176.47
2023-05-26,Store_A,Electronics,0,221.38
2023-05-27,Store_A,Electronics,0,183.2
2023-05-28,Store_A,Electronics,1,214.41
2023-05-29,Store_A,Electronics,0,184.01
2023-05-30,Store_A,Electronics,0,190.02
2023-05-31,Store_A,Electronics,0,219.99
2023-06-01,Store_A,Electronics,0,205.79
2023-06-02,Store_A,Electronics,0,191.33
2023-06-03,Store_A,Electronics,0,177.86
2023-06-04,Store_A,Electronics,0,125.69
2023-06-05,Store_A,Electronics,0,169.16
2023-06-06,Store_A,Electronics,0,199.82
2023-06-07,Store_A,Electronics,0,235.46
2023-06-08,Store_A,Electronics,0,174.37
2023-06-09,Store_A,Electronics,1,270.38
2023-06-10,Store_A,Electronics,0,172.68
2023-06-11,Store_A,Electronics,0,130.84
2023-06-12,Store_A,Electronics,0,172.02
2023-06-13,Store_A,Electronics,0,180.92
2023-06-14,Store_A,Electronics,0,193.58
2023-06-15,Store_A,Electronics,1,248.88
2023-06-16,Store_A,Electronics,0,201.91
2023-06-17,Store_A,Electronics,0,131.04
2023-06-18,Store_A,Electronics,0,126.51
2023-06-19,Store_A,Electronics,0,182.87
2023-06-20,Store_A,Electronics,0,154.13
2023-06-21,Store_A,Electronics,0,130.98
2023-06-22,Store_A,Electronics,0,184.77
2023-06-23,Store_A,Electronics,0,197.99
2023-06-24,Store_A,Electronics,0,153.55
2023-06-25,Store_A,Electronics,0,135.31
2023-06-26,Store_A,Electronics,0,145.18
2023-06-27,Store_A,Electronics,0,192.2
2023-06-28,Store_A,Electronics,0,131.02
2023-06-29,Store_A,Electronics,0,165.3
2023-06-30,Store_A,Electronics,0,179.54
2023-07-01,Store_A,Electronics,0,188.6
2023-07-02,Store_A,Electronics,0,93.31
2023-07-03,Store_A,Electronics,1,220.11
2023-07-04,Store_A,Electronics,1,255.09
2023-07-05,Store_A,Electronics,0,222.96
2023-07-06,Store_A,Electronics,0,158.61
2023-07-07,Store_A,Electronics,0,194.72
2023-07-08,Store_A,Electronics,0,134.6
2023-07-09,Store_A,Electronics,0,128.53
2023-07-10,Store_A,Electronics,0,177.03
2023-07-11,Store_A,Electronics,0,215.67
2023-07-12,Store_A,Electronics,0,192.7
2023-07-13,Store_A,Electronics,0,135.42
2023-07-14,Store_A,Electronics,0,214.05
2023-07-15,Store_A,Electronics,0,138.24
2023-07-16,Store_A,Electronics,0,103.99
2023-07-17,Store_A,Electronics,0,181.58
2023-07-18,Store_A,Electronics,0,175.9
2023-07-19,Store_A,Electronics,0,171.79
2023-07-20,Store_A,Electronics,0,180.21
2023-07-21,Store_A,Electronics,0,189.73
2023-07-22,Store_A,Electronics,0,213.05
2023-07-23,Store_A,Electronics,0,148.83
2023-07-24,Store_A,Electronics,0,156.58
2023-07-25,Store_A,Electronics,0,182.11
2023-07-26,Store_A,Electronics,0,204.38
2023-07-27,Store_A,Electronics,0,164.61
2023-07-28,Store_A,Electronics,0,169.01
2023-07-29,Store_A,Electronics,0,184.76
2023-07-30,Store_A,Electronics,0,122.04
2023-07-31,Store_A,Electronics,0,158.86
2023-08-01,Store_A,Electronics,0,138.31
2023-08-02,Store_A,Electronics,0,181.93
2023-08-03,Store_A,Electronics,0,156.98
2023-08-04,Store_A,Electronics,0,147.46
2023-08-05,Store_A,Electronics,0,168.79
2023-08-06,Store_A,Electronics,0,127.87
2023-08-07,Store_A,Electronics,0,161.79
2023-08-08,Store_A,Electronics,0,202.99
2023-08-09,Store_A,Electronics,0,205.74
2023-08-10,Store_A,Electronics,0,160.11
2023-08-11,Store_A,Electronics,0,193.54
2023-08-12,Store_A,Electronics,0,183.02
2023-08-13,Store_A,Electronics,1,186.77
2023-08-14,Store_A,Electronics,0,127.09
2023-08-15,Store_A,Electronics,0,178.0
2023-08-16,Store_A,Electronics,0,212.88
2023-08-17,Store_A,Electronics,0,141.31
2023-08-18,Store_A,Electronics,0,172.82
2023-08-19,Store_A,Electronics,0,159.8
2023-08-20,Store_A,Electronics,0,114.8
2023-08-21,Store_A,Electronics,0,173.85
2023-08-22,Store_A,Electronics,0,172.69
2023-08-23,Store_A,Electronics,1,270.61
2023-08-24,Store_A,Electronics,0,176.06
2023-08-25,Store_A,Electronics,0,161.02
2023-08-26,Store_A,Electronics,0,170.99
2023-08-27,Store_A,Electronics,0,158.03
2023-08-28,Store_A,Electronics,0,166.59
2023-08-29,Store_A,Electronics,1,246.38
2023-08-30,Store_A,Electronics,0,220.3
2023-08-31,Store_A,Electronics,0,157.66
2023-09-01,Store_A,Electronics,0,188.14
2023-09-02,Store_A,Electronics,0,201.39
2023-09-03,Store_A,Electronics,0,155.83
2023-09-04,Store_A,Electronics,0,144.82
2023-09-05,Store_A,Electronics,0,203.05
2023-09-06,Store_A,Electronics,0,187.54
2023-09-07,Store_A,Electronics,0,142.57
2023-09-08,Store_A,Electronics,0,198.44
2023-09-09,Store_A,Electronics,0,227.16
2023-09-10,Store_A,Electronics,0,167.61
2023-09-11,Store_A,Electronics,1,235.93
2023-09-12,Store_A,Electronics,0,167.01
2023-09-13,Store_A,Electronics,0,164.88
2023-09-14,Store_A,Electronics,0,190.02
2023-09-15,Store_A,Electronics,0,218.17
2023-09-16,Store_A,Electronics,0,207.89
2023-09-17,Store_A,Electronics,0,164.39
2023-09-18,Store_A,Electronics,0,192.0
2023-09-19,Store_A,Electronics,0,209.77
2023-09-20,Store_A,Electronics,0,235.17
2023-09-21,Store_A,Electronics,0,184.28
2023-09-22,Store_A,Electronics,0,216.52
2023-09-23,Store_A,Electronics,0,164.58
2023-09-24,Store_A,Electronics,0,147.55
2023-09-25,Store_A,Electronics,0,204.26
2023-09-26,Store_A,Electronics,0,223.19
2023-09-27,Store_A,Electronics,0,169.91
2023-09-28,Store_A,Electronics,0,241.77
2023-09-29,Store_A,Electronics,0,225.21
2023-09-30,Store_A,Electronics,0,209.19
2023-10-01,Store_A,Electronics,1,216.62
2023-10-02,Store_A,Electronics,0,182.62
2023-10-03,Store_A,Electronics,0,219.58
2023-10-04,Store_A,Electronics,0,235.48
2023-10-05,Store_A,Electronics,0,213.89
2023-10-06,Store_A,Electronics,0,217.93
2023-10-07,Store_A,Electronics,0,194.21
2023-10-08,Store_A,Electronics,0,152.07
2023-10-09,Store_A,Electronics,1,282.93
2023-10-10,Store_A,Electronics,0,242.17
2023-10-11,Store_A,Electronics,0,240.21
2023-10-12,Store_A,Electronics,0,235.55
2023-10-13,Store_A,Electronics,0,232.82
2023-10-14,Store_A,Electronics,1,299.92
2023-10-15,Store_A,Electronics,0,188.96
2023-10-16,Store_A,Electronics,0,221.66
2023-10-17,Store_A,Electronics,1,272.97
2023-10-18,Store_A,Electronics,0,187.34
2023-10-19,Store_A,Electronics,0,226.22
2023-10-20,Store_A,Electronics,1,267.2
2023-10-21,Store_A,Electronics,0,218.85
2023-10-22,Store_A,Electronics,0,140.66
2023-10-23,Store_A,Electronics,0,236.15
2023-10-24,Store_A,Electronics,0,255.96
2023-10-25,Store_A,Electronics,0,251.22
2023-10-26,Store_A,Electronics,1,275.0
2023-10-27,Store_A,Electronics,0,213.48
2023-10-28,Store_A,Electronics,1,252.16
2023-10-29,Store_A,Electronics,0,180.87
2023-10-30,Store_A,Electronics,0,231.85
2023-10-31,Store_A,Electronics,0,237.11
2023-11-01,Store_A,Electronics,0,261.08
2023-11-02,Store_A,Electronics,0,245.78
2023-11-03,Store_A,Electronics,1,333.55
2023-11-04,Store_A,Electronics,0,200.86
2023-11-05,Store_A,Electronics,0,183.51
2023-11-06,Store_A,Electronics,0,234.33
2023-11-07,Store_A,Electronics,0,280.62
2023-11-08,Store_A,Electronics,0,280.81
2023-11-09,Store_A,Electronics,1,311.38
2023-11-10,Store_A,Electronics,1,351.98
2023-11-11,Store_A,Electronics,0,252.02
2023-11-12,Store_A,Electronics,0,174.33
2023-11-13,Store_A,Electronics,1,308.54
2023-11-14,Store_A,Electronics,0,281.01
2023-11-15,Store_A,Electronics,0,301.32
2023-11-16,Store_A,Electronics,0,236.32
2023-11-17,Store_A,Electronics,0,245.93
2023-11-18,Store_A,Electronics,0,269.64
2023-11-19,Store_A,Electronics,0,220.05
2023-11-20,Store_A,Electronics,0,244.06
2023-11-21,Store_A,Electronics,0,289.16
2023-11-22,Store_A,Electronics,0,287.44
2023-11-23,Store_A,Electronics,1,328.35
2023-11-24,Store_A,Electronics,0,265.92
2023-11-25,Store_A,Electronics,0,273.8
2023-11-26,Store_A,Electronics,0,193.78
2023-11-27,Store_A,Electronics,0,249.22
2023-11-28,Store_A,Electronics,0,268.66
2023-11-29,Store_A,Electronics,0,244.42
2023-11-30,Store_A,Electronics,0,268.2
2023-12-01,Store_A,Electronics,0,269.24
2023-12-02,Store_A,Electronics,0,272.16
2023-12-03,Store_A,Electronics,0,204.04
2023-12-04,Store_A,Electronics,0,266.09
2023-12-05,Store_A,Electronics,0,308.25
2023-12-06,Store_A,Electronics,0,238.22
2023-12-07,Store_A,Electronics,0,241.13
2023-12-08,Store_A,Electronics,0,266.77
2023-12-09,Store_A,Electronics,0,242.27
2023-12-10,Store_A,Electronics,0,223.89
2023-12-11,Store_A,Electronics,0,261.45
2023-12-12,Store_A,Electronics,0,293.34
2023-12-13,Store_A,Electronics,0,291.66
2023-12-14,Store_A,Electronics,0,282.82
2023-12-15,Store_A,Electronics,0,409.11
2023-12-16,Store_A,Electronics,0,382.01
2023-12-17,Store_A,Electronics,0,333.85
2023-12-18,Store_A,Electronics,0,374.59
2023-12-19,Store_A,Electronics,0,385.47
2023-12-20,Store_A,Electronics,0,417.42
2023-12-21,Store_A,Electronics,0,375.72
2023-12-22,Store_A,Electronics,0,404.67
2023-12-23,Store_A,Electronics,0,419.1
2023-12-24,Store_A,Electronics,0,379.89
2023-12-25,Store_A,Electronics,0,404.66
2023-12-26,Store_A,Electronics,0,406.19
2023-12-27,Store_A,Electronics,0,402.86
2023-12-28,Store_A,Electronics,0,407.01
2023-12-29,Store_A,Electronics,0,400.07
2023-12-30,Store_A,Electronics,0,415.58
2023-12-31,Store_A,Electronics,0,346.54
2024-01-01,Store_A,Electronics,0,260.39
2024-01-02,Store_A,Electronics,0,305.46
2024-01-03,Store_A,Electronics,0,260.22
2024-01-04,Store_A,Electronics,0,267.7
2024-01-05,Store_A,Electronics,0,307.59
2024-01-06,Store_A,Electronics,0,294.84
2024-01-07,Store_A,Electronics,1,313.82
2024-01-08,Store_A,Electronics,0,262.26
2024-01-09,Store_A,Electronics,0,309.59
2024-01-10,Store_A,Electronics,1,343.22
2024-01-11,Store_A,Electronics,0,261.32
2024-01-12,Store_A,Electronics,0,309.06
2024-01-13,Store_A,Electronics,0,263.31
2024-01-14,Store_A,Electronics,0,277.43
2024-01-15,Store_A,Electronics,0,284.05
2024-01-16,Store_A,Electronics,0,281.94
2024-01-17,Store_A,Electronics,0,316.69
2024-01-18,Store_A,Electronics,0,257.83
2024-01-19,Store_A,Electronics,0,331.76
2024-01-20,Store_A,Electronics,0,285.75
2024-01-21,Store_A,Electronics,0,231.76
2024-01-22,Store_A,Electronics,0,262.75
2024-01-23,Store_A,Electronics,0,278.77
2024-01-24,Store_A,Electronics,0,295.5
2024-01-25,Store_A,Electronics,0,259.05
2024-01-26,Store_A,Electronics,0,339.19
2024-01-27,Store_A,Electronics,0,274.08
2024-01-28,Store_A,Electronics,1,324.15
2024-01-29,Store_A,Electronics,1,336.63
2024-01-30,Store_A,Electronics,0,273.66
2024-01-31,Store_A,Electronics,0,295.64
2024-02-01,Store_A,Electronics,0,305.82
2024-02-02,Store_A,Electronics,0,292.84
2024-02-03,Store_A,Electronics,0,262.95
2024-02-04,Store_A,Electronics,1,317.45
2024-02-05,Store_A,Electronics,0,223.92
2024-02-06,Store_A,Electronics,0,286.6
2024-02-07,Store_A,Electronics,0,323.91
2024-02-08,Store_A,Electronics,0,276.2
2024-02-09,Store_A,Electronics,0,319.23
2024-02-10,Store_A,Electronics,0,261.04
2024-02-11,Store_A,Electronics,0,235.69
2024-02-12,Store_A,Electronics,1,322.57
2024-02-13,Store_A,Electronics,0,299.94
2024-02-14,Store_A,Electronics,0,297.35
2024-02-15,Store_A,Electronics,0,237.92
2024-02-16,Store_A,Electronics,0,327.01
2024-02-17,Store_A,Electronics,0,270.22
2024-02-18,Store_A,Electronics,1,303.35
2024-02-19,Store_A,Electronics,0,256.64
2024-02-20,Store_A,Electronics,0,287.08
2024-02-21,Store_A,Electronics,0,291.03
2024-02-22,Store_A,Electronics,0,257.62
2024-02-23,Store_A,Electronics,0,310.55
2024-02-24,Store_A,Electronics,0,263.97
2024-02-25,Store_A,Electronics,0,220.32
2024-02-26,Store_A,Electronics,0,228.58
2024-02-27,Store_A,Electronics,0,273.18
2024-02-28,Store_A,Electronics,0,276.01
2024-02-29,Store_A,Electronics,0,213.44
2024-03-01,Store_A,Electronics,0,251.03
2024-03-02,Store_A,Electronics,0,216.83
2024-03-03,Store_A,Electronics,0,226.54
2024-03-04,Store_A,Electronics,0,283.24
2024-03-05,Store_A,Electronics,0,252.0
2024-03-06,Store_A,Electronics,0,284.71
2024-03-07,Store_A,Electronics,0,262.47
2024-03-08,Store_A,Electronics,0,299.54
2024-03-09,Store_A,Electronics,0,283.09
2024-03-10,Store_A,Electronics,0,269.62
2024-03-11,Store_A,Electronics,0,255.76
2024-03-12,Store_A,Electronics,0,259.11
2024-03-13,Store_A,Electronics,0,269.31
2024-03-14,Store_A,Electronics,0,253.15
2024-03-15,Store_A,Electronics,0,269.24
2024-03-16,Store_A,Electronics,0,297.32
2024-03-17,Store_A,Electronics,0,234.48
2024-03-18,Store_A,Electronics,0,213.06
2024-03-19,Store_A,Electronics,0,279.54
2024-03-20,Store_A,Electronics,0,254.22
2024-03-21,Store_A,Electronics,0,271.07
2024-03-22,Store_A,Electronics,0,298.76
2024-03-23,Store_A,Electronics,0,253.9
2024-03-24,Store_A,Electronics,0,204.35
2024-03-25,Store_A,Electronics,0,269.49
2024-03-26,Store_A,Electronics,0,250.27
2024-03-27,Store_A,Electronics,0,253.67
2024-03-28,Store_A,Electronics,0,232.43
2024-03-29,Store_A,Electronics,0,269.15
2024-03-30,Store_A,Electronics,0,257.49
2024-03-31,Store_A,Electronics,1,292.97
2024-04-01,Store_A,Electronics,0,244.62
2024-04-02,Store_A,Electronics,0,268.43
2024-04-03,Store_A,Electronics,1,352.97
2024-04-04,Store_A,Electronics,0,225.45
2024-04-05,Store_A,Electronics,0,235.74
2024-04-06,Store_A,Electronics,0,257.98
2024-04-07,Store_A,Electronics,0,201.13
2024-04-08,Store_A,Electronics,0,246.92
2024-04-09,Store_A,Electronics,0,251.14
2024-04-10,Store_A,Electronics,0,245.01
2024-04-11,Store_A,Electronics,0,250.8
2024-04-12,Store_A,Electronics,0,259.88
2024-04-13,Store_A,Electronics,1,303.25
2024-04-14,Store_A,Electronics,0,245.03
2024-04-15,Store_A,Electronics,0,245.03
2024-04-16,Store_A,Electronics,1,323.89
2024-04-17,Store_A,Electronics,0,252.91
2024-04-18,Store_A,Electronics,0,232.95
2024-04-19,Store_A,Electronics,0,245.65
2024-04-20,Store_A,Electronics,0,237.68
2024-04-21,Store_A,Electronics,0,180.94
2024-04-22,Store_A,Electronics,0,191.01
2024-04-23,Store_A,Electronics,0,237.87
2024-04-24,Store_A,Electronics,0,249.93
2024-04-25,Store_A,Electronics,0,245.01
2024-04-26,Store_A,Electronics,0,229.33
2024-04-27,Store_A,Electronics,0,227.58
2024-04-28,Store_A,Electronics,0,194.52
2024-04-29,Store_A,Electronics,0,218.15
2024-04-30,Store_A,Electronics,0,264.4
2024-05-01,Store_A,Electronics,0,231.87
2024-05-02,Store_A,Electronics,0,201.96
2024-05-03,Store_A,Electronics,0,240.59
2024-05-04,Store_A,Electronics,0,215.69
2024-05-05,Store_A,Electronics,0,169.53
2024-05-06,Store_A,Electronics,0,191.08
2024-05-07,Store_A,Electronics,0,231.78
2024-05-08,Store_A,Electronics,0,217.85
2024-05-09,Store_A,Electronics,0,227.38
2024-05-10,Store_A,Electronics,0,245.72
2024-05-11,Store_A,Electronics,0,221.76
2024-05-12,Store_A,Electronics,0,151.48
2024-05-13,Store_A,Electronics,0,200.5
2024-05-14,Store_A,Electronics,0,240.24
2024-05-15,Store_A,Electronics,0,240.9
2024-05-16,Store_A,Electronics,0,219.7
2024-05-17,Store_A,Electronics,0,226.56
2024-05-18,Store_A,Electronics,0,207.52
2024-05-19,Store_A,Electronics,0,189.4
2024-05-20,Store_A,Electronics,0,195.11
2024-05-21,Store_A,Electronics,0,219.56
2024-05-22,Store_A,Electronics,0,274.19
2024-05-23,Store_A,Electronics,0,194.85
2024-05-24,Store_A,Electronics,0,178.59
2024-05-25,Store_A,Electronics,0,198.89
2024-05-26,Store_A,Electronics,0,157.4
2024-05-27,Store_A,Electronics,0,189.22
2024-05-28,Store_A,Electronics,0,217.91
2024-05-29,Store_A,Electronics,0,174.63
2024-05-30,Store_A,Electronics,0,205.7
2024-05-31,Store_A,Electronics,0,213.91
2024-06-01,Store_A,Electronics,0,191.76
2024-06-02,Store_A,Electronics,0,122.56
2024-06-03,Store_A,Electronics,0,207.34
2024-06-04,Store_A,Electronics,0,194.74
2024-06-05,Store_A,Electronics,0,221.81
2024-06-06,Store_A,Electronics,1,238.56
2024-06-07,Store_A,Electronics,0,216.36
2024-06-08,Store_A,Electronics,0,187.3
2024-06-09,Store_A,Electronics,0,162.35
2024-06-10,Store_A,Electronics,0,168.61
2024-06-11,Store_A,Electronics,0,181.69
2024-06-12,Store_A,Electronics,0,203.91
2024-06-13,Store_A,Electronics,0,185.04
2024-06-14,Store_A,Electronics,0,210.78
2024-06-15,Store_A,Electronics,0,206.55
2024-06-16,Store_A,Electronics,0,124.71
2024-06-17,Store_A,Electronics,0,187.58
2024-06-18,Store_A,Electronics,1,234.98
2024-06-19,Store_A,Electronics,0,212.14
2024-06-20,Store_A,Electronics,0,194.98
2024-06-21,Store_A,Electronics,0,192.97
2024-06-22,Store_A,Electronics,0,169.39
2024-06-23,Store_A,Electronics,0,126.17
2024-06-24,Store_A,Electronics,1,232.39
2024-06-25,Store_A,Electronics,0,205.19
2024-06-26,Store_A,Electronics,0,194.42
2024-06-27,Store_A,Electronics,0,135.99
2024-06-28,Store_A,Electronics,0,188.83
2024-06-29,Store_A,Electronics,0,170.51
2024-06-30,Store_A,Electronics,0,149.17
2024-07-01,Store_A,Electronics,0,174.89
2024-07-02,Store_A,Electronics,0,191.96
2024-07-03,Store_A,Electronics,0,212.28
2024-07-04,Store_A,Electronics,0,196.25
2024-07-05,Store_A,Electronics,0,187.72
2024-07-06,Store_A,Electronics,0,163.15
2024-07-07,Store_A,Electronics,0,136.1
2024-07-08,Store_A,Electronics,0,128.73
2024-07-09,Store_A,Electronics,0,190.18
2024-07-10,Store_A,Electronics,1,246.79
2024-07-11,Store_A,Electronics,0,237.29
2024-07-12,Store_A,Electronics,0,223.04
2024-07-13,Store_A,Electronics,0,166.22
2024-07-14,Store_A,Electronics,0,116.15
2024-07-15,Store_A,Electronics,0,147.73
2024-07-16,Store_A,Electronics,0,205.65
2024-07-17,Store_A,Electronics,0,212.28
2024-07-18,Store_A,Electronics,0,202.51
2024-07-19,Store_A,Electronics,0,178.18
2024-07-20,Store_A,Electronics,0,187.4
2024-07-21,Store_A,Electronics,0,120.63
2024-07-22,Store_A,Electronics,0,193.29
2024-07-23,Store_A,Electronics,0,169.71
2024-07-24,Store_A,Electronics,0,167.99
2024-07-25,Store_A,Electronics,1,217.84
2024-07-26,Store_A,Electronics,0,195.24
2024-07-27,Store_A,Electronics,0,191.63
2024-07-28,Store_A,Electronics,0,148.58
2024-07-29,Store_A,Electronics,0,141.11
2024-07-30,Store_A,Electronics,0,179.35
2024-07-31,Store_A,Electronics,0,183.23
2024-08-01,Store_A,Electronics,0,152.95
2024-08-02,Store_A,Electronics,0,186.08
2024-08-03,Store_A,Electronics,0,205.85
2024-08-04,Store_A,Electronics,0,112.31
2024-08-05,Store_A,Electronics,0,167.24
2024-08-06,Store_A,Electronics,0,215.31
2024-08-07,Store_A,Electronics,0,220.6
2024-08-08,Store_A,Electronics,0,211.0
2024-08-09,Store_A,Electronics,0,204.36
2024-08-10,Store_A,Electronics,0,190.22
2024-08-11,Store_A,Electronics,0,129.76
2024-08-12,Store_A,Electronics,0,139.35
2024-08-13,Store_A,Electronics,0,187.68
2024-08-14,Store_A,Electronics,1,283.04
2024-08-15,Store_A,Electronics,0,136.37
2024-08-16,Store_A,Electronics,0,191.65
2024-08-17,Store_A,Electronics,0,194.83
2024-08-18,Store_A,Electronics,0,142.65
2024-08-19,Store_A,Electronics,0,192.66
2024-08-20,Store_A,Electronics,0,213.21
2024-08-21,Store_A,Electronics,0,172.22
2024-08-22,Store_A,Electronics,0,185.07
2024-08-23,Store_A,Electronics,0,189.6
2024-08-24,Store_A,Electronics,0,172.59
2024-08-25,Store_A,Electronics,0,119.42
2024-08-26,Store_A,Electronics,0,176.49
2024-08-27,Store_A,Electronics,0,222.35
2024-08-28,Store_A,Electronics,0,210.59
2024-08-29,Store_A,Electronics,0,159.55
2024-08-30,Store_A,Electronics,0,207.15
2024-08-31,Store_A,Electronics,0,201.56
2024-09-01,Store_A,Electronics,0,147.85
2024-09-02,Store_A,Electronics,0,182.17
2024-09-03,Store_A,Electronics,0,188.56
2024-09-04,Store_A,Electronics,0,203.81
2024-09-05,Store_A,Electronics,0,186.01
2024-09-06,Store_A,Electronics,0,241.89
2024-09-07,Store_A,Electronics,0,176.06
2024-09-08,Store_A,Electronics,0,113.42
2024-09-09,Store_A,Electronics,0,208.46
2024-09-10,Store_A,Electronics,0,208.97
2024-09-11,Store_A,Electronics,0,189.63
2024-09-12,Store_A,Electronics,0,214.79
2024-09-13,Store_A,Electronics,0,229.35
2024-09-14,Store_A,Electronics,0,234.25
2024-09-15,Store_A,Electronics,1,228.36
2024-09-16,Store_A,Electronics,0,234.18
2024-09-17,Store_A,Electronics,0,209.88
2024-09-18,Store_A,Electronics,0,230.52
2024-09-19,Store_A,Electronics,1,280.93
2024-09-20,Store_A,Electronics,0,286.04
2024-09-21,Store_A,Electronics,0,198.85
2024-09-22,Store_A,Electronics,0,157.29
2024-09-23,Store_A,Electronics,0,206.91
2024-09-24,Store_A,Electronics,0,192.66
2024-09-25,Store_A,Electronics,0,210.53
2024-09-26,Store_A,Electronics,0,205.96
2024-09-27,Store_A,Electronics,0,261.89
2024-09-28,Store_A,Electronics,1,292.19
2024-09-29,Store_A,Electronics,0,174.14
2024-09-30,Store_A,Electronics,0,188.31
2024-10-01,Store_A,Electronics,0,182.39
2024-10-02,Store_A,Electronics,0,272.44
2024-10-03,Store_A,Electronics,0,214.06
2024-10-04,Store_A,Electronics,0,221.69
2024-10-05,Store_A,Electronics,0,265.57
2024-10-06,Store_A,Electronics,0,154.47
2024-10-07,Store_A,Electronics,0,230.89
2024-10-08,Store_A,Electronics,0,231.4
2024-10-09,Store_A,Electronics,0,252.87
2024-10-10,Store_A,Electronics,0,232.67
2024-10-11,Store_A,Electronics,0,257.42
2024-10-12,Store_A,Electronics,1,338.65
2024-10-13,Store_A,Electronics,0,229.62
2024-10-14,Store_A,Electronics,0,198.18
2024-10-15,Store_A,Electronics,0,247.9
2024-10-16,Store_A,Electronics,0,211.23
2024-10-17,Store_A,Electronics,0,245.31
2024-10-18,Store_A,Electronics,0,271.39
2024-10-19,Store_A,Electronics,0,192.15
2024-10-20,Store_A,Electronics,0,192.36
2024-10-21,Store_A,Electronics,0,233.39
2024-10-22,Store_A,Electronics,0,251.84
2024-10-23,Store_A,Electronics,0,227.65
2024-10-24,Store_A,Electronics,0,213.23
2024-10-25,Store_A,Electronics,0,254.1
2024-10-26,Store_A,Electronics,0,232.07
2024-10-27,Store_A,Electronics,0,193.0
2024-10-28,Store_A,Electronics,0,198.89
2024-10-29,Store_A,Electronics,0,252.34
2024-10-30,Store_A,Electronics,0,291.02
2024-10-31,Store_A,Electronics,0,218.95
2024-11-01,Store_A,Electronics,0,259.34
2024-11-02,Store_A,Electronics,0,259.58
2024-11-03,Store_A,Electronics,0,175.43
2024-11-04,Store_A,Electronics,0,233.34
2024-11-05,Store_A,Electronics,0,279.24
2024-11-06,Store_A,Electronics,0,245.76
2024-11-07,Store_A,Electronics,0,251.98
2024-11-08,Store_A,Electronics,0,289.57
2024-11-09,Store_A,Electronics,0,300.57
2024-11-10,Store_A,Electronics,0,214.88
2024-11-11,Store_A,Electronics,0,224.87
2024-11-12,Store_A,Electronics,0,228.67
2024-11-13,Store_A,Electronics,0,258.06
2024-11-14,Store_A,Electronics,0,227.94
2024-11-15,Store_A,Electronics,1,375.0
2024-11-16,Store_A,Electronics,0,278.29
2024-11-17,Store_A,Electronics,0,197.14
2024-11-18,Store_A,Electronics,0,230.14
2024-11-19,Store_A,Electronics,0,272.74
2024-11-20,Store_A,Electronics,0,299.0
2024-11-21,Store_A,Electronics,0,272.0
2024-11-22,Store_A,Electronics,0,291.06
2024-11-23,Store_A,Electronics,0,270.62
2024-11-24,Store_A,Electronics,0,204.13
2024-11-25,Store_A,Electronics,0,253.07
2024-11-26,Store_A,Electronics,0,276.49
2024-11-27,Store_A,Electronics,0,256.19
2024-11-28,Store_A,Electronics,0,301.23
2024-11-29,Store_A,Electronics,0,276.99
2024-11-30,Store_A,Electronics,0,244.63
2024-12-01,Store_A,Electronics,0,222.47
2024-12-02,Store_A,Electronics,0,251.81
2024-12-03,Store_A,Electronics,0,281.34
2024-12-04,Store_A,Electronics,0,284.17
2024-12-05,Store_A,Electronics,0,272.77
2024-12-06,Store_A,Electronics,0,296.99
2024-12-07,Store_A,Electronics,0,279.34
2024-12-08,Store_A,Electronics,0,244.11
2024-12-09,Store_A,Electronics,0,271.02
2024-12-10,Store_A,Electronics,0,297.23
2024-12-11,Store_A,Electronics,0,309.05
2024-12-12,Store_A,Electronics,0,263.95
2024-12-13,Store_A,Electronics,0,285.47
2024-12-14,Store_A,Electronics,0,302.63
2024-12-15,Store_A,Electronics,0,352.58
2024-12-16,Store_A,Electronics,0,383.85
2024-12-17,Store_A,Electronics,0,407.7
2024-12-18,Store_A,Electronics,0,464.19
2024-12-19,Store_A,Electronics,0,384.86
2024-12-20,Store_A,Electronics,0,405.28
2024-12-21,Store_A,Electronics,0,405.65
2024-12-22,Store_A,Electronics,0,360.87
2024-12-23,Store_A,Electronics,0,367.46
2024-12-24,Store_A,Electronics,0,413.72
2024-12-25,Store_A,Electronics,0,422.51
2024-12-26,Store_A,Electronics,0,395.25
2024-12-27,Store_A,Electronics,0,422.97
2024-12-28,Store_A,Electronics,0,393.77
2024-12-29,Store_A,Electronics,0,345.11
2024-12-30,Store_A,Electronics,0,384.78
2024-12-31,Store_A,Electronics,0,398.56
2021-01-01,Store_A,Clothing,0,308.21
2021-01-02,Store_A,Clothing,0,273.22
2021-01-03,Store_A,Clothing,1,353.15
2021-01-04,Store_A,Clothing,0,288.2
2021-01-05,Store_A,Clothing,0,357.02
2021-01-06,Store_A,Clothing,0,290.22
2021-01-07,Store_A,Clothing,0,308.56
2021-01-08,Store_A,Clothing,0,348.74
2021-01-09,Store_A,Clothing,0,306.17
2021-01-10,Store_A,Clothing,0,269.02
2021-01-11,Store_A,Clothing,0,255.42
2021-01-12,Store_A,Clothing,0,322.38
2021-01-13,Store_A,Clothing,0,319.88
2021-01-14,Store_A,Clothing,0,342.73
2021-01-15,Store_A,Clothing,0,348.79
2021-01-16,Store_A,Clothing,0,342.84
2021-01-17,Store_A,Clothing,0,300.42
2021-01-18,Store_A,Clothing,0,290.17
2021-01-19,Store_A,Clothing,0,336.86
2021-01-20,Store_A,Clothing,0,315.01
2021-01-21,Store_A,Clothing,0,329.4
2021-01-22,Store_A,Clothing,0,358.32
2021-01-23,Store_A,Clothing,1,411.35
2021-01-24,Store_A,Clothing,0,259.12
2021-01-25,Store_A,Clothing,0,347.65
2021-01-26,Store_A,Clothing,0,334.59
2021-01-27,Store_A,Clothing,0,415.3
2021-01-28,Store_A,Clothing,0,293.34
2021-01-29,Store_A,Clothing,0,360.35
2021-01-30,Store_A,Clothing,0,347.52
2021-01-31,Store_A,Clothing,0,244.74
2021-02-01,Store_A,Clothing,0,295.82
2021-02-02,Store_A,Clothing,0,298.37
2021-02-03,Store_A,Clothing,0,370.89
2021-02-04,Store_A,Clothing,0,316.4
2021-02-05,Store_A,Clothing,0,322.92
2021-02-06,Store_A,Clothing,0,346.36
2021-02-07,Store_A,Clothing,0,269.16
2021-02-08,Store_A,Clothing,0,320.93
2021-02-09,Store_A,Clothing,0,341.98
2021-02-10,Store_A,Clothing,0,314.61
2021-02-11,Store_A,Clothing,0,303.27
2021-02-12,Store_A,Clothing,0,321.19
2021-02-13,Store_A,Clothing,0,291.23
2021-02-14,Store_A,Clothing,0,226.19
2021-02-15,Store_A,Clothing,0,348.25
2021-02-16,Store_A,Clothing,0,335.3
2021-02-17,Store_A,Clothing,0,346.16
2021-02-18,Store_A,Clothing,0,340.88
2021-02-19,Store_A,Clothing,0,324.64
2021-02-20,Store_A,Clothing,1,362.75
2021-02-21,Store_A,Clothing,0,281.41
2021-02-22,Store_A,Clothing,0,264.01
2021-02-23,Store_A,Clothing,0,342.15
2021-02-24,Store_A,Clothing,0,295.02
2021-02-25,Store_A,Clothing,0,277.94
2021-02-26,Store_A,Clothing,1,398.12
2021-02-27,Store_A,Clothing,0,328.31
2021-02-28,Store_A,Clothing,0,299.34
2021-03-01,Store_A,Clothing,0,299.84
2021-03-02,Store_A,Clothing,0,304.87
2021-03-03,Store_A,Clothing,0,349.75
2021-03-04,Store_A,Clothing,0,267.2
2021-03-05,Store_A,Clothing,0,306.17
2021-03-06,Store_A,Clothing,0,308.69
2021-03-07,Store_A,Clothing,0,272.6
2021-03-08,Store_A,Clothing,0,278.88
2021-03-09,Store_A,Clothing,0,306.72
2021-03-10,Store_A,Clothing,0,314.99
2021-03-11,Store_A,Clothing,0,325.98
2021-03-12,Store_A,Clothing,0,304.37
2021-03-13,Store_A,Clothing,0,276.36
2021-03-14,Store_A,Clothing,1,320.84
2021-03-15,Store_A,Clothing,0,308.86
2021-03-16,Store_A,Clothing,0,291.95
2021-03-17,Store_A,Clothing,0,308.65
2021-03-18,Store_A,Clothing,0,254.82
2021-03-19,Store_A,Clothing,0,311.39
2021-03-20,Store_A,Clothing,0,299.87
2021-03-21,Store_A,Clothing,0,211.08
2021-03-22,Store_A,Clothing,1,378.42
2021-03-23,Store_A,Clothing,0,306.84
2021-03-24,Store_A,Clothing,0,295.35
2021-03-25,Store_A,Clothing,0,291.08
2021-03-26,Store_A,Clothing,0,321.78
2021-03-27,Store_A,Clothing,0,243.53
2021-03-28,Store_A,Clothing,0,240.28
2021-03-29,Store_A,Clothing,0,293.92
2021-03-30,Store_A,Clothing,0,275.0
2021-03-31,Store_A,Clothing,0,288.49
2021-04-01,Store_A,Clothing,0,269.53
2021-04-02,Store_A,Clothing,0,321.67
2021-04-03,Store_A,Clothing,0,253.31
2021-04-04,Store_A,Clothing,0,236.97
2021-04-05,Store_A,Clothing,0,248.2
2021-04-06,Store_A,Clothing,0,328.46
2021-04-07,Store_A,Clothing,1,366.31
2021-04-08,Store_A,Clothing,0,215.38
2021-04-09,Store_A,Clothing,0,309.91
2021-04-10,Store_A,Clothing,0,281.16
2021-04-11,Store_A,Clothing,0,222.54
2021-04-12,Store_A,Clothing,0,277.53
2021-04-13,Store_A,Clothing,0,237.79
2021-04-14,Store_A,Clothing,0,262.54
2021-04-15,Store_A,Clothing,0,261.2
2021-04-16,Store_A,Clothing,0,289.33
2021-04-17,Store_A,Clothing,0,258.92
2021-04-18,Store_A,Clothing,0,172.79
2021-04-19,Store_A,Clothing,0,228.11
2021-04-20,Store_A,Clothing,0,310.15
2021-04-21,Store_A,Clothing,0,249.58
2021-04-22,Store_A,Clothing,0,252.47
2021-04-23,Store_A,Clothing,0,289.07
2021-04-24,Store_A,Clothing,0,273.96
2021-04-25,Store_A,Clothing,0,217.23
2021-04-26,Store_A,Clothing,0,218.19
2021-04-27,Store_A,Clothing,0,239.5
2021-04-28,Store_A,Clothing,0,310.88
2021-04-29,Store_A,Clothing,0,267.02
2021-04-30,Store_A,Clothing,0,270.66
2021-05-01,Store_A,Clothing,0,281.05
2021-05-02,Store_A,Clothing,0,156.03
2021-05-03,Store_A,Clothing,0,190.69
2021-05-04,Store_A,Clothing,0,199.63
2021-05-05,Store_A,Clothing,1,343.22
2021-05-06,Store_A,Clothing,1,321.59
2021-05-07,Store_A,Clothing,0,226.73
2021-05-08,Store_A,Clothing,0,259.31
2021-05-09,Store_A,Clothing,0,138.51
2021-05-10,Store_A,Clothing,0,223.76
2021-05-11,Store_A,Clothing,0,259.49
2021-05-12,Store_A,Clothing,0,255.01
2021-05-13,Store_A,Clothing,0,191.7
2021-05-14,Store_A,Clothing,0,282.94
2021-05-15,Store_A,Clothing,0,218.28
2021-05-16,Store_A,Clothing,0,165.0
2021-05-17,Store_A,Clothing,0,190.55
2021-05-18,Store_A,Clothing,0,254.6
2021-05-19,Store_A,Clothing,0,230.9
2021-05-20,Store_A,Clothing,0,192.98
2021-05-21,Store_A,Clothing,0,269.86
2021-05-22,Store_A,Clothing,0,221.76
2021-05-23,Store_A,Clothing,0,194.84
2021-05-24,Store_A,Clothing,0,200.5
2021-05-25,Store_A,Clothing,1,292.0
2021-05-26,Store_A,Clothing,0,193.66
2021-05-27,Store_A,Clothing,0,218.07
2021-05-28,Store_A,Clothing,0,231.08
2021-05-29,Store_A,Clothing,1,314.32
2021-05-30,Store_A,Clothing,0,148.57
2021-05-31,Store_A,Clothing,0,202.79
2021-06-01,Store_A,Clothing,0,223.09
2021-06-02,Store_A,Clothing,0,210.15
2021-06-03,Store_A,Clothing,0,195.36
2021-06-04,Store_A,Clothing,0,199.55
2021-06-05,Store_A,Clothing,0,254.99
2021-06-06,Store_A,Clothing,1,245.66
2021-06-07,Store_A,Clothing,0,152.92
2021-06-08,Store_A,Clothing,1,341.16
2021-06-09,Store_A,Clothing,0,197.76
2021-06-10,Store_A,Clothing,0,187.31
2021-06-11,Store_A,Clothing,0,220.61
2021-06-12,Store_A,Clothing,0,204.23
2021-06-13,Store_A,Clothing,0,168.61
2021-06-14,Store_A,Clothing,0,133.48
2021-06-15,Store_A,Clothing,0,212.69
2021-06-16,Store_A,Clothing,0,212.08
2021-06-17,Store_A,Clothing,0,201.05
2021-06-18,Store_A,Clothing,0,213.22
2021-06-19,Store_A,Clothing,0,187.76
2021-06-20,Store_A,Clothing,1,223.11
2021-06-21,Store_A,Clothing,0,218.94
2021-06-22,Store_A,Clothing,1,276.64
2021-06-23,Store_A,Clothing,0,243.32
2021-06-24,Store_A,Clothing,0,195.72
2021-06-25,Store_A,Clothing,0,219.31
2021-06-26,Store_A,Clothing,0,199.59
2021-06-27,Store_A,Clothing,0,154.16
2021-06-28,Store_A,Clothing,0,163.96
2021-06-29,Store_A,Clothing,0,230.59
2021-06-30,Store_A,Clothing,0,223.1
2021-07-01,Store_A,Clothing,1,238.36
2021-07-02,Store_A,Clothing,0,160.28
2021-07-03,Store_A,Clothing,0,233.09
2021-07-04,Store_A,Clothing,0,144.59
2021-07-05,Store_A,Clothing,0,136.83
2021-07-06,Store_A,Clothing,0,190.23
2021-07-07,Store_A,Clothing,0,230.78
2021-07-08,Store_A,Clothing,0,182.13
2021-07-09,Store_A,Clothing,0,209.28
2021-07-10,Store_A,Clothing,0,206.87
2021-07-11,Store_A,Clothing,0,144.89
2021-07-12,Store_A,Clothing,0,182.1
2021-07-13,Store_A,Clothing,0,216.23
2021-07-14,Store_A,Clothing,0,189.48
2021-07-15,Store_A,Clothing,0,169.79
2021-07-16,Store_A,Clothing,0,190.08
2021-07-17,Store_A,Clothing,0,174.45
2021-07-18,Store_A,Clothing,0,132.9
2021-07-19,Store_A,Clothing,0,165.84
2021-07-20,Store_A,Clothing,0,232.7
2021-07-21,Store_A,Clothing,0,212.77
2021-07-22,Store_A,Clothing,0,181.85
2021-07-23,Store_A,Clothing,1,353.69
2021-07-24,Store_A,Clothing,0,163.17
2021-07-25,Store_A,Clothing,0,128.5
2021-07-26,Store_A,Clothing,0,210.93
2021-07-27,Store_A,Clothing,0,241.82
2021-07-28,Store_A,Clothing,0,198.78
2021-07-29,Store_A,Clothing,0,144.63
2021-07-30,Store_A,Clothing,0,199.56
2021-07-31,Store_A,Clothing,0,223.6
2021-08-01,Store_A,Clothing,0,134.01
2021-08-02,Store_A,Clothing,0,185.79
2021-08-03,Store_A,Clothing,1,279.75
2021-08-04,Store_A,Clothing,0,173.05
2021-08-05,Store_A,Clothing,0,187.24
2021-08-06,Store_A,Clothing,0,232.94
2021-08-07,Store_A,Clothing,0,176.63
2021-08-08,Store_A,Clothing,0,158.98
2021-08-09,Store_A,Clothing,0,172.73
2021-08-10,Store_A,Clothing,0,220.85
2021-08-11,Store_A,Clothing,0,218.56
2021-08-12,Store_A,Clothing,1,245.56
2021-08-13,Store_A,Clothing,0,207.64
2021-08-14,Store_A,Clothing,0,185.7
2021-08-15,Store_A,Clothing,0,126.56
2021-08-16,Store_A,Clothing,0,179.88
2021-08-17,Store_A,Clothing,0,254.34
2021-08-18,Store_A,Clothing,0,240.67
2021-08-19,Store_A,Clothing,0,223.2
2021-08-20,Store_A,Clothing,0,201.78
2021-08-21,Store_A,Clothing,0,228.48
2021-08-22,Store_A,Clothing,0,185.67
2021-08-23,Store_A,Clothing,0,160.22
2021-08-24,Store_A,Clothing,0,220.55
2021-08-25,Store_A,Clothing,0,229.61
2021-08-26,Store_A,Clothing,1,271.5
2021-08-27,Store_A,Clothing,0,227.24
2021-08-28,Store_A,Clothing,0,214.96
2021-08-29,Store_A,Clothing,1,226.59
2021-08-30,Store_A,Clothing,0,208.22
2021-08-31,Store_A,Clothing,0,184.23
2021-09-01,Store_A,Clothing,0,215.05
2021-09-02,Store_A,Clothing,0,220.16
2021-09-03,Store_A,Clothing,0,273.94
2021-09-04,Store_A,Clothing,0,234.93
2021-09-05,Store_A,Clothing,0,159.87
2021-09-06,Store_A,Clothing,0,185.46
2021-09-07,Store_A,Clothing,0,213.67
2021-09-08,Store_A,Clothing,0,222.43
2021-09-09,Store_A,Clothing,0,165.21
2021-09-10,Store_A,Clothing,0,278.81
2021-09-11,Store_A,Clothing,0,212.76
2021-09-12,Store_A,Clothing,0,143.6
2021-09-13,Store_A,Clothing,0,205.28
2021-09-14,Store_A,Clothing,0,209.84
2021-09-15,Store_A,Clothing,0,258.68
2021-09-16,Store_A,Clothing,0,196.85
2021-09-17,Store_A,Clothing,0,260.39
2021-09-18,Store_A,Clothing,0,213.6
2021-09-19,Store_A,Clothing,0,176.65
2021-09-20,Store_A,Clothing,0,222.84
2021-09-21,Store_A,Clothing,0,221.52
2021-09-22,Store_A,Clothing,0,263.31
2021-09-23,Store_A,Clothing,0,180.16
2021-09-24,Store_A,Clothing,0,286.3
2021-09-25,Store_A,Clothing,0,253.03
2021-09-26,Store_A,Clothing,1,255.12
2021-09-27,Store_A,Clothing,0,238.99
2021-09-28,Store_A,Clothing,0,268.44
2021-09-29,Store_A,Clothing,0,250.93
2021-09-30,Store_A,Clothing,0,230.17
2021-10-01,Store_A,Clothing,0,234.92
2021-10-02,Store_A,Clothing,0,237.67
2021-10-03,Store_A,Clothing,0,149.41
2021-10-04,Store_A,Clothing,0,236.17
2021-10-05,Store_A,Clothing,0,269.19
2021-10-06,Store_A,Clothing,0,216.92
2021-10-07,Store_A,Clothing,0,273.07
2021-10-08,Store_A,Clothing,0,250.18
2021-10-09,Store_A,Clothing,0,316.38
2021-10-10,Store_A,Clothing,0,199.19
2021-10-11,Store_A,Clothing,0,260.81
2021-10-12,Store_A,Clothing,0,235.88
2021-10-13,Store_A,Clothing,0,260.06
2021-10-14,Store_A,Clothing,0,234.08
2021-10-15,Store_A,Clothing,0,237.34
2021-10-16,Store_A,Clothing,0,222.57
2021-10-17,Store_A,Clothing,0,199.02
2021-10-18,Store_A,Clothing,0,244.02
2021-10-19,Store_A,Clothing,0,242.06
2021-10-20,Store_A,Clothing,0,267.19
2021-10-21,Store_A,Clothing,0,238.15
2021-10-22,Store_A,Clothing,0,280.68
2021-10-23,Store_A,Clothing,1,358.22
2021-10-24,Store_A,Clothing,0,213.32
2021-10-25,Store_A,Clothing,0,229.27
2021-10-26,Store_A,Clothing,0,301.21
2021-10-27,Store_A,Clothing,0,293.3
2021-10-28,Store_A,Clothing,0,267.59
2021-10-29,Store_A,Clothing,0,266.03
2021-10-30,Store_A,Clothing,1,372.93
2021-10-31,Store_A,Clothing,0,230.41
2021-11-01,Store_A,Clothing,0,264.22
2021-11-02,Store_A,Clothing,0,278.9
2021-11-03,Store_A,Clothing,0,283.53
2021-11-04,Store_A,Clothing,0,317.0
2021-11-05,Store_A,Clothing,0,289.24
2021-11-06,Store_A,Clothing,0,249.63
2021-11-07,Store_A,Clothing,0,232.31
2021-11-08,Store_A,Clothing,0,260.06
2021-11-09,Store_A,Clothing,1,399.4
2021-11-10,Store_A,Clothing,0,297.97
2021-11-11,Store_A,Clothing,0,296.75
2021-11-12,Store_A,Clothing,0,344.02
2021-11-13,Store_A,Clothing,1,376.69
2021-11-14,Store_A,Clothing,0,212.29
2021-11-15,Store_A,Clothing,0,225.29
2021-11-16,Store_A,Clothing,0,311.09
2021-11-17,Store_A,Clothing,0,301.18
2021-11-18,Store_A,Clothing,0,295.3
2021-11-19,Store_A,Clothing,0,315.51
2021-11-20,Store_A,Clothing,0,265.27
2021-11-21,Store_A,Clothing,0,240.01
2021-11-22,Store_A,Clothing,0,251.2
2021-11-23,Store_A,Clothing,0,296.63
2021-11-24,Store_A,Clothing,0,339.71
2021-11-25,Store_A,Clothing,1,378.52
2021-11-26,Store_A,Clothing,0,337.02
2021-11-27,Store_A,Clothing,0,306.17
2021-11-28,Store_A,Clothing,0,244.25
2021-11-29,Store_A,Clothing,0,289.62
2021-11-30,Store_A,Clothing,0,276.17
2021-12-01,Store_A,Clothing,0,342.89
2021-12-02,Store_A,Clothing,0,283.86
2021-12-03,Store_A,Clothing,0,342.3
2021-12-04,Store_A,Clothing,0,301.39
2021-12-05,Store_A,Clothing,0,228.12
2021-12-06,Store_A,Clothing,1,354.0
2021-12-07,Store_A,Clothing,0,334.71
2021-12-08,Store_A,Clothing,0,384.34
2021-12-09,Store_A,Clothing,0,308.43
2021-12-10,Store_A,Clothing,0,385.79
2021-12-11,Store_A,Clothing,0,275.79
2021-12-12,Store_A,Clothing,0,202.3
2021-12-13,Store_A,Clothing,0,289.92
2021-12-14,Store_A,Clothing,0,326.44
2021-12-15,Store_A,Clothing,0,500.34
2021-12-16,Store_A,Clothing,0,450.46
2021-12-17,Store_A,Clothing,0,500.1
2021-12-18,Store_A,Clothing,0,465.84
2021-12-19,Store_A,Clothing,0,449.65
2021-12-20,Store_A,Clothing,0,455.59
2021-12-21,Store_A,Clothing,0,551.69
2021-12-22,Store_A,Clothing,0,486.72
2021-12-23,Store_A,Clothing,0,499.05
2021-12-24,Store_A,Clothing,0,533.42
2021-12-25,Store_A,Clothing,0,415.44
2021-12-26,Store_A,Clothing,0,441.73
2021-12-27,Store_A,Clothing,0,425.21
2021-12-28,Store_A,Clothing,0,481.63
2021-12-29,Store_A,Clothing,0,468.63
2021-12-30,Store_A,Clothing,0,505.29
2021-12-31,Store_A,Clothing,0,486.21
2022-01-01,Store_A,Clothing,0,288.2
2022-01-02,Store_A,Clothing,1,362.23
2022-01-03,Store_A,Clothing,0,343.96
2022-01-04,Store_A,Clothing,1,394.0
2022-01-05,Store_A,Clothing,1,450.2
2022-01-06,Store_A,Clothing,0,280.78
2022-01-07,Store_A,Clothing,0,390.14
2022-01-08,Store_A,Clothing,0,341.66
2022-01-09,Store_A,Clothing,0,250.81
2022-01-10,Store_A,Clothing,0,330.3
2022-01-11,Store_A,Clothing,0,330.18
2022-01-12,Store_A,Clothing,0,328.73
2022-01-13,Store_A,Clothing,0,316.21
2022-01-14,Store_A,Clothing,0,371.14
2022-01-15,Store_A,Clothing,0,309.9
2022-01-16,Store_A,Clothing,0,226.65
2022-01-17,Store_A,Clothing,0,300.7
2022-01-18,Store_A,Clothing,0,376.12
2022-01-19,Store_A,Clothing,0,383.56
2022-01-20,Store_A,Clothing,0,317.12
2022-01-21,Store_A,Clothing,1,421.63
2022-01-22,Store_A,Clothing,0,318.59
2022-01-23,Store_A,Clothing,0,265.31
2022-01-24,Store_A,Clothing,0,298.13
2022-01-25,Store_A,Clothing,0,350.46
2022-01-26,Store_A,Clothing,0,384.7
2022-01-27,Store_A,Clothing,0,306.71
2022-01-28,Store_A,Clothing,0,335.98
2022-01-29,Store_A,Clothing,0,342.69
2022-01-30,Store_A,Clothing,0,299.05
2022-01-31,Store_A,Clothing,0,275.85
2022-02-01,Store_A,Clothing,0,307.49
2022-02-02,Store_A,Clothing,0,393.8
2022-02-03,Store_A,Clothing,0,273.48
2022-02-04,Store_A,Clothing,0,346.42
2022-02-05,Store_A,Clothing,0,298.31
2022-02-06,Store_A,Clothing,0,242.73
2022-02-07,Store_A,Clothing,0,272.43
2022-02-08,Store_A,Clothing,0,369.71
2022-02-09,Store_A,Clothing,1,431.0
2022-02-10,Store_A,Clothing,0,355.36
2022-02-11,Store_A,Clothing,0,349.18
2022-02-12,Store_A,Clothing,0,357.44
2022-02-13,Store_A,Clothing,0,273.85
2022-02-14,Store_A,Clothing,0,236.6
2022-02-15,Store_A,Clothing,0,352.55
2022-02-16,Store_A,Clothing,0,345.0
2022-02-17,Store_A,Clothing,0,319.16
2022-02-18,Store_A,Clothing,0,327.47
2022-02-19,Store_A,Clothing,0,343.79
2022-02-20,Store_A,Clothing,0,247.35
2022-02-21,Store_A,Clothing,0,321.64
2022-02-22,Store_A,Clothing,0,338.27
2022-02-23,Store_A,Clothing,0,360.16
2022-02-24,Store_A,Clothing,0,325.26
2022-02-25,Store_A,Clothing,0,375.27
2022-02-26,Store_A,Clothing,0,333.54
2022-02-27,Store_A,Clothing,0,273.08
2022-02-28,Store_A,Clothing,0,243.25
2022-03-01,Store_A,Clothing,0,362.35
2022-03-02,Store_A,Clothing,0,299.16
2022-03-03,Store_A,Clothing,0,283.28
2022-03-04,Store_A,Clothing,0,360.13
2022-03-05,Store_A,Clothing,0,318.46
2022-03-06,Store_A,Clothing,0,226.77
2022-03-07,Store_A,Clothing,0,280.83
2022-03-08,Store_A,Clothing,0,355.46
2022-03-09,Store_A,Clothing,0,336.63
2022-03-10,Store_A,Clothing,0,311.37
2022-03-11,Store_A,Clothing,1,397.25
2022-03-12,Store_A,Clothing,0,332.9
2022-03-13,Store_A,Clothing,0,256.42
2022-03-14,Store_A,Clothing,0,304.94
2022-03-15,Store_A,Clothing,0,299.93
2022-03-16,Store_A,Clothing,0,379.68
2022-03-17,Store_A,Clothing,0,338.67
2022-03-18,Store_A,Clothing,0,331.96
2022-03-19,Store_A,Clothing,0,314.66
2022-03-20,Store_A,Clothing,0,238.16
2022-03-21,Store_A,Clothing,0,300.4
2022-03-22,Store_A,Clothing,0,259.7
2022-03-23,Store_A,Clothing,0,361.59
2022-03-24,Store_A,Clothing,0,313.18
2022-03-25,Store_A,Clothing,0,296.91
2022-03-26,Store_A,Clothing,1,419.78
2022-03-27,Store_A,Clothing,0,295.66
2022-03-28,Store_A,Clothing,0,285.92
2022-03-29,Store_A,Clothing,0,286.38
2022-03-30,Store_A,Clothing,0,313.99
2022-03-31,Store_A,Clothing,0,303.69
2022-04-01,Store_A,Clothing,0,322.11
2022-04-02,Store_A,Clothing,0,266.75
2022-04-03,Store_A,Clothing,0,251.3
2022-04-04,Store_A,Clothing,0,297.31
2022-04-05,Store_A,Clothing,0,268.22
2022-04-06,Store_A,Clothing,0,277.41
2022-04-07,Store_A,Clothing,0,266.72
2022-04-08,Store_A,Clothing,0,301.29
2022-04-09,Store_A,Clothing,0,304.8
2022-04-10,Store_A,Clothing,0,258.95
2022-04-11,Store_A,Clothing,0,239.65
2022-04-12,Store_A,Clothing,0,295.69
2022-04-13,Store_A,Clothing,0,324.62
2022-04-14,Store_A,Clothing,0,328.93
2022-04-15,Store_A,Clothing,0,303.45
2022-04-16,Store_A,Clothing,0,282.03
2022-04-17,Store_A,Clothing,0,232.33
2022-04-18,Store_A,Clothing,0,244.51
2022-04-19,Store_A,Clothing,0,285.47
2022-04-20,Store_A,Clothing,0,239.97
2022-04-21,Store_A,Clothing,0,251.61
2022-04-22,Store_A,Clothing,0,302.97
2022-04-23,Store_A,Clothing,0,245.32
2022-04-24,Store_A,Clothing,0,235.7
2022-04-25,Store_A,Clothing,1,281.86
2022-04-26,Store_A,Clothing,0,294.84
2022-04-27,Store_A,Clothing,0,301.32
2022-04-28,Store_A,Clothing,0,313.13
2022-04-29,Store_A,Clothing,1,353.3
2022-04-30,Store_A,Clothing,0,259.44
2022-05-01,Store_A,Clothing,0,244.27
2022-05-02,Store_A,Clothing,0,270.49
2022-05-03,Store_A,Clothing,0,291.68
2022-05-04,Store_A,Clothing,0,281.28
2022-05-05,Store_A,Clothing,0,287.46
2022-05-06,Store_A,Clothing,0,340.15
2022-05-07,Store_A,Clothing,0,266.27
2022-05-08,Store_A,Clothing,0,199.14
2022-05-09,Store_A,Clothing,0,246.11
2022-05-10,Store_A,Clothing,0,262.7
2022-05-11,Store_A,Clothing,0,257.98
2022-05-12,Store_A,Clothing,0,263.73
2022-05-13,Store_A,Clothing,1,333.8
2022-05-14,Store_A,Clothing,0,257.9
2022-05-15,Store_A,Clothing,0,152.41
2022-05-16,Store_A,Clothing,0,262.99
2022-05-17,Store_A,Clothing,0,231.24
2022-05-18,Store_A,Clothing,0,223.75
2022-05-19,Store_A,Clothing,1,347.88
2022-05-20,Store_A,Clothing,1,377.42
2022-05-21,Store_A,Clothing,0,244.02
2022-05-22,Store_A,Clothing,0,180.33
2022-05-23,Store_A,Clothing,0,204.64
2022-05-24,Store_A,Clothing,0,249.83
2022-05-25,Store_A,Clothing,0,248.94
2022-05-26,Store_A,Clothing,0,223.25
2022-05-27,Store_A,Clothing,0,229.85
2022-05-28,Store_A,Clothing,0,200.44
2022-05-29,Store_A,Clothing,1,257.98
2022-05-30,Store_A,Clothing,0,211.95
2022-05-31,Store_A,Clothing,0,218.51
2022-06-01,Store_A,Clothing,0,228.57
2022-06-02,Store_A,Clothing,0,226.49
2022-06-03,Store_A,Clothing,0,222.74
2022-06-04,Store_A,Clothing,0,249.17
2022-06-05,Store_A,Clothing,0,182.81
2022-06-06,Store_A,Clothing,0,181.71
2022-06-07,Store_A,Clothing,0,242.33
2022-06-08,Store_A,Clothing,0,215.4
2022-06-09,Store_A,Clothing,0,235.33
2022-06-10,Store_A,Clothing,0,218.35
2022-06-11,Store_A,Clothing,0,213.99
2022-06-12,Store_A,Clothing,0,167.51
2022-06-13,Store_A,Clothing,0,232.6
2022-06-14,Store_A,Clothing,0,205.43
2022-06-15,Store_A,Clothing,0,211.49
2022-06-16,Store_A,Clothing,0,173.18
2022-06-17,Store_A,Clothing,0,280.88
2022-06-18,Store_A,Clothing,0,212.73
2022-06-19,Store_A,Clothing,0,186.19
2022-06-20,Store_A,Clothing,0,175.3
2022-06-21,Store_A,Clothing,0,208.14
2022-06-22,Store_A,Clothing,0,226.22
2022-06-23,Store_A,Clothing,1,284.74
2022-06-24,Store_A,Clothing,0,246.97
2022-06-25,Store_A,Clothing,0,209.29
2022-06-26,Store_A,Clothing,0,145.61
2022-06-27,Store_A,Clothing,0,232.98
2022-06-28,Store_A,Clothing,0,194.37
2022-06-29,Store_A,Clothing,1,284.4
2022-06-30,Store_A,Clothing,1,259.86
2022-07-01,Store_A,Clothing,0,244.61
2022-07-02,Store_A,Clothing,0,215.66
2022-07-03,Store_A,Clothing,1,227.81
2022-07-04,Store_A,Clothing,0,159.73
2022-07-05,Store_A,Clothing,0,217.19
2022-07-06,Store_A,Clothing,0,242.79
2022-07-07,Store_A,Clothing,0,238.53
2022-07-08,Store_A,Clothing,0,208.75
2022-07-09,Store_A,Clothing,0,198.08
2022-07-10,Store_A,Clothing,0,160.56
2022-07-11,Store_A,Clothing,0,171.11
2022-07-12,Store_A,Clothing,0,178.7
2022-07-13,Store_A,Clothing,0,215.32
2022-07-14,Store_A,Clothing,0,167.18
2022-07-15,Store_A,Clothing,0,246.68
2022-07-16,Store_A,Clothing,0,193.17
2022-07-17,Store_A,Clothing,0,146.89
2022-07-18,Store_A,Clothing,0,160.88
2022-07-19,Store_A,Clothing,0,210.23
2022-07-20,Store_A,Clothing,0,250.45
2022-07-21,Store_A,Clothing,1,303.9
2022-07-22,Store_A,Clothing,0,195.2
2022-07-23,Store_A,Clothing,0,132.66
2022-07-24,Store_A,Clothing,0,144.5
2022-07-25,Store_A,Clothing,0,172.1
2022-07-26,Store_A,Clothing,1,281.97
2022-07-27,Store_A,Clothing,0,204.94
2022-07-28,Store_A,Clothing,0,169.79
2022-07-29,Store_A,Clothing,1,359.95
2022-07-30,Store_A,Clothing,0,247.86
2022-07-31,Store_A,Clothing,0,139.09
2022-08-01,Store_A,Clothing,1,263.78
2022-08-02,Store_A,Clothing,0,236.64
2022-08-03,Store_A,Clothing,0,223.16
2022-08-04,Store_A,Clothing,0,186.72
2022-08-05,Store_A,Clothing,0,191.59
2022-08-06,Store_A,Clothing,0,203.17
2022-08-07,Store_A,Clothing,0,121.0
2022-08-08,Store_A,Clothing,0,212.51
2022-08-09,Store_A,Clothing,0,213.36
2022-08-10,Store_A,Clothing,0,235.29
2022-08-11,Store_A,Clothing,0,192.84
2022-08-12,Store_A,Clothing,0,247.48
2022-08-13,Store_A,Clothing,1,269.76
2022-08-14,Store_A,Clothing,0,161.02
2022-08-15,Store_A,Clothing,0,176.4
2022-08-16,Store_A,Clothing,0,211.72
2022-08-17,Store_A,Clothing,0,249.74
2022-08-18,Store_A,Clothing,1,265.5
2022-08-19,Store_A,Clothing,0,239.26
2022-08-20,Store_A,Clothing,0,242.5
2022-08-21,Store_A,Clothing,0,180.72
2022-08-22,Store_A,Clothing,1,254.26
2022-08-23,Store_A,Clothing,0,233.73
2022-08-24,Store_A,Clothing,0,187.3
2022-08-25,Store_A,Clothing,0,233.85
2022-08-26,Store_A,Clothing,0,300.6
2022-08-27,Store_A,Clothing,0,221.26
2022-08-28,Store_A,Clothing,0,196.9
2022-08-29,Store_A,Clothing,0,160.53
2022-08-30,Store_A,Clothing,0,201.1
2022-08-31,Store_A,Clothing,0,226.4
2022-09-01,Store_A,Clothing,0,209.88
2022-09-02,Store_A,Clothing,0,247.62
2022-09-03,Store_A,Clothing,1,284.08
2022-09-04,Store_A,Clothing,0,171.13
2022-09-05,Store_A,Clothing,0,223.94
2022-09-06,Store_A,Clothing,0,244.24
2022-09-07,Store_A,Clothing,1,311.44
2022-09-08,Store_A,Clothing,0,238.29
2022-09-09,Store_A,Clothing,0,235.86
2022-09-10,Store_A,Clothing,0,227.33
2022-09-11,Store_A,Clothing,1,276.63
2022-09-12,Store_A,Clothing,0,201.51
2022-09-13,Store_A,Clothing,0,208.1
2022-09-14,Store_A,Clothing,0,248.44
2022-09-15,Store_A,Clothing,0,249.37
2022-09-16,Store_A,Clothing,0,278.13
2022-09-17,Store_A,Clothing,0,206.02
2022-09-18,Store_A,Clothing,0,198.24
2022-09-19,Store_A,Clothing,0,207.04
2022-09-20,Store_A,Clothing,0,282.07
2022-09-21,Store_A,Clothing,0,224.41
2022-09-22,Store_A,Clothing,0,250.57
2022-09-23,Store_A,Clothing,0,251.3
2022-09-24,Store_A,Clothing,0,224.77
2022-09-25,Store_A,Clothing,0,212.21
2022-09-26,Store_A,Clothing,0,248.81
2022-09-27,Store_A,Clothing,0,204.32
2022-09-28,Store_A,Clothing,0,286.32
2022-09-29,Store_A,Clothing,0,239.63
2022-09-30,Store_A,Clothing,0,268.5
2022-10-01,Store_A,Clothing,0,216.29
2022-10-02,Store_A,Clothing,0,211.36
2022-10-03,Store_A,Clothing,0,286.72
2022-10-04,Store_A,Clothing,0,247.82
2022-10-05,Store_A,Clothing,0,300.78
2022-10-06,Store_A,Clothing,0,249.29
2022-10-07,Store_A,Clothing,0,263.68
2022-10-08,Store_A,Clothing,0,220.2
2022-10-09,Store_A,Clothing,0,239.24
2022-10-10,Store_A,Clothing,0,239.7
2022-10-11,Store_A,Clothing,0,258.32
2022-10-12,Store_A,Clothing,0,271.12
2022-10-13,Store_A,Clothing,0,275.18
2022-10-14,Store_A,Clothing,0,273.3
2022-10-15,Store_A,Clothing,0,240.85
2022-10-16,Store_A,Clothing,0,210.11
2022-10-17,Store_A,Clothing,1,321.86
2022-10-18,Store_A,Clothing,0,273.83
2022-10-19,Store_A,Clothing,0,276.1
2022-10-20,Store_A,Clothing,0,298.32
2022-10-21,Store_A,Clothing,0,362.52
2022-10-22,Store_A,Clothing,0,246.67
2022-10-23,Store_A,Clothing,0,169.65
2022-10-24,Store_A,Clothing,0,248.2
2022-10-25,Store_A,Clothing,0,237.04
2022-10-26,Store_A,Clothing,0,258.06
2022-10-27,Store_A,Clothing,0,262.32
2022-10-28,Store_A,Clothing,0,318.73
2022-10-29,Store_A,Clothing,0,275.08
2022-10-30,Store_A,Clothing,0,172.65
2022-10-31,Store_A,Clothing,0,256.21
2022-11-01,Store_A,Clothing,0,290.48
2022-11-02,Store_A,Clothing,0,299.83
2022-11-03,Store_A,Clothing,0,311.15
2022-11-04,Store_A,Clothing,0,332.85
2022-11-05,Store_A,Clothing,0,291.55
2022-11-06,Store_A,Clothing,0,290.12
2022-11-07,Store_A,Clothing,0,235.18
2022-11-08,Store_A,Clothing,0,290.72
2022-11-09,Store_A,Clothing,0,309.34
2022-11-10,Store_A,Clothing,0,291.43
2022-11-11,Store_A,Clothing,0,282.95
2022-11-12,Store_A,Clothing,0,249.48
2022-11-13,Store_A,Clothing,0,246.81
2022-11-14,Store_A,Clothing,0,239.57
2022-11-15,Store_A,Clothing,0,295.12
2022-11-16,Store_A,Clothing,0,323.52
2022-11-17,Store_A,Clothing,0,267.94
2022-11-18,Store_A,Clothing,0,334.74
2022-11-19,Store_A,Clothing,0,285.6
2022-11-20,Store_A,Clothing,1,325.63
2022-11-21,Store_A,Clothing,0,299.74
2022-11-22,Store_A,Clothing,0,317.43
2022-11-23,Store_A,Clothing,0,335.93
2022-11-24,Store_A,Clothing,1,398.67
2022-11-25,Store_A,Clothing,0,331.56
2022-11-26,Store_A,Clothing,0,322.53
2022-11-27,Store_A,Clothing,0,245.16
2022-11-28,Store_A,Clothing,0,306.73
2022-11-29,Store_A,Clothing,0,320.99
2022-11-30,Store_A,Clothing,0,367.99
2022-12-01,Store_A,Clothing,0,318.2
2022-12-02,Store_A,Clothing,0,327.24
2022-12-03,Store_A,Clothing,0,333.05
2022-12-04,Store_A,Clothing,0,302.79
2022-12-05,Store_A,Clothing,0,289.5
2022-12-06,Store_A,Clothing,0,317.62
2022-12-07,Store_A,Clothing,0,276.5
2022-12-08,Store_A,Clothing,0,324.57
2022-12-09,Store_A,Clothing,0,339.18
2022-12-10,Store_A,Clothing,0,339.18
2022-12-11,Store_A,Clothing,0,288.29
2022-12-12,Store_A,Clothing,0,272.6
2022-12-13,Store_A,Clothing,0,361.8
2022-12-14,Store_A,Clothing,0,328.62
2022-12-15,Store_A,Clothing,0,465.36
2022-12-16,Store_A,Clothing,0,446.61
2022-12-17,Store_A,Clothing,0,490.42
2022-12-18,Store_A,Clothing,0,403.01
2022-12-19,Store_A,Clothing,0,446.96
2022-12-20,Store_A,Clothing,0,464.85
2022-12-21,Store_A,Clothing,0,527.68
2022-12-22,Store_A,Clothing,1,552.27
2022-12-23,Store_A,Clothing,0,475.97
2022-12-24,Store_A,Clothing,0,456.49
2022-12-25,Store_A,Clothing,0,455.22
2022-12-26,Store_A,Clothing,1,525.6
2022-12-27,Store_A,Clothing,0,486.6
2022-12-28,Store_A,Clothing,0,507.88
2022-12-29,Store_A,Clothing,0,477.95
2022-12-30,Store_A,Clothing,0,465.86
2022-12-31,Store_A,Clothing,0,505.84
2023-01-01,Store_A,Clothing,0,282.63
2023-01-02,Store_A,Clothing,0,327.81
2023-01-03,Store_A,Clothing,0,369.46
2023-01-04,Store_A,Clothing,0,309.56
2023-01-05,Store_A,Clothing,0,356.57
2023-01-06,Store_A,Clothing,0,427.1
2023-01-07,Store_A,Clothing,0,353.39
2023-01-08,Store_A,Clothing,0,324.4
2023-01-09,Store_A,Clothing,0,346.9
2023-01-10,Store_A,Clothing,0,371.09
2023-01-11,Store_A,Clothing,0,387.41
2023-01-12,Store_A,Clothing,1,450.62
2023-01-13,Store_A,Clothing,0,397.27
2023-01-14,Store_A,Clothing,0,314.88
2023-01-15,Store_A,Clothing,0,319.67
2023-01-16,Store_A,Clothing,0,318.02
2023-01-17,Store_A,Clothing,0,387.59
2023-01-18,Store_A,Clothing,0,376.0
2023-01-19,Store_A,Clothing,0,311.58
2023-01-20,Store_A,Clothing,0,403.14
2023-01-21,Store_A,Clothing,0,326.9
2023-01-22,Store_A,Clothing,1,366.04
2023-01-23,Store_A,Clothing,0,367.28
2023-01-24,Store_A,Clothing,0,359.85
2023-01-25,Store_A,Clothing,0,355.23
2023-01-26,Store_A,Clothing,0,340.36
2023-01-27,Store_A,Clothing,0,358.24
2023-01-28,Store_A,Clothing,0,365.89
2023-01-29,Store_A,Clothing,0,284.85
2023-01-30,Store_A,Clothing,1,403.43
2023-01-31,Store_A,Clothing,0,370.06
2023-02-01,Store_A,Clothing,0,374.64
2023-02-02,Store_A,Clothing,0,324.16
2023-02-03,Store_A,Clothing,0,386.88
2023-02-04,Store_A,Clothing,0,331.58
2023-02-05,Store_A,Clothing,0,266.38
2023-02-06,Store_A,Clothing,0,279.18
2023-02-07,Store_A,Clothing,1,429.5
2023-02-08,Store_A,Clothing,0,321.86
2023-02-09,Store_A,Clothing,0,318.92
2023-02-10,Store_A,Clothing,0,363.89
2023-02-11,Store_A,Clothing,0,371.2
2023-02-12,Store_A,Clothing,0,282.6
2023-02-13,Store_A,Clothing,1,365.4
2023-02-14,Store_A,Clothing,0,348.61
2023-02-15,Store_A,Clothing,0,386.39
2023-02-16,Store_A,Clothing,0,328.9
2023-02-17,Store_A,Clothing,0,394.92
2023-02-18,Store_A,Clothing,0,338.57
2023-02-19,Store_A,Clothing,0,304.0
2023-02-20,Store_A,Clothing,0,322.51
2023-02-21,Store_A,Clothing,0,379.98
2023-02-22,Store_A,Clothing,0,408.47
2023-02-23,Store_A,Clothing,0,320.91
2023-02-24,Store_A,Clothing,1,441.3
2023-02-25,Store_A,Clothing,0,363.96
2023-02-26,Store_A,Clothing,0,288.47
2023-02-27,Store_A,Clothing,1,347.91
2023-02-28,Store_A,Clothing,0,336.12
2023-03-01,Store_A,Clothing,0,356.47
2023-03-02,Store_A,Clothing,0,367.84
2023-03-03,Store_A,Clothing,0,355.13
2023-03-04,Store_A,Clothing,0,308.15
2023-03-05,Store_A,Clothing,0,283.84
2023-03-06,Store_A,Clothing,0,344.34
2023-03-07,Store_A,Clothing,0,322.52
2023-03-08,Store_A,Clothing,0,332.38
2023-03-09,Store_A,Clothing,0,307.33
2023-03-10,Store_A,Clothing,0,314.73
2023-03-11,Store_A,Clothing,0,325.94
2023-03-12,Store_A,Clothing,0,269.84
2023-03-13,Store_A,Clothing,0,259.18
2023-03-14,Store_A,Clothing,0,311.86
2023-03-15,Store_A,Clothing,0,343.61
2023-03-16,Store_A,Clothing,0,333.4
2023-03-17,Store_A,Clothing,0,364.77
2023-03-18,Store_A,Clothing,0,337.31
2023-03-19,Store_A,Clothing,0,264.84
2023-03-20,Store_A,Clothing,0,259.22
2023-03-21,Store_A,Clothing,1,399.85
2023-03-22,Store_A,Clothing,0,272.75
2023-03-23,Store_A,Clothing,0,314.38
2023-03-24,Store_A,Clothing,0,317.48
2023-03-25,Store_A,Clothing,0,259.94
2023-03-26,Store_A,Clothing,1,347.21
2023-03-27,Store_A,Clothing,0,324.48
2023-03-28,Store_A,Clothing,0,279.12
2023-03-29,Store_A,Clothing,0,336.41
2023-03-30,Store_A,Clothing,1,372.44
2023-03-31,Store_A,Clothing,0,307.42
2023-04-01,Store_A,Clothing,0,284.74
2023-04-02,Store_A,Clothing,0,240.54
2023-04-03,Store_A,Clothing,0,270.63
2023-04-04,Store_A,Clothing,0,309.68
2023-04-05,Store_A,Clothing,0,295.99
2023-04-06,Store_A,Clothing,0,277.83
2023-04-07,Store_A,Clothing,0,332.55
2023-04-08,Store_A,Clothing,0,272.54
2023-04-09,Store_A,Clothing,0,248.97
2023-04-10,Store_A,Clothing,0,264.06
2023-04-11,Store_A,Clothing,0,289.17
2023-04-12,Store_A,Clothing,0,354.79
2023-04-13,Store_A,Clothing,0,254.84
2023-04-14,Store_A,Clothing,0,349.11
2023-04-15,Store_A,Clothing,0,308.73
2023-04-16,Store_A,Clothing,0,218.71
2023-04-17,Store_A,Clothing,0,286.18
2023-04-18,Store_A,Clothing,0,226.98
2023-04-19,Store_A,Clothing,1,363.23
2023-04-20,Store_A,Clothing,0,255.31
2023-04-21,Store_A,Clothing,0,312.17
2023-04-22,Store_A,Clothing,0,297.28
2023-04-23,Store_A,Clothing,0,235.49
2023-04-24,Store_A,Clothing,1,339.47
2023-04-25,Store_A,Clothing,0,309.86
2023-04-26,Store_A,Clothing,0,312.44
2023-04-27,Store_A,Clothing,0,253.88
2023-04-28,Store_A,Clothing,0,280.57
2023-04-29,Store_A,Clothing,0,289.39
2023-04-30,Store_A,Clothing,0,216.79
2023-05-01,Store_A,Clothing,0,248.58
2023-05-02,Store_A,Clothing,0,281.87
2023-05-03,Store_A,Clothing,0,240.97
2023-05-04,Store_A,Clothing,0,244.68
2023-05-05,Store_A,Clothing,0,298.03
2023-05-06,Store_A,Clothing,1,325.84
2023-05-07,Store_A,Clothing,0,204.05
2023-05-08,Store_A,Clothing,0,251.79
2023-05-09,Store_A,Clothing,0,295.2
2023-05-10,Store_A,Clothing,0,305.05
2023-05-11,Store_A,Clothing,0,283.89
2023-05-12,Store_A,Clothing,0,274.61
2023-05-13,Store_A,Clothing,0,249.3
2023-05-14,Store_A,Clothing,0,173.09
2023-05-15,Store_A,Clothing,1,348.9
2023-05-16,Store_A,Clothing,0,255.27
2023-05-17,Store_A,Clothing,0,305.04
2023-05-18,Store_A,Clothing,0,253.59
2023-05-19,Store_A,Clothing,0,296.91
2023-05-20,Store_A,Clothing,0,245.98
2023-05-21,Store_A,Clothing,0,208.9
2023-05-22,Store_A,Clothing,0,252.09
2023-05-23,Store_A,Clothing,0,242.71
2023-05-24,Store_A,Clothing,0,291.83
2023-05-25,Store_A,Clothing,0,213.14
2023-05-26,Store_A,Clothing,0,308.16
2023-05-27,Store_A,Clothing,0,244.62
2023-05-28,Store_A,Clothing,0,170.68
2023-05-29,Store_A,Clothing,0,238.31
2023-05-30,Store_A,Clothing,0,256.64
2023-05-31,Store_A,Clothing,0,212.37
2023-06-01,Store_A,Clothing,0,222.75
2023-06-02,Store_A,Clothing,0,231.93
2023-06-03,Store_A,Clothing,0,211.37
2023-06-04,Store_A,Clothing,1,237.41
2023-06-05,Store_A,Clothing,0,224.64
2023-06-06,Store_A,Clothing,1,344.46
2023-06-07,Store_A,Clothing,0,229.84
2023-06-08,Store_A,Clothing,0,177.99
2023-06-09,Store_A,Clothing,0,191.39
2023-06-10,Store_A,Clothing,0,280.18
2023-06-11,Store_A,Clothing,0,179.48
2023-06-12,Store_A,Clothing,1,306.53
2023-06-13,Store_A,Clothing,0,231.68
2023-06-14,Store_A,Clothing,0,190.46
2023-06-15,Store_A,Clothing,0,231.54
2023-06-16,Store_A,Clothing,0,287.06
2023-06-17,Store_A,Clothing,0,207.74
2023-06-18,Store_A,Clothing,0,115.09
2023-06-19,Store_A,Clothing,0,171.96
2023-06-20,Store_A,Clothing,0,253.61
2023-06-21,Store_A,Clothing,0,247.02
2023-06-22,Store_A,Clothing,0,246.73
2023-06-23,Store_A,Clothing,1,321.61
2023-06-24,Store_A,Clothing,0,236.31
2023-06-25,Store_A,Clothing,0,155.85
2023-06-26,Store_A,Clothing,0,169.66
2023-06-27,Store_A,Clothing,1,325.08
2023-06-28,Store_A,Clothing,0,257.39
2023-06-29,Store_A,Clothing,0,197.85
2023-06-30,Store_A,Clothing,0,276.35
2023-07-01,Store_A,Clothing,0,255.11
2023-07-02,Store_A,Clothing,0,139.39
2023-07-03,Store_A,Clothing,0,171.33
2023-07-04,Store_A,Clothing,0,203.31
2023-07-05,Store_A,Clothing,0,229.11
2023-07-06,Store_A,Clothing,0,200.91
2023-07-07,Store_A,Clothing,0,202.66
2023-07-08,Store_A,Clothing,0,192.42
2023-07-09,Store_A,Clothing,0,108.13
2023-07-10,Store_A,Clothing,0,142.71
2023-07-11,Store_A,Clothing,1,265.84
2023-07-12,Store_A,Clothing,0,280.18
2023-07-13,Store_A,Clothing,0,254.4
2023-07-14,Store_A,Clothing,0,252.4
2023-07-15,Store_A,Clothing,0,196.94
2023-07-16,Store_A,Clothing,0,122.09
2023-07-17,Store_A,Clothing,1,270.33
2023-07-18,Store_A,Clothing,0,232.88
2023-07-19,Store_A,Clothing,0,210.72
2023-07-20,Store_A,Clothing,0,217.44
2023-07-21,Store_A,Clothing,0,203.64
2023-07-22,Store_A,Clothing,0,196.96
2023-07-23,Store_A,Clothing,0,152.7
2023-07-24,Store_A,Clothing,0,237.24
2023-07-25,Store_A,Clothing,0,200.52
2023-07-26,Store_A,Clothing,1,370.63
2023-07-27,Store_A,Clothing,0,218.98
2023-07-28,Store_A,Clothing,0,296.71
2023-07-29,Store_A,Clothing,0,187.12
2023-07-30,Store_A,Clothing,0,131.83
2023-07-31,Store_A,Clothing,0,172.43
2023-08-01,Store_A,Clothing,0,223.33
2023-08-02,Store_A,Clothing,1,353.06
2023-08-03,Store_A,Clothing,0,193.87
2023-08-04,Store_A,Clothing,0,257.34
2023-08-05,Store_A,Clothing,0,261.85
2023-08-06,Store_A,Clothing,0,167.96
2023-08-07,Store_A,Clothing,0,220.51
2023-08-08,Store_A,Clothing,0,204.61
2023-08-09,Store_A,Clothing,0,243.07
2023-08-10,Store_A,Clothing,0,228.25
2023-08-11,Store_A,Clothing,0,203.6
2023-08-12,Store_A,Clothing,0,193.59
2023-08-13,Store_A,Clothing,0,156.7
2023-08-14,Store_A,Clothing,0,155.28
2023-08-15,Store_A,Clothing,0,209.49
2023-08-16,Store_A,Clothing,0,231.21
2023-08-17,Store_A,Clothing,0,177.91
2023-08-18,Store_A,Clothing,0,285.78
2023-08-19,Store_A,Clothing,1,324.83
2023-08-20,Store_A,Clothing,0,256.08
2023-08-21,Store_A,Clothing,0,168.61
2023-08-22,Store_A,Clothing,0,242.85
2023-08-23,Store_A,Clothing,0,221.96
2023-08-24,Store_A,Clothing,0,190.83
2023-08-25,Store_A,Clothing,0,268.59
2023-08-26,Store_A,Clothing,0,225.34
2023-08-27,Store_A,Clothing,0,163.21
2023-08-28,Store_A,Clothing,0,211.57
2023-08-29,Store_A,Clothing,0,214.9
2023-08-30,Store_A,Clothing,0,222.6
2023-08-31,Store_A,Clothing,0,206.82
2023-09-01,Store_A,Clothing,0,279.15
2023-09-02,Store_A,Clothing,0,255.94
2023-09-03,Store_A,Clothing,0,145.61
2023-09-04,Store_A,Clothing,0,253.64
2023-09-05,Store_A,Clothing,0,241.19
2023-09-06,Store_A,Clothing,0,261.38
2023-09-07,Store_A,Clothing,0,211.87
2023-09-08,Store_A,Clothing,0,256.51
2023-09-09,Store_A,Clothing,0,206.97
2023-09-10,Store_A,Clothing,0,164.33
2023-09-11,Store_A,Clothing,0,237.43
2023-09-12,Store_A,Clothing,0,270.29
2023-09-13,Store_A,Clothing,0,269.02
2023-09-14,Store_A,Clothing,0,225.59
2023-09-15,Store_A,Clothing,0,230.08
2023-09-16,Store_A,Clothing,0,274.46
2023-09-17,Store_A,Clothing,0,214.71
2023-09-18,Store_A,Clothing,0,177.03
2023-09-19,Store_A,Clothing,0,277.76
2023-09-20,Store_A,Clothing,0,254.88
2023-09-21,Store_A,Clothing,0,261.05
2023-09-22,Store_A,Clothing,0,233.22
2023-09-23,Store_A,Clothing,0,232.57
2023-09-24,Store_A,Clothing,0,200.45
2023-09-25,Store_A,Clothing,0,275.61
2023-09-26,Store_A,Clothing,1,409.51
2023-09-27,Store_A,Clothing,0,274.11
2023-09-28,Store_A,Clothing,1,359.08
2023-09-29,Store_A,Clothing,0,283.39
2023-09-30,Store_A,Clothing,0,261.96
2023-10-01,Store_A,Clothing,0,219.39
2023-10-02,Store_A,Clothing,1,316.93
2023-10-03,Store_A,Clothing,1,371.48
2023-10-04,Store_A,Clothing,0,253.07
2023-10-05,Store_A,Clothing,0,257.97
2023-10-06,Store_A,Clothing,1,413.53
2023-10-07,Store_A,Clothing,0,294.37
2023-10-08,Store_A,Clothing,0,222.22
2023-10-09,Store_A,Clothing,1,351.72
2023-10-10,Store_A,Clothing,0,318.15
2023-10-11,Store_A,Clothing,0,239.28
2023-10-12,Store_A,Clothing,0,260.72
2023-10-13,Store_A,Clothing,0,277.36
2023-10-14,Store_A,Clothing,0,238.67
2023-10-15,Store_A,Clothing,1,354.95
2023-10-16,Store_A,Clothing,0,269.88
2023-10-17,Store_A,Clothing,0,311.73
2023-10-18,Store_A,Clothing,0,280.86
2023-10-19,Store_A,Clothing,0,268.77
2023-10-20,Store_A,Clothing,0,302.61
2023-10-21,Store_A,Clothing,1,372.3
2023-10-22,Store_A,Clothing,0,250.92
2023-10-23,Store_A,Clothing,1,299.35
2023-10-24,Store_A,Clothing,0,314.17
2023-10-25,Store_A,Clothing,0,299.42
2023-10-26,Store_A,Clothing,0,325.05
2023-10-27,Store_A,Clothing,0,345.21
2023-10-28,Store_A,Clothing,0,298.25
2023-10-29,Store_A,Clothing,0,240.72
2023-10-30,Store_A,Clothing,0,264.68
2023-10-31,Store_A,Clothing,0,315.03
2023-11-01,Store_A,Clothing,0,346.11
2023-11-02,Store_A,Clothing,0,294.81
2023-11-03,Store_A,Clothing,0,306.01
2023-11-04,Store_A,Clothing,0,300.31
2023-11-05,Store_A,Clothing,0,256.18
2023-11-06,Store_A,Clothing,0,252.71
2023-11-07,Store_A,Clothing,0,279.26
2023-11-08,Store_A,Clothing,0,308.98
2023-11-09,Store_A,Clothing,0,341.95
2023-11-10,Store_A,Clothing,0,358.88
2023-11-11,Store_A,Clothing,0,268.53
2023-11-12,Store_A,Clothing,0,233.39
2023-11-13,Store_A,Clothing,0,308.29
2023-11-14,Store_A,Clothing,0,311.2
2023-11-15,Store_A,Clothing,0,341.93
2023-11-16,Store_A,Clothing,0,271.85
2023-11-17,Store_A,Clothing,0,336.62
2023-11-18,Store_A,Clothing,0,313.47
2023-11-19,Store_A,Clothing,0,288.82
2023-11-20,Store_A,Clothing,0,306.97
2023-11-21,Store_A,Clothing,0,332.93
2023-11-22,Store_A,Clothing,0,295.01
2023-11-23,Store_A,Clothing,1,446.41
2023-11-24,Store_A,Clothing,0,361.1
2023-11-25,Store_A,Clothing,0,305.55
2023-11-26,Store_A,Clothing,0,275.02
2023-11-27,Store_A,Clothing,0,294.77
2023-11-28,Store_A,Clothing,0,331.52
2023-11-29,Store_A,Clothing,0,375.53
2023-11-30,Store_A,Clothing,0,301.31
2023-12-01,Store_A,Clothing,0,369.29
2023-12-02,Store_A,Clothing,0,361.68
2023-12-03,Store_A,Clothing,0,292.95
2023-12-04,Store_A,Clothing,0,307.28
2023-12-05,Store_A,Clothing,0,323.9
2023-12-06,Store_A,Clothing,0,335.72
2023-12-07,Store_A,Clothing,0,334.71
2023-12-08,Store_A,Clothing,0,310.27
2023-12-09,Store_A,Clothing,0,337.97
2023-12-10,Store_A,Clothing,0,306.85
2023-12-11,Store_A,Clothing,0,280.81
2023-12-12,Store_A,Clothing,0,379.19
2023-12-13,Store_A,Clothing,0,425.7
2023-12-14,Store_A,Clothing,0,335.48
2023-12-15,Store_A,Clothing,0,507.63
2023-12-16,Store_A,Clothing,0,489.06
2023-12-17,Store_A,Clothing,0,443.27
2023-12-18,Store_A,Clothing,0,465.24
2023-12-19,Store_A,Clothing,0,456.29
2023-12-20,Store_A,Clothing,0,509.34
2023-12-21,Store_A,Clothing,0,467.61
2023-12-22,Store_A,Clothing,0,522.11
2023-12-23,Store_A,Clothing,0,529.87
2023-12-24,Store_A,Clothing,0,421.63
2023-12-25,Store_A,Clothing,0,521.05
2023-12-26,Store_A,Clothing,0,499.94
2023-12-27,Store_A,Clothing,0,496.34
2023-12-28,Store_A,Clothing,0,513.43
2023-12-29,Store_A,Clothing,0,510.11
2023-12-30,Store_A,Clothing,0,499.8
2023-12-31,Store_A,Clothing,0,449.69
2024-01-01,Store_A,Clothing,0,346.58
2024-01-02,Store_A,Clothing,0,360.81
2024-01-03,Store_A,Clothing,0,366.19
2024-01-04,Store_A,Clothing,0,339.8
2024-01-05,Store_A,Clothing,0,388.13
2024-01-06,Store_A,Clothing,0,340.75
2024-01-07,Store_A,Clothing,0,335.84
2024-01-08,Store_A,Clothing,0,334.46
2024-01-09,Store_A,Clothing,1,403.15
2024-01-10,Store_A,Clothing,0,380.92
2024-01-11,Store_A,Clothing,0,363.68
2024-01-12,Store_A,Clothing,0,411.48
2024-01-13,Store_A,Clothing,0,337.45
2024-01-14,Store_A,Clothing,0,281.89
2024-01-15,Store_A,Clothing,0,351.77
2024-01-16,Store_A,Clothing,0,395.88
2024-01-17,Store_A,Clothing,0,355.17
2024-01-18,Store_A,Clothing,0,359.83
2024-01-19,Store_A,Clothing,0,376.97
2024-01-20,Store_A,Clothing,0,338.27
2024-01-21,Store_A,Clothing,0,301.71
2024-01-22,Store_A,Clothing,0,363.04
2024-01-23,Store_A,Clothing,0,368.16
2024-01-24,Store_A,Clothing,0,370.7
2024-01-25,Store_A,Clothing,0,368.33
2024-01-26,Store_A,Clothing,0,408.15
2024-01-27,Store_A,Clothing,0,332.64
2024-01-28,Store_A,Clothing,0,312.25
2024-01-29,Store_A,Clothing,0,326.58
2024-01-30,Store_A,Clothing,0,367.77
2024-01-31,Store_A,Clothing,0,391.43
2024-02-01,Store_A,Clothing,0,345.37
2024-02-02,Store_A,Clothing,0,326.91
2024-02-03,Store_A,Clothing,0,353.63
2024-02-04,Store_A,Clothing,0,327.95
2024-02-05,Store_A,Clothing,0,345.44
2024-02-06,Store_A,Clothing,0,362.57
2024-02-07,Store_A,Clothing,0,376.1
2024-02-08,Store_A,Clothing,0,352.28
2024-02-09,Store_A,Clothing,0,332.01
2024-02-10,Store_A,Clothing,0,357.53
2024-02-11,Store_A,Clothing,0,269.2
2024-02-12,Store_A,Clothing,0,360.7
2024-02-13,Store_A,Clothing,0,330.42
2024-02-14,Store_A,Clothing,0,359.81
2024-02-15,Store_A,Clothing,0,333.11
2024-02-16,Store_A,Clothing,0,411.59
2024-02-17,Store_A,Clothing,0,378.25
2024-02-18,Store_A,Clothing,0,240.93
2024-02-19,Store_A,Clothing,0,328.24
2024-02-20,Store_A,Clothing,0,331.25
2024-02-21,Store_A,Clothing,0,370.45
2024-02-22,Store_A,Clothing,0,360.76
2024-02-23,Store_A,Clothing,0,375.03
2024-02-24,Store_A,Clothing,0,364.81
2024-02-25,Store_A,Clothing,0,287.3
2024-02-26,Store_A,Clothing,0,331.29
2024-02-27,Store_A,Clothing,0,372.16
2024-02-28,Store_A,Clothing,1,430.91
2024-02-29,Store_A,Clothing,1,398.31
2024-03-01,Store_A,Clothing,0,348.14
2024-03-02,Store_A,Clothing,0,338.91
2024-03-03,Store_A,Clothing,0,289.2
2024-03-04,Store_A,Clothing,0,327.74
2024-03-05,Store_A,Clothing,0,331.4
2024-03-06,Store_A,Clothing,0,374.73
2024-03-07,Store_A,Clothing,0,379.79
2024-03-08,Store_A,Clothing,0,344.15
2024-03-09,Store_A,Clothing,0,397.59
2024-03-10,Store_A,Clothing,1,412.74
2024-03-11,Store_A,Clothing,0,313.85
2024-03-12,Store_A,Clothing,0,340.27
2024-03-13,Store_A,Clothing,1,414.36
2024-03-14,Store_A,Clothing,0,350.07
2024-03-15,Store_A,Clothing,0,354.55
2024-03-16,Store_A,Clothing,0,334.59
2024-03-17,Store_A,Clothing,0,255.94
2024-03-18,Store_A,Clothing,0,329.73
2024-03-19,Store_A,Clothing,0,331.77
2024-03-20,Store_A,Clothing,0,317.79
2024-03-21,Store_A,Clothing,0,319.84
2024-03-22,Store_A,Clothing,0,326.43
2024-03-23,Store_A,Clothing,1,437.35
2024-03-24,Store_A,Clothing,0,319.03
2024-03-25,Store_A,Clothing,0,299.11
2024-03-26,Store_A,Clothing,0,357.2
2024-03-27,Store_A,Clothing,0,363.18
2024-03-28,Store_A,Clothing,0,240.43
2024-03-29,Store_A,Clothing,0,322.47
2024-03-30,Store_A,Clothing,0,318.85
2024-03-31,Store_A,Clothing,0,251.95
2024-04-01,Store_A,Clothing,0,274.72
2024-04-02,Store_A,Clothing,0,350.82
2024-04-03,Store_A,Clothing,0,317.98
2024-04-04,Store_A,Clothing,0,315.11
2024-04-05,Store_A,Clothing,0,356.35
2024-04-06,Store_A,Clothing,0,343.95
2024-04-07,Store_A,Clothing,1,308.38
2024-04-08,Store_A,Clothing,0,260.46
2024-04-09,Store_A,Clothing,0,320.5
2024-04-10,Store_A,Clothing,0,272.81
2024-04-11,Store_A,Clothing,0,275.48
2024-04-12,Store_A,Clothing,0,353.9
2024-04-13,Store_A,Clothing,0,315.9
2024-04-14,Store_A,Clothing,0,243.64
2024-04-15,Store_A,Clothing,0,288.55
2024-04-16,Store_A,Clothing,0,324.48
2024-04-17,Store_A,Clothing,0,278.96
2024-04-18,Store_A,Clothing,0,278.69
2024-04-19,Store_A,Clothing,0,373.88
2024-04-20,Store_A,Clothing,0,326.72
2024-04-21,Store_A,Clothing,0,244.43
2024-04-22,Store_A,Clothing,0,276.02
2024-04-23,Store_A,Clothing,0,297.67
2024-04-24,Store_A,Clothing,0,261.69
2024-04-25,Store_A,Clothing,0,267.33
2024-04-26,Store_A,Clothing,0,316.74
2024-04-27,Store_A,Clothing,0,272.34
2024-04-28,Store_A,Clothing,0,204.73
2024-04-29,Store_A,Clothing,0,237.78
2024-04-30,Store_A,Clothing,0,325.88
2024-05-01,Store_A,Clothing,0,284.39
2024-05-02,Store_A,Clothing,0,303.63
2024-05-03,Store_A,Clothing,0,305.95
2024-05-04,Store_A,Clothing,0,269.73
2024-05-05,Store_A,Clothing,0,203.09
2024-05-06,Store_A,Clothing,0,268.81
2024-05-07,Store_A,Clothing,0,308.3
2024-05-08,Store_A,Clothing,0,308.05
2024-05-09,Store_A,Clothing,0,234.03
2024-05-10,Store_A,Clothing,0,277.71
2024-05-11,Store_A,Clothing,0,257.76
2024-05-12,Store_A,Clothing,0,166.48
2024-05-13,Store_A,Clothing,0,255.99
2024-05-14,Store_A,Clothing,1,369.8
2024-05-15,Store_A,Clothing,0,295.52
2024-05-16,Store_A,Clothing,0,268.41
2024-05-17,Store_A,Clothing,0,274.89
2024-05-18,Store_A,Clothing,0,240.11
2024-05-19,Store_A,Clothing,0,198.78
2024-05-20,Store_A,Clothing,0,244.77
2024-05-21,Store_A,Clothing,0,299.23
2024-05-22,Store_A,Clothing,0,275.81
2024-05-23,Store_A,Clothing,0,252.31
2024-05-24,Store_A,Clothing,0,229.6
2024-05-25,Store_A,Clothing,0,262.4
2024-05-26,Store_A,Clothing,0,233.75
2024-05-27,Store_A,Clothing,0,227.17
2024-05-28,Store_A,Clothing,0,255.63
2024-05-29,Store_A,Clothing,0,257.63
2024-05-30,Store_A,Clothing,1,341.93
2024-05-31,Store_A,Clothing,0,221.94
2024-06-01,Store_A,Clothing,0,275.77
2024-06-02,Store_A,Clothing,0,187.43
2024-06-03,Store_A,Clothing,0,233.5
2024-06-04,Store_A,Clothing,0,273.46
2024-06-05,Store_A,Clothing,0,237.99
2024-06-06,Store_A,Clothing,1,317.8
2024-06-07,Store_A,Clothing,0,256.57
2024-06-08,Store_A,Clothing,1,291.97
2024-06-09,Store_A,Clothing,0,212.98
2024-06-10,Store_A,Clothing,0,209.58
2024-06-11,Store_A,Clothing,0,218.99
2024-06-12,Store_A,Clothing,0,256.23
2024-06-13,Store_A,Clothing,0,197.3
2024-06-14,Store_A,Clothing,0,246.17
2024-06-15,Store_A,Clothing,0,242.45
2024-06-16,Store_A,Clothing,1,224.3
2024-06-17,Store_A,Clothing,0,228.53
2024-06-18,Store_A,Clothing,0,245.66
2024-06-19,Store_A,Clothing,0,270.18
2024-06-20,Store_A,Clothing,0,247.63
2024-06-21,Store_A,Clothing,0,240.82
2024-06-22,Store_A,Clothing,0,219.25
2024-06-23,Store_A,Clothing,0,189.75
2024-06-24,Store_A,Clothing,0,182.2
2024-06-25,Store_A,Clothing,0,213.1
2024-06-26,Store_A,Clothing,0,231.15
2024-06-27,Store_A,Clothing,0,190.75
2024-06-28,Store_A,Clothing,1,299.74
2024-06-29,Store_A,Clothing,0,198.39
2024-06-30,Store_A,Clothing,0,166.4
2024-07-01,Store_A,Clothing,0,196.16
2024-07-02,Store_A,Clothing,0,259.93
2024-07-03,Store_A,Clothing,0,235.93
2024-07-04,Store_A,Clothing,0,219.2
2024-07-05,Store_A,Clothing,0,289.8
2024-07-06,Store_A,Clothing,0,168.45
2024-07-07,Store_A,Clothing,0,176.91
2024-07-08,Store_A,Clothing,0,197.39
2024-07-09,Store_A,Clothing,0,241.44
2024-07-10,Store_A,Clothing,0,227.57
2024-07-11,Store_A,Clothing,0,211.89
2024-07-12,Store_A,Clothing,0,275.51
2024-07-13,Store_A,Clothing,0,234.51
2024-07-14,Store_A,Clothing,0,163.95
2024-07-15,Store_A,Clothing,0,182.34
2024-07-16,Store_A,Clothing,1,286.38
2024-07-17,Store_A,Clothing,0,227.99
2024-07-18,Store_A,Clothing,0,149.45
2024-07-19,Store_A,Clothing,0,239.54
2024-07-20,Store_A,Clothing,0,265.51
2024-07-21,Store_A,Clothing,0,173.13
2024-07-22,Store_A,Clothing,0,184.69
2024-07-23,Store_A,Clothing,0,176.64
2024-07-24,Store_A,Clothing,0,220.46
2024-07-25,Store_A,Clothing,0,206.43
2024-07-26,Store_A,Clothing,0,249.72
2024-07-27,Store_A,Clothing,0,211.15
2024-07-28,Store_A,Clothing,0,215.21
2024-07-29,Store_A,Clothing,0,195.88
2024-07-30,Store_A,Clothing,0,258.16
2024-07-31,Store_A,Clothing,0,201.8
2024-08-01,Store_A,Clothing,0,218.2
2024-08-02,Store_A,Clothing,0,225.79
2024-08-03,Store_A,Clothing,0,249.58
2024-08-04,Store_A,Clothing,0,162.1
2024-08-05,Store_A,Clothing,0,235.29
2024-08-06,Store_A,Clothing,1,330.78
2024-08-07,Store_A,Clothing,0,230.2
2024-08-08,Store_A,Clothing,0,195.26
2024-08-09,Store_A,Clothing,0,229.42
2024-08-10,Store_A,Clothing,0,218.81
2024-08-11,Store_A,Clothing,1,269.98
2024-08-12,Store_A,Clothing,0,205.45
2024-08-13,Store_A,Clothing,0,258.06
2024-08-14,Store_A,Clothing,0,280.12
2024-08-15,Store_A,Clothing,0,225.54
2024-08-16,Store_A,Clothing,0,226.53
2024-08-17,Store_A,Clothing,0,238.5
2024-08-18,Store_A,Clothing,0,226.16
2024-08-19,Store_A,Clothing,0,231.46
2024-08-20,Store_A,Clothing,0,248.55
2024-08-21,Store_A,Clothing,0,228.58
2024-08-22,Store_A,Clothing,1,303.93
2024-08-23,Store_A,Clothing,1,296.89
2024-08-24,Store_A,Clothing,0,206.02
2024-08-25,Store_A,Clothing,0,191.71
2024-08-26,Store_A,Clothing,0,171.59
2024-08-27,Store_A,Clothing,0,237.64
2024-08-28,Store_A,Clothing,0,224.44
2024-08-29,Store_A,Clothing,0,207.03
2024-08-30,Store_A,Clothing,0,260.97
2024-08-31,Store_A,Clothing,0,221.0
2024-09-01,Store_A,Clothing,0,152.91
2024-09-02,Store_A,Clothing,0,205.93
2024-09-03,Store_A,Clothing,1,296.36
2024-09-04,Store_A,Clothing,0,290.39
2024-09-05,Store_A,Clothing,0,256.56
2024-09-06,Store_A,Clothing,0,282.61
2024-09-07,Store_A,Clothing,0,224.72
2024-09-08,Store_A,Clothing,0,203.83
2024-09-09,Store_A,Clothing,0,230.36
2024-09-10,Store_A,Clothing,0,239.43
2024-09-11,Store_A,Clothing,0,264.44
2024-09-12,Store_A,Clothing,0,206.99
2024-09-13,Store_A,Clothing,0,246.26
2024-09-14,Store_A,Clothing,0,248.69
2024-09-15,Store_A,Clothing,0,187.91
2024-09-16,Store_A,Clothing,0,240.56
2024-09-17,Store_A,Clothing,0,246.94
2024-09-18,Store_A,Clothing,0,264.59
2024-09-19,Store_A,Clothing,0,252.16
2024-09-20,Store_A,Clothing,0,259.53
2024-09-21,Store_A,Clothing,0,249.36
2024-09-22,Store_A,Clothing,0,212.02
2024-09-23,Store_A,Clothing,0,277.69
2024-09-24,Store_A,Clothing,0,252.63
2024-09-25,Store_A,Clothing,0,268.9
2024-09-26,Store_A,Clothing,0,329.04
2024-09-27,Store_A,Clothing,0,308.51
2024-09-28,Store_A,Clothing,0,294.44
2024-09-29,Store_A,Clothing,0,228.06
2024-09-30,Store_A,Clothing,0,275.0
2024-10-01,Store_A,Clothing,1,339.28
2024-10-02,Store_A,Clothing,0,313.63
2024-10-03,Store_A,Clothing,0,286.64
2024-10-04,Store_A,Clothing,0,268.05
2024-10-05,Store_A,Clothing,0,265.99
2024-10-06,Store_A,Clothing,0,172.24
2024-10-07,Store_A,Clothing,0,258.65
2024-10-08,Store_A,Clothing,1,392.52
2024-10-09,Store_A,Clothing,0,284.0
2024-10-10,Store_A,Clothing,0,252.45
2024-10-11,Store_A,Clothing,0,277.41
2024-10-12,Store_A,Clothing,0,281.87
2024-10-13,Store_A,Clothing,0,244.47
2024-10-14,Store_A,Clothing,0,302.9
2024-10-15,Store_A,Clothing,0,244.0
2024-10-16,Store_A,Clothing,0,340.66
2024-10-17,Store_A,Clothing,0,289.49
2024-10-18,Store_A,Clothing,0,334.79
2024-10-19,Store_A,Clothing,0,308.1
2024-10-20,Store_A,Clothing,0,240.9
2024-10-21,Store_A,Clothing,0,272.48
2024-10-22,Store_A,Clothing,0,314.38
2024-10-23,Store_A,Clothing,0,307.73
2024-10-24,Store_A,Clothing,0,289.21
2024-10-25,Store_A,Clothing,0,231.06
2024-10-26,Store_A,Clothing,0,314.0
2024-10-27,Store_A,Clothing,0,229.5
2024-10-28,Store_A,Clothing,0,306.99
2024-10-29,Store_A,Clothing,0,337.19
2024-10-30,Store_A,Clothing,0,311.08
2024-10-31,Store_A,Clothing,0,316.73
2024-11-01,Store_A,Clothing,0,339.91
2024-11-02,Store_A,Clothing,0,294.31
2024-11-03,Store_A,Clothing,0,273.63
2024-11-04,Store_A,Clothing,0,327.04
2024-11-05,Store_A,Clothing,1,428.91
2024-11-06,Store_A,Clothing,1,376.81
2024-11-07,Store_A,Clothing,1,402.71
2024-11-08,Store_A,Clothing,0,359.32
2024-11-09,Store_A,Clothing,0,301.16
2024-11-10,Store_A,Clothing,1,371.35
2024-11-11,Store_A,Clothing,0,279.88
2024-11-12,Store_A,Clothing,0,323.86
2024-11-13,Store_A,Clothing,0,322.05
2024-11-14,Store_A,Clothing,0,297.78
2024-11-15,Store_A,Clothing,0,354.46
2024-11-16,Store_A,Clothing,0,292.3
2024-11-17,Store_A,Clothing,0,268.28
2024-11-18,Store_A,Clothing,0,315.18
2024-11-19,Store_A,Clothing,0,321.37
2024-11-20,Store_A,Clothing,0,377.49
2024-11-21,Store_A,Clothing,0,323.16
2024-11-22,Store_A,Clothing,0,389.77
2024-11-23,Store_A,Clothing,0,374.16
2024-11-24,Store_A,Clothing,0,246.22
2024-11-25,Store_A,Clothing,0,323.63
2024-11-26,Store_A,Clothing,0,350.77
2024-11-27,Store_A,Clothing,0,345.24
2024-11-28,Store_A,Clothing,0,334.74
2024-11-29,Store_A,Clothing,0,428.73
2024-11-30,Store_A,Clothing,0,353.3
2024-12-01,Store_A,Clothing,0,306.72
2024-12-02,Store_A,Clothing,0,317.69
2024-12-03,Store_A,Clothing,0,363.06
2024-12-04,Store_A,Clothing,0,341.81
2024-12-05,Store_A,Clothing,0,359.57
2024-12-06,Store_A,Clothing,0,402.3
2024-12-07,Store_A,Clothing,0,366.99
2024-12-08,Store_A,Clothing,0,277.2
2024-12-09,Store_A,Clothing,0,303.54
2024-12-10,Store_A,Clothing,0,417.49
2024-12-11,Store_A,Clothing,0,400.94
2024-12-12,Store_A,Clothing,0,365.07
2024-12-13,Store_A,Clothing,0,410.01
2024-12-14,Store_A,Clothing,0,351.68
2024-12-15,Store_A,Clothing,0,468.26
2024-12-16,Store_A,Clothing,0,512.09
2024-12-17,Store_A,Clothing,0,507.65
2024-12-18,Store_A,Clothing,0,534.44
2024-12-19,Store_A,Clothing,0,528.38
2024-12-20,Store_A,Clothing,0,502.86
2024-12-21,Store_A,Clothing,0,497.69
2024-12-22,Store_A,Clothing,0,481.07
2024-12-23,Store_A,Clothing,0,492.41
2024-12-24,Store_A,Clothing,1,600.94
2024-12-25,Store_A,Clothing,0,526.3
2024-12-26,Store_A,Clothing,1,614.85
2024-12-27,Store_A,Clothing,0,509.36
2024-12-28,Store_A,Clothing,0,500.11
2024-12-29,Store_A,Clothing,0,426.07
2024-12-30,Store_A,Clothing,0,483.34
2024-12-31,Store_A,Clothing,0,526.68
2021-01-01,Store_B,Grocery,0,363.15
2021-01-02,Store_B,Grocery,0,441.34
2021-01-03,Store_B,Grocery,0,301.03
2021-01-04,Store_B,Grocery,0,304.81
2021-01-05,Store_B,Grocery,0,441.41
2021-01-06,Store_B,Grocery,1,548.02
2021-01-07,Store_B,Grocery,0,403.28
2021-01-08,Store_B,Grocery,0,460.26
2021-01-09,Store_B,Grocery,0,366.39
2021-01-10,Store_B,Grocery,0,362.57
2021-01-11,Store_B,Grocery,0,402.08
2021-01-12,Store_B,Grocery,0,443.19
2021-01-13,Store_B,Grocery,1,543.63
2021-01-14,Store_B,Grocery,1,466.22
2021-01-15,Store_B,Grocery,0,416.4
2021-01-16,Store_B,Grocery,0,435.7
2021-01-17,Store_B,Grocery,1,425.52
2021-01-18,Store_B,Grocery,0,340.93
2021-01-19,Store_B,Grocery,0,485.49
2021-01-20,Store_B,Grocery,0,369.71
2021-01-21,Store_B,Grocery,0,380.03
2021-01-22,Store_B,Grocery,0,450.2
2021-01-23,Store_B,Grocery,0,476.18
2021-01-24,Store_B,Grocery,0,325.95
2021-01-25,Store_B,Grocery,1,467.31
2021-01-26,Store_B,Grocery,0,412.08
2021-01-27,Store_B,Grocery,0,392.31
2021-01-28,Store_B,Grocery,0,354.91
2021-01-29,Store_B,Grocery,0,460.18
2021-01-30,Store_B,Grocery,0,403.25
2021-01-31,Store_B,Grocery,0,275.12
2021-02-01,Store_B,Grocery,0,339.22
2021-02-02,Store_B,Grocery,0,464.27
2021-02-03,Store_B,Grocery,0,464.23
2021-02-04,Store_B,Grocery,0,368.63
2021-02-05,Store_B,Grocery,0,442.49
2021-02-06,Store_B,Grocery,0,351.49
2021-02-07,Store_B,Grocery,0,314.16
2021-02-08,Store_B,Grocery,0,467.4
2021-02-09,Store_B,Grocery,0,420.23
2021-02-10,Store_B,Grocery,0,405.04
2021-02-11,Store_B,Grocery,1,492.63
2021-02-12,Store_B,Grocery,0,401.5
2021-02-13,Store_B,Grocery,0,349.2
2021-02-14,Store_B,Grocery,0,368.97
2021-02-15,Store_B,Grocery,0,305.19
2021-02-16,Store_B,Grocery,0,427.27
2021-02-17,Store_B,Grocery,1,513.46
2021-02-18,Store_B,Grocery,0,430.35
2021-02-19,Store_B,Grocery,0,413.49
2021-02-20,Store_B,Grocery,0,395.95
2021-02-21,Store_B,Grocery,0,317.78
2021-02-22,Store_B,Grocery,0,380.66
2021-02-23,Store_B,Grocery,0,369.36
2021-02-24,Store_B,Grocery,0,394.32
2021-02-25,Store_B,Grocery,0,422.92
2021-02-26,Store_B,Grocery,0,436.47
2021-02-27,Store_B,Grocery,0,395.07
2021-02-28,Store_B,Grocery,0,321.61
2021-03-01,Store_B,Grocery,0,344.05
2021-03-02,Store_B,Grocery,0,387.96
2021-03-03,Store_B,Grocery,0,414.63
2021-03-04,Store_B,Grocery,0,400.69
2021-03-05,Store_B,Grocery,1,521.35
2021-03-06,Store_B,Grocery,0,402.61
2021-03-07,Store_B,Grocery,0,326.56
2021-03-08,Store_B,Grocery,0,292.33
2021-03-09,Store_B,Grocery,0,376.18
2021-03-10,Store_B,Grocery,0,381.31
2021-03-11,Store_B,Grocery,0,325.0
2021-03-12,Store_B,Grocery,1,523.44
2021-03-13,Store_B,Grocery,0,400.41
2021-03-14,Store_B,Grocery,0,298.8
2021-03-15,Store_B,Grocery,0,253.46
2021-03-16,Store_B,Grocery,0,342.34
2021-03-17,Store_B,Grocery,0,352.87
2021-03-18,Store_B,Grocery,1,436.37
2021-03-19,Store_B,Grocery,0,373.89
2021-03-20,Store_B,Grocery,0,348.65
2021-03-21,Store_B,Grocery,0,293.87
2021-03-22,Store_B,Grocery,0,386.25
2021-03-23,Store_B,Grocery,0,388.37
2021-03-24,Store_B,Grocery,0,418.05
2021-03-25,Store_B,Grocery,0,323.12
2021-03-26,Store_B,Grocery,0,361.37
2021-03-27,Store_B,Grocery,1,459.08
2021-03-28,Store_B,Grocery,0,294.34
2021-03-29,Store_B,Grocery,0,306.35
2021-03-30,Store_B,Grocery,0,362.23
2021-03-31,Store_B,Grocery,0,419.46
2021-04-01,Store_B,Grocery,0,325.75
2021-04-02,Store_B,Grocery,0,359.82
2021-04-03,Store_B,Grocery,0,308.77
2021-04-04,Store_B,Grocery,0,317.43
2021-04-05,Store_B,Grocery,0,255.92
2021-04-06,Store_B,Grocery,0,358.29
2021-04-07,Store_B,Grocery,0,362.36
2021-04-08,Store_B,Grocery,0,307.61
2021-04-09,Store_B,Grocery,0,335.18
2021-04-10,Store_B,Grocery,0,316.08
2021-04-11,Store_B,Grocery,1,343.81
2021-04-12,Store_B,Grocery,0,273.1
2021-04-13,Store_B,Grocery,0,341.36
2021-04-14,Store_B,Grocery,0,324.52
2021-04-15,Store_B,Grocery,0,328.03
2021-04-16,Store_B,Grocery,1,471.11
2021-04-17,Store_B,Grocery,0,312.97
2021-04-18,Store_B,Grocery,1,356.12
2021-04-19,Store_B,Grocery,0,335.42
2021-04-20,Store_B,Grocery,0,351.17
2021-04-21,Store_B,Grocery,0,296.99
2021-04-22,Store_B,Grocery,1,442.41
2021-04-23,Store_B,Grocery,0,404.18
2021-04-24,Store_B,Grocery,1,441.87
2021-04-25,Store_B,Grocery,0,240.51
2021-04-26,Store_B,Grocery,0,303.55
2021-04-27,Store_B,Grocery,0,342.36
2021-04-28,Store_B,Grocery,0,358.14
2021-04-29,Store_B,Grocery,0,291.42
2021-04-30,Store_B,Grocery,0,284.03
2021-05-01,Store_B,Grocery,0,286.88
2021-05-02,Store_B,Grocery,0,238.19
2021-05-03,Store_B,Grocery,0,311.04
2021-05-04,Store_B,Grocery,0,334.61
2021-05-05,Store_B,Grocery,0,312.21
2021-05-06,Store_B,Grocery,0,288.15
2021-05-07,Store_B,Grocery,0,250.13
2021-05-08,Store_B,Grocery,0,292.12
2021-05-09,Store_B,Grocery,0,184.16
2021-05-10,Store_B,Grocery,0,323.11
2021-05-11,Store_B,Grocery,0,263.87
2021-05-12,Store_B,Grocery,0,232.33
2021-05-13,Store_B,Grocery,0,258.75
2021-05-14,Store_B,Grocery,0,349.14
2021-05-15,Store_B,Grocery,0,280.07
2021-05-16,Store_B,Grocery,0,222.41
2021-05-17,Store_B,Grocery,0,219.48
2021-05-18,Store_B,Grocery,1,385.34
2021-05-19,Store_B,Grocery,0,310.51
2021-05-20,Store_B,Grocery,0,245.61
2021-05-21,Store_B,Grocery,0,321.04
2021-05-22,Store_B,Grocery,0,253.75
2021-05-23,Store_B,Grocery,0,172.63
2021-05-24,Store_B,Grocery,0,261.01
2021-05-25,Store_B,Grocery,0,260.05
2021-05-26,Store_B,Grocery,1,400.49
2021-05-27,Store_B,Grocery,0,261.76
2021-05-28,Store_B,Grocery,0,319.5
2021-05-29,Store_B,Grocery,0,266.89
2021-05-30,Store_B,Grocery,0,206.97
2021-05-31,Store_B,Grocery,0,169.86
2021-06-01,Store_B,Grocery,0,330.58
2021-06-02,Store_B,Grocery,0,293.58
2021-06-03,Store_B,Grocery,0,254.26
2021-06-04,Store_B,Grocery,0,227.21
2021-06-05,Store_B,Grocery,0,299.96
2021-06-06,Store_B,Grocery,0,180.68
2021-06-07,Store_B,Grocery,0,255.95
2021-06-08,Store_B,Grocery,0,247.89
2021-06-09,Store_B,Grocery,0,268.74
2021-06-10,Store_B,Grocery,0,195.46
2021-06-11,Store_B,Grocery,0,297.04
2021-06-12,Store_B,Grocery,1,345.66
2021-06-13,Store_B,Grocery,0,212.64
2021-06-14,Store_B,Grocery,0,217.36
2021-06-15,Store_B,Grocery,0,294.31
2021-06-16,Store_B,Grocery,0,305.88
2021-06-17,Store_B,Grocery,0,235.87
2021-06-18,Store_B,Grocery,0,250.09
2021-06-19,Store_B,Grocery,0,169.68
2021-06-20,Store_B,Grocery,0,141.74
2021-06-21,Store_B,Grocery,0,286.7
2021-06-22,Store_B,Grocery,0,239.02
2021-06-23,Store_B,Grocery,0,197.74
2021-06-24,Store_B,Grocery,0,183.35
2021-06-25,Store_B,Grocery,0,258.07
2021-06-26,Store_B,Grocery,0,204.41
2021-06-27,Store_B,Grocery,0,168.62
2021-06-28,Store_B,Grocery,1,272.63
2021-06-29,Store_B,Grocery,0,240.4
2021-06-30,Store_B,Grocery,0,321.6
2021-07-01,Store_B,Grocery,0,213.29
2021-07-02,Store_B,Grocery,0,255.16
2021-07-03,Store_B,Grocery,0,224.22
2021-07-04,Store_B,Grocery,0,168.03
2021-07-05,Store_B,Grocery,0,217.78
2021-07-06,Store_B,Grocery,0,251.15
2021-07-07,Store_B,Grocery,0,255.68
2021-07-08,Store_B,Grocery,0,216.96
2021-07-09,Store_B,Grocery,0,280.1
2021-07-10,Store_B,Grocery,0,196.15
2021-07-11,Store_B,Grocery,0,143.65
2021-07-12,Store_B,Grocery,0,151.93
2021-07-13,Store_B,Grocery,0,253.13
2021-07-14,Store_B,Grocery,0,272.5
2021-07-15,Store_B,Grocery,0,193.4
2021-07-16,Store_B,Grocery,0,271.34
2021-07-17,Store_B,Grocery,0,167.56
2021-07-18,Store_B,Grocery,0,125.7
2021-07-19,Store_B,Grocery,0,162.89
2021-07-20,Store_B,Grocery,0,246.13
2021-07-21,Store_B,Grocery,0,232.99
2021-07-22,Store_B,Grocery,0,130.55
2021-07-23,Store_B,Grocery,0,341.4
2021-07-24,Store_B,Grocery,0,212.41
2021-07-25,Store_B,Grocery,0,149.99
2021-07-26,Store_B,Grocery,1,344.52
2021-07-27,Store_B,Grocery,0,213.59
2021-07-28,Store_B,Grocery,0,241.97
2021-07-29,Store_B,Grocery,0,259.84
2021-07-30,Store_B,Grocery,0,241.0
2021-07-31,Store_B,Grocery,0,174.51
2021-08-01,Store_B,Grocery,0,201.16
2021-08-02,Store_B,Grocery,0,203.77
2021-08-03,Store_B,Grocery,0,241.28
2021-08-04,Store_B,Grocery,0,296.14
2021-08-05,Store_B,Grocery,0,225.96
2021-08-06,Store_B,Grocery,0,224.48
2021-08-07,Store_B,Grocery,0,257.54
2021-08-08,Store_B,Grocery,0,151.97
2021-08-09,Store_B,Grocery,0,194.86
2021-08-10,Store_B,Grocery,0,312.62
2021-08-11,Store_B,Grocery,0,274.43
2021-08-12,Store_B,Grocery,1,332.62
2021-08-13,Store_B,Grocery,0,315.68
2021-08-14,Store_B,Grocery,0,191.2
2021-08-15,Store_B,Grocery,0,164.96
2021-08-16,Store_B,Grocery,0,191.94
2021-08-17,Store_B,Grocery,0,225.53
2021-08-18,Store_B,Grocery,0,272.48
2021-08-19,Store_B,Grocery,0,216.56
2021-08-20,Store_B,Grocery,0,275.36
2021-08-21,Store_B,Grocery,0,233.53
2021-08-22,Store_B,Grocery,0,166.07
2021-08-23,Store_B,Grocery,0,186.96
2021-08-24,Store_B,Grocery,0,324.48
2021-08-25,Store_B,Grocery,0,228.86
2021-08-26,Store_B,Grocery,0,222.3
2021-08-27,Store_B,Grocery,0,301.23
2021-08-28,Store_B,Grocery,0,236.0
2021-08-29,Store_B,Grocery,0,185.36
2021-08-30,Store_B,Grocery,0,248.01
2021-08-31,Store_B,Grocery,0,258.57
2021-09-01,Store_B,Grocery,0,170.34
2021-09-02,Store_B,Grocery,0,246.23
2021-09-03,Store_B,Grocery,0,297.51
2021-09-04,Store_B,Grocery,0,265.42
2021-09-05,Store_B,Grocery,0,160.13
2021-09-06,Store_B,Grocery,0,276.28
2021-09-07,Store_B,Grocery,0,214.97
2021-09-08,Store_B,Grocery,0,270.59
2021-09-09,Store_B,Grocery,1,379.66
2021-09-10,Store_B,Grocery,0,396.89
2021-09-11,Store_B,Grocery,0,223.9
2021-09-12,Store_B,Grocery,0,131.37
2021-09-13,Store_B,Grocery,0,319.34
2021-09-14,Store_B,Grocery,0,304.84
2021-09-15,Store_B,Grocery,0,301.07
2021-09-16,Store_B,Grocery,0,238.54
2021-09-17,Store_B,Grocery,0,294.7
2021-09-18,Store_B,Grocery,0,247.44
2021-09-19,Store_B,Grocery,0,235.54
2021-09-20,Store_B,Grocery,0,268.21
2021-09-21,Store_B,Grocery,1,395.49
2021-09-22,Store_B,Grocery,0,316.43
2021-09-23,Store_B,Grocery,0,280.72
2021-09-24,Store_B,Grocery,0,272.26
2021-09-25,Store_B,Grocery,0,224.59
2021-09-26,Store_B,Grocery,1,339.6
2021-09-27,Store_B,Grocery,1,391.16
2021-09-28,Store_B,Grocery,0,275.4
2021-09-29,Store_B,Grocery,0,367.28
2021-09-30,Store_B,Grocery,0,284.38
2021-10-01,Store_B,Grocery,0,252.95
2021-10-02,Store_B,Grocery,0,308.65
2021-10-03,Store_B,Grocery,0,299.52
2021-10-04,Store_B,Grocery,0,260.45
2021-10-05,Store_B,Grocery,0,316.37
2021-10-06,Store_B,Grocery,0,377.93
2021-10-07,Store_B,Grocery,0,228.32
2021-10-08,Store_B,Grocery,0,276.85
2021-10-09,Store_B,Grocery,0,303.44
2021-10-10,Store_B,Grocery,0,213.65
2021-10-11,Store_B,Grocery,0,279.35
2021-10-12,Store_B,Grocery,0,289.49
2021-10-13,Store_B,Grocery,0,376.02
2021-10-14,Store_B,Grocery,0,324.65
2021-10-15,Store_B,Grocery,0,354.78
2021-10-16,Store_B,Grocery,0,306.75
2021-10-17,Store_B,Grocery,0,236.64
2021-10-18,Store_B,Grocery,0,247.59
2021-10-19,Store_B,Grocery,0,377.82
2021-10-20,Store_B,Grocery,0,356.58
2021-10-21,Store_B,Grocery,0,299.65
2021-10-22,Store_B,Grocery,0,374.32
2021-10-23,Store_B,Grocery,0,347.14
2021-10-24,Store_B,Grocery,0,270.18
2021-10-25,Store_B,Grocery,0,354.69
2021-10-26,Store_B,Grocery,0,379.46
2021-10-27,Store_B,Grocery,0,374.86
2021-10-28,Store_B,Grocery,0,316.36
2021-10-29,Store_B,Grocery,0,348.28
2021-10-30,Store_B,Grocery,0,372.21
2021-10-31,Store_B,Grocery,0,311.9
2021-11-01,Store_B,Grocery,0,390.94
2021-11-02,Store_B,Grocery,1,457.25
2021-11-03,Store_B,Grocery,0,365.6
2021-11-04,Store_B,Grocery,0,294.74
2021-11-05,Store_B,Grocery,0,427.34
2021-11-06,Store_B,Grocery,0,357.97
2021-11-07,Store_B,Grocery,0,336.93
2021-11-08,Store_B,Grocery,0,274.39
2021-11-09,Store_B,Grocery,0,357.9
2021-11-10,Store_B,Grocery,0,367.24
2021-11-11,Store_B,Grocery,0,372.71
2021-11-12,Store_B,Grocery,0,393.24
2021-11-13,Store_B,Grocery,0,372.62
2021-11-14,Store_B,Grocery,0,268.84
2021-11-15,Store_B,Grocery,0,343.54
2021-11-16,Store_B,Grocery,0,397.65
2021-11-17,Store_B,Grocery,0,384.44
2021-11-18,Store_B,Grocery,0,342.02
2021-11-19,Store_B,Grocery,0,356.78
2021-11-20,Store_B,Grocery,0,396.96
2021-11-21,Store_B,Grocery,0,312.8
2021-11-22,Store_B,Grocery,0,426.45
2021-11-23,Store_B,Grocery,0,420.9
2021-11-24,Store_B,Grocery,0,347.64
2021-11-25,Store_B,Grocery,0,322.32
2021-11-26,Store_B,Grocery,0,427.47
2021-11-27,Store_B,Grocery,0,401.12
2021-11-28,Store_B,Grocery,0,305.67
2021-11-29,Store_B,Grocery,0,381.09
2021-11-30,Store_B,Grocery,0,405.95
2021-12-01,Store_B,Grocery,0,408.77
2021-12-02,Store_B,Grocery,0,312.1
2021-12-03,Store_B,Grocery,0,447.6
2021-12-04,Store_B,Grocery,0,308.21
2021-12-05,Store_B,Grocery,0,370.37
2021-12-06,Store_B,Grocery,0,427.09
2021-12-07,Store_B,Grocery,0,356.97
2021-12-08,Store_B,Grocery,1,541.76
2021-12-09,Store_B,Grocery,0,351.14
2021-12-10,Store_B,Grocery,0,397.39
2021-12-11,Store_B,Grocery,0,371.07
2021-12-12,Store_B,Grocery,1,442.78
2021-12-13,Store_B,Grocery,0,376.46
2021-12-14,Store_B,Grocery,0,400.95
2021-12-15,Store_B,Grocery,0,554.46
2021-12-16,Store_B,Grocery,0,572.36
2021-12-17,Store_B,Grocery,0,674.26
2021-12-18,Store_B,Grocery,0,619.57
2021-12-19,Store_B,Grocery,1,599.9
2021-12-20,Store_B,Grocery,0,574.56
2021-12-21,Store_B,Grocery,0,603.52
2021-12-22,Store_B,Grocery,0,677.25
2021-12-23,Store_B,Grocery,0,587.11
2021-12-24,Store_B,Grocery,0,586.41
2021-12-25,Store_B,Grocery,0,592.18
2021-12-26,Store_B,Grocery,0,589.29
2021-12-27,Store_B,Grocery,0,613.73
2021-12-28,Store_B,Grocery,0,619.16
2021-12-29,Store_B,Grocery,0,592.78
2021-12-30,Store_B,Grocery,0,623.04
2021-12-31,Store_B,Grocery,0,594.77
2022-01-01,Store_B,Grocery,0,419.81
2022-01-02,Store_B,Grocery,0,363.41
2022-01-03,Store_B,Grocery,0,340.53
2022-01-04,Store_B,Grocery,0,418.05
2022-01-05,Store_B,Grocery,0,448.53
2022-01-06,Store_B,Grocery,0,426.15
2022-01-07,Store_B,Grocery,0,461.11
2022-01-08,Store_B,Grocery,0,390.1
2022-01-09,Store_B,Grocery,0,329.55
2022-01-10,Store_B,Grocery,0,371.92
2022-01-11,Store_B,Grocery,0,342.2
2022-01-12,Store_B,Grocery,0,483.54
2022-01-13,Store_B,Grocery,0,404.53
2022-01-14,Store_B,Grocery,1,581.54
2022-01-15,Store_B,Grocery,0,451.45
2022-01-16,Store_B,Grocery,0,414.72
2022-01-17,Store_B,Grocery,0,352.2
2022-01-18,Store_B,Grocery,0,444.62
2022-01-19,Store_B,Grocery,0,435.22
2022-01-20,Store_B,Grocery,0,411.95
2022-01-21,Store_B,Grocery,0,465.64
2022-01-22,Store_B,Grocery,0,394.7
2022-01-23,Store_B,Grocery,0,338.8
2022-01-24,Store_B,Grocery,0,316.68
2022-01-25,Store_B,Grocery,0,409.35
2022-01-26,Store_B,Grocery,0,496.13
2022-01-27,Store_B,Grocery,0,435.67
2022-01-28,Store_B,Grocery,0,464.53
2022-01-29,Store_B,Grocery,0,442.51
2022-01-30,Store_B,Grocery,0,346.84
2022-01-31,Store_B,Grocery,0,424.48
2022-02-01,Store_B,Grocery,0,407.3
2022-02-02,Store_B,Grocery,0,432.25
2022-02-03,Store_B,Grocery,0,403.17
2022-02-04,Store_B,Grocery,0,481.28
2022-02-05,Store_B,Grocery,0,390.22
2022-02-06,Store_B,Grocery,0,336.38
2022-02-07,Store_B,Grocery,0,368.55
2022-02-08,Store_B,Grocery,0,480.96
2022-02-09,Store_B,Grocery,0,471.87
2022-02-10,Store_B,Grocery,0,423.12
2022-02-11,Store_B,Grocery,0,465.99
2022-02-12,Store_B,Grocery,0,378.97
2022-02-13,Store_B,Grocery,0,362.32
2022-02-14,Store_B,Grocery,0,394.27
2022-02-15,Store_B,Grocery,0,397.79
2022-02-16,Store_B,Grocery,1,484.58
2022-02-17,Store_B,Grocery,0,406.83
2022-02-18,Store_B,Grocery,0,436.03
2022-02-19,Store_B,Grocery,0,350.77
2022-02-20,Store_B,Grocery,0,346.96
2022-02-21,Store_B,Grocery,0,402.6
2022-02-22,Store_B,Grocery,0,452.46
2022-02-23,Store_B,Grocery,0,423.36
2022-02-24,Store_B,Grocery,0,405.86
2022-02-25,Store_B,Grocery,0,464.51
2022-02-26,Store_B,Grocery,0,400.3
2022-02-27,Store_B,Grocery,0,309.54
2022-02-28,Store_B,Grocery,0,349.51
2022-03-01,Store_B,Grocery,0,439.95
2022-03-02,Store_B,Grocery,0,428.17
2022-03-03,Store_B,Grocery,0,381.5
2022-03-04,Store_B,Grocery,0,398.34
2022-03-05,Store_B,Grocery,0,383.69
2022-03-06,Store_B,Grocery,0,330.01
2022-03-07,Store_B,Grocery,0,417.49
2022-03-08,Store_B,Grocery,1,548.9
2022-03-09,Store_B,Grocery,0,471.61
2022-03-10,Store_B,Grocery,0,368.34
2022-03-11,Store_B,Grocery,0,355.58
2022-03-12,Store_B,Grocery,0,380.34
2022-03-13,Store_B,Grocery,0,337.38
2022-03-14,Store_B,Grocery,0,367.7
2022-03-15,Store_B,Grocery,0,477.5
2022-03-16,Store_B,Grocery,1,536.45
2022-03-17,Store_B,Grocery,1,461.0
2022-03-18,Store_B,Grocery,0,448.59
2022-03-19,Store_B,Grocery,0,326.52
2022-03-20,Store_B,Grocery,1,399.37
2022-03-21,Store_B,Grocery,0,337.89
2022-03-22,Store_B,Grocery,0,431.33
2022-03-23,Store_B,Grocery,0,409.57
2022-03-24,Store_B,Grocery,0,342.58
2022-03-25,Store_B,Grocery,0,317.13
2022-03-26,Store_B,Grocery,0,331.89
2022-03-27,Store_B,Grocery,0,318.13
2022-03-28,Store_B,Grocery,0,418.76
2022-03-29,Store_B,Grocery,0,374.43
2022-03-30,Store_B,Grocery,0,331.8
2022-03-31,Store_B,Grocery,1,490.78
2022-04-01,Store_B,Grocery,0,406.29
2022-04-02,Store_B,Grocery,0,343.85
2022-04-03,Store_B,Grocery,0,249.62
2022-04-04,Store_B,Grocery,0,311.17
2022-04-05,Store_B,Grocery,0,369.62
2022-04-06,Store_B,Grocery,0,370.33
2022-04-07,Store_B,Grocery,0,310.06
2022-04-08,Store_B,Grocery,0,336.98
2022-04-09,Store_B,Grocery,1,429.39
2022-04-10,Store_B,Grocery,0,302.33
2022-04-11,Store_B,Grocery,0,309.32
2022-04-12,Store_B,Grocery,0,391.89
2022-04-13,Store_B,Grocery,0,351.84
2022-04-14,Store_B,Grocery,0,364.0
2022-04-15,Store_B,Grocery,0,393.74
2022-04-16,Store_B,Grocery,0,328.66
2022-04-17,Store_B,Grocery,0,328.62
2022-04-18,Store_B,Grocery,0,337.15
2022-04-19,Store_B,Grocery,0,385.96
2022-04-20,Store_B,Grocery,0,382.85
2022-04-21,Store_B,Grocery,0,316.2
2022-04-22,Store_B,Grocery,0,412.06
2022-04-23,Store_B,Grocery,0,359.15
2022-04-24,Store_B,Grocery,0,265.82
2022-04-25,Store_B,Grocery,0,334.53
2022-04-26,Store_B,Grocery,0,377.8
2022-04-27,Store_B,Grocery,0,380.39
2022-04-28,Store_B,Grocery,0,313.38
2022-04-29,Store_B,Grocery,0,312.28
2022-04-30,Store_B,Grocery,0,345.07
2022-05-01,Store_B,Grocery,0,256.08
2022-05-02,Store_B,Grocery,0,252.59
2022-05-03,Store_B,Grocery,1,434.62
2022-05-04,Store_B,Grocery,0,349.64
2022-05-05,Store_B,Grocery,0,311.13
2022-05-06,Store_B,Grocery,0,263.77
2022-05-07,Store_B,Grocery,0,324.36
2022-05-08,Store_B,Grocery,0,225.29
2022-05-09,Store_B,Grocery,0,271.03
2022-05-10,Store_B,Grocery,0,337.39
2022-05-11,Store_B,Grocery,0,229.02
2022-05-12,Store_B,Grocery,0,257.25
2022-05-13,Store_B,Grocery,0,367.19
2022-05-14,Store_B,Grocery,1,396.45
2022-05-15,Store_B,Grocery,0,254.49
2022-05-16,Store_B,Grocery,0,287.24
2022-05-17,Store_B,Grocery,0,313.42
2022-05-18,Store_B,Grocery,0,309.45
2022-05-19,Store_B,Grocery,0,299.93
2022-05-20,Store_B,Grocery,0,323.16
2022-05-21,Store_B,Grocery,0,240.86
2022-05-22,Store_B,Grocery,0,161.84
2022-05-23,Store_B,Grocery,1,372.69
2022-05-24,Store_B,Grocery,0,267.34
2022-05-25,Store_B,Grocery,0,340.1
2022-05-26,Store_B,Grocery,0,220.56
2022-05-27,Store_B,Grocery,0,338.14
2022-05-28,Store_B,Grocery,0,304.18
2022-05-29,Store_B,Grocery,0,212.13
2022-05-30,Store_B,Grocery,0,179.49
2022-05-31,Store_B,Grocery,0,279.6
2022-06-01,Store_B,Grocery,1,423.65
2022-06-02,Store_B,Grocery,0,187.85
2022-06-03,Store_B,Grocery,0,325.15
2022-06-04,Store_B,Grocery,0,234.38
2022-06-05,Store_B,Grocery,0,150.0
2022-06-06,Store_B,Grocery,0,266.0
2022-06-07,Store_B,Grocery,0,272.14
2022-06-08,Store_B,Grocery,0,301.88
2022-06-09,Store_B,Grocery,0,263.42
2022-06-10,Store_B,Grocery,1,383.14
2022-06-11,Store_B,Grocery,0,195.22
2022-06-12,Store_B,Grocery,0,210.49
2022-06-13,Store_B,Grocery,0,257.46
2022-06-14,Store_B,Grocery,0,282.98
2022-06-15,Store_B,Grocery,0,296.5
2022-06-16,Store_B,Grocery,0,257.54
2022-06-17,Store_B,Grocery,0,276.87
2022-06-18,Store_B,Grocery,0,295.85
2022-06-19,Store_B,Grocery,0,231.12
2022-06-20,Store_B,Grocery,1,390.59
2022-06-21,Store_B,Grocery,0,208.44
2022-06-22,Store_B,Grocery,0,328.28
2022-06-23,Store_B,Grocery,0,252.47
2022-06-24,Store_B,Grocery,0,261.37
2022-06-25,Store_B,Grocery,0,210.28
2022-06-26,Store_B,Grocery,1,310.36
2022-06-27,Store_B,Grocery,0,237.86
2022-06-28,Store_B,Grocery,0,274.66
2022-06-29,Store_B,Grocery,0,287.8
2022-06-30,Store_B,Grocery,0,263.2
2022-07-01,Store_B,Grocery,0,334.54
2022-07-02,Store_B,Grocery,0,255.26
2022-07-03,Store_B,Grocery,0,197.72
2022-07-04,Store_B,Grocery,0,205.41
2022-07-05,Store_B,Grocery,0,323.27
2022-07-06,Store_B,Grocery,0,215.31
2022-07-07,Store_B,Grocery,0,281.41
2022-07-08,Store_B,Grocery,0,282.42
2022-07-09,Store_B,Grocery,0,237.65
2022-07-10,Store_B,Grocery,0,136.31
2022-07-11,Store_B,Grocery,0,240.96
2022-07-12,Store_B,Grocery,0,230.64
2022-07-13,Store_B,Grocery,0,302.08
2022-07-14,Store_B,Grocery,1,338.11
2022-07-15,Store_B,Grocery,0,221.44
2022-07-16,Store_B,Grocery,0,247.05
2022-07-17,Store_B,Grocery,0,175.78
2022-07-18,Store_B,Grocery,0,282.66
2022-07-19,Store_B,Grocery,0,291.57
2022-07-20,Store_B,Grocery,0,321.12
2022-07-21,Store_B,Grocery,0,263.68
2022-07-22,Store_B,Grocery,0,228.56
2022-07-23,Store_B,Grocery,0,271.23
2022-07-24,Store_B,Grocery,0,159.43
2022-07-25,Store_B,Grocery,0,197.79
2022-07-26,Store_B,Grocery,0,277.78
2022-07-27,Store_B,Grocery,0,247.45
2022-07-28,Store_B,Grocery,0,285.21
2022-07-29,Store_B,Grocery,0,218.35
2022-07-30,Store_B,Grocery,0,242.78
2022-07-31,Store_B,Grocery,0,175.8
2022-08-01,Store_B,Grocery,1,285.6
2022-08-02,Store_B,Grocery,0,244.76
2022-08-03,Store_B,Grocery,0,252.1
2022-08-04,Store_B,Grocery,0,187.28
2022-08-05,Store_B,Grocery,0,247.86
2022-08-06,Store_B,Grocery,0,240.33
2022-08-07,Store_B,Grocery,0,170.58
2022-08-08,Store_B,Grocery,0,242.88
2022-08-09,Store_B,Grocery,0,303.43
2022-08-10,Store_B,Grocery,0,259.58
2022-08-11,Store_B,Grocery,0,203.49
2022-08-12,Store_B,Grocery,0,289.88
2022-08-13,Store_B,Grocery,0,243.57
2022-08-14,Store_B,Grocery,0,213.82
2022-08-15,Store_B,Grocery,0,218.4
2022-08-16,Store_B,Grocery,0,265.06
2022-08-17,Store_B,Grocery,0,268.23
2022-08-18,Store_B,Grocery,0,295.6
2022-08-19,Store_B,Grocery,0,284.8
2022-08-20,Store_B,Grocery,0,289.11
2022-08-21,Store_B,Grocery,0,175.14
2022-08-22,Store_B,Grocery,0,247.94
2022-08-23,Store_B,Grocery,1,398.32
2022-08-24,Store_B,Grocery,0,269.96
2022-08-25,Store_B,Grocery,0,279.61
2022-08-26,Store_B,Grocery,0,234.63
2022-08-27,Store_B,Grocery,0,267.66
2022-08-28,Store_B,Grocery,0,213.37
2022-08-29,Store_B,Grocery,0,209.96
2022-08-30,Store_B,Grocery,0,258.86
2022-08-31,Store_B,Grocery,0,250.15
2022-09-01,Store_B,Grocery,0,225.96
2022-09-02,Store_B,Grocery,0,265.87
2022-09-03,Store_B,Grocery,0,292.94
2022-09-04,Store_B,Grocery,0,173.72
2022-09-05,Store_B,Grocery,0,176.07
2022-09-06,Store_B,Grocery,0,299.37
2022-09-07,Store_B,Grocery,0,231.07
2022-09-08,Store_B,Grocery,1,368.67
2022-09-09,Store_B,Grocery,0,290.56
2022-09-10,Store_B,Grocery,0,261.71
2022-09-11,Store_B,Grocery,0,159.65
2022-09-12,Store_B,Grocery,0,261.9
2022-09-13,Store_B,Grocery,1,369.2
2022-09-14,Store_B,Grocery,0,198.8
2022-09-15,Store_B,Grocery,0,299.84
2022-09-16,Store_B,Grocery,0,324.28
2022-09-17,Store_B,Grocery,0,325.37
2022-09-18,Store_B,Grocery,0,219.05
2022-09-19,Store_B,Grocery,0,275.35
2022-09-20,Store_B,Grocery,0,280.2
2022-09-21,Store_B,Grocery,0,249.91
2022-09-22,Store_B,Grocery,0,259.05
2022-09-23,Store_B,Grocery,0,334.44
2022-09-24,Store_B,Grocery,0,300.22
2022-09-25,Store_B,Grocery,0,216.22
2022-09-26,Store_B,Grocery,0,253.62
2022-09-27,Store_B,Grocery,0,272.11
2022-09-28,Store_B,Grocery,0,311.3
2022-09-29,Store_B,Grocery,0,283.75
2022-09-30,Store_B,Grocery,0,369.91
2022-10-01,Store_B,Grocery,0,314.95
2022-10-02,Store_B,Grocery,0,239.22
2022-10-03,Store_B,Grocery,0,284.41
2022-10-04,Store_B,Grocery,0,368.6
2022-10-05,Store_B,Grocery,0,317.07
2022-10-06,Store_B,Grocery,0,285.81
2022-10-07,Store_B,Grocery,0,390.67
2022-10-08,Store_B,Grocery,0,335.87
2022-10-09,Store_B,Grocery,0,224.82
2022-10-10,Store_B,Grocery,0,340.88
2022-10-11,Store_B,Grocery,0,319.14
2022-10-12,Store_B,Grocery,0,330.78
2022-10-13,Store_B,Grocery,0,271.4
2022-10-14,Store_B,Grocery,0,313.03
2022-10-15,Store_B,Grocery,0,354.58
2022-10-16,Store_B,Grocery,1,356.38
2022-10-17,Store_B,Grocery,0,298.05
2022-10-18,Store_B,Grocery,0,383.14
2022-10-19,Store_B,Grocery,0,369.11
2022-10-20,Store_B,Grocery,0,289.99
2022-10-21,Store_B,Grocery,0,399.13
2022-10-22,Store_B,Grocery,0,367.28
2022-10-23,Store_B,Grocery,0,263.69
2022-10-24,Store_B,Grocery,0,268.55
2022-10-25,Store_B,Grocery,0,364.49
2022-10-26,Store_B,Grocery,0,333.26
2022-10-27,Store_B,Grocery,0,329.25
2022-10-28,Store_B,Grocery,1,469.97
2022-10-29,Store_B,Grocery,0,317.03
2022-10-30,Store_B,Grocery,0,322.74
2022-10-31,Store_B,Grocery,0,300.18
2022-11-01,Store_B,Grocery,0,404.81
2022-11-02,Store_B,Grocery,0,378.87
2022-11-03,Store_B,Grocery,0,303.49
2022-11-04,Store_B,Grocery,0,379.38
2022-11-05,Store_B,Grocery,0,399.67
2022-11-06,Store_B,Grocery,0,285.19
2022-11-07,Store_B,Grocery,0,309.8
2022-11-08,Store_B,Grocery,0,405.93
2022-11-09,Store_B,Grocery,0,360.2
2022-11-10,Store_B,Grocery,0,267.69
2022-11-11,Store_B,Grocery,0,384.63
2022-11-12,Store_B,Grocery,0,365.57
2022-11-13,Store_B,Grocery,0,291.98
2022-11-14,Store_B,Grocery,0,345.14
2022-11-15,Store_B,Grocery,0,379.48
2022-11-16,Store_B,Grocery,0,367.5
2022-11-17,Store_B,Grocery,0,358.05
2022-11-18,Store_B,Grocery,0,420.85
2022-11-19,Store_B,Grocery,0,418.15
2022-11-20,Store_B,Grocery,1,376.32
2022-11-21,Store_B,Grocery,0,319.51
2022-11-22,Store_B,Grocery,0,416.81
2022-11-23,Store_B,Grocery,1,567.43
2022-11-24,Store_B,Grocery,0,360.99
2022-11-25,Store_B,Grocery,0,383.8
2022-11-26,Store_B,Grocery,0,424.0
2022-11-27,Store_B,Grocery,0,355.88
2022-11-28,Store_B,Grocery,0,294.63
2022-11-29,Store_B,Grocery,0,349.34
2022-11-30,Store_B,Grocery,0,381.55
2022-12-01,Store_B,Grocery,0,412.03
2022-12-02,Store_B,Grocery,0,422.16
2022-12-03,Store_B,Grocery,0,403.75
2022-12-04,Store_B,Grocery,0,376.7
2022-12-05,Store_B,Grocery,1,425.88
2022-12-06,Store_B,Grocery,0,391.26
2022-12-07,Store_B,Grocery,0,435.38
2022-12-08,Store_B,Grocery,0,421.48
2022-12-09,Store_B,Grocery,0,416.46
2022-12-10,Store_B,Grocery,0,372.84
2022-12-11,Store_B,Grocery,1,476.05
2022-12-12,Store_B,Grocery,0,388.7
2022-12-13,Store_B,Grocery,0,374.75
2022-12-14,Store_B,Grocery,0,479.16
2022-12-15,Store_B,Grocery,0,613.96
2022-12-16,Store_B,Grocery,1,764.72
2022-12-17,Store_B,Grocery,0,610.27
2022-12-18,Store_B,Grocery,0,515.68
2022-12-19,Store_B,Grocery,0,587.4
2022-12-20,Store_B,Grocery,0,661.88
2022-12-21,Store_B,Grocery,0,624.42
2022-12-22,Store_B,Grocery,0,574.77
2022-12-23,Store_B,Grocery,0,723.54
2022-12-24,Store_B,Grocery,0,618.12
2022-12-25,Store_B,Grocery,0,551.32
2022-12-26,Store_B,Grocery,0,579.26
2022-12-27,Store_B,Grocery,0,638.74
2022-12-28,Store_B,Grocery,0,550.42
2022-12-29,Store_B,Grocery,0,638.4
2022-12-30,Store_B,Grocery,0,664.29
2022-12-31,Store_B,Grocery,0,652.96
2023-01-01,Store_B,Grocery,0,361.51
2023-01-02,Store_B,Grocery,0,387.39
2023-01-03,Store_B,Grocery,0,473.86
2023-01-04,Store_B,Grocery,0,491.13
2023-01-05,Store_B,Grocery,0,410.97
2023-01-06,Store_B,Grocery,1,527.06
2023-01-07,Store_B,Grocery,0,425.75
2023-01-08,Store_B,Grocery,0,331.08
2023-01-09,Store_B,Grocery,0,395.85
2023-01-10,Store_B,Grocery,0,453.98
2023-01-11,Store_B,Grocery,0,419.36
2023-01-12,Store_B,Grocery,0,421.8
2023-01-13,Store_B,Grocery,0,457.41
2023-01-14,Store_B,Grocery,0,457.36
2023-01-15,Store_B,Grocery,0,405.28
2023-01-16,Store_B,Grocery,0,391.71
2023-01-17,Store_B,Grocery,0,507.22
2023-01-18,Store_B,Grocery,0,475.41
2023-01-19,Store_B,Grocery,0,411.99
2023-01-20,Store_B,Grocery,0,447.08
2023-01-21,Store_B,Grocery,0,415.91
2023-01-22,Store_B,Grocery,0,345.94
2023-01-23,Store_B,Grocery,0,441.23
2023-01-24,Store_B,Grocery,0,469.09
2023-01-25,Store_B,Grocery,0,445.45
2023-01-26,Store_B,Grocery,0,403.03
2023-01-27,Store_B,Grocery,1,596.07
2023-01-28,Store_B,Grocery,0,434.41
2023-01-29,Store_B,Grocery,0,324.85
2023-01-30,Store_B,Grocery,1,436.06
2023-01-31,Store_B,Grocery,0,435.64
2023-02-01,Store_B,Grocery,0,460.11
2023-02-02,Store_B,Grocery,0,439.2
2023-02-03,Store_B,Grocery,0,503.42
2023-02-04,Store_B,Grocery,0,378.08
2023-02-05,Store_B,Grocery,0,364.86
2023-02-06,Store_B,Grocery,0,398.48
2023-02-07,Store_B,Grocery,0,409.37
2023-02-08,Store_B,Grocery,0,479.61
2023-02-09,Store_B,Grocery,0,413.43
2023-02-10,Store_B,Grocery,0,451.85
2023-02-11,Store_B,Grocery,0,400.62
2023-02-12,Store_B,Grocery,0,360.82
2023-02-13,Store_B,Grocery,0,413.85
2023-02-14,Store_B,Grocery,0,440.69
2023-02-15,Store_B,Grocery,0,471.02
2023-02-16,Store_B,Grocery,0,403.09
2023-02-17,Store_B,Grocery,0,469.65
2023-02-18,Store_B,Grocery,0,441.82
2023-02-19,Store_B,Grocery,0,368.52
2023-02-20,Store_B,Grocery,1,525.22
2023-02-21,Store_B,Grocery,0,418.48
2023-02-22,Store_B,Grocery,0,423.33
2023-02-23,Store_B,Grocery,1,493.43
2023-02-24,Store_B,Grocery,0,410.76
2023-02-25,Store_B,Grocery,0,397.27
2023-02-26,Store_B,Grocery,0,331.37
2023-02-27,Store_B,Grocery,0,363.71
2023-02-28,Store_B,Grocery,0,424.23
2023-03-01,Store_B,Grocery,0,393.16
2023-03-02,Store_B,Grocery,0,435.43
2023-03-03,Store_B,Grocery,0,433.6
2023-03-04,Store_B,Grocery,0,416.96
2023-03-05,Store_B,Grocery,0,308.18
2023-03-06,Store_B,Grocery,0,379.28
2023-03-07,Store_B,Grocery,0,434.84
2023-03-08,Store_B,Grocery,0,432.97
2023-03-09,Store_B,Grocery,0,433.45
2023-03-10,Store_B,Grocery,0,440.39
2023-03-11,Store_B,Grocery,0,358.32
2023-03-12,Store_B,Grocery,0,319.08
2023-03-13,Store_B,Grocery,1,441.36
2023-03-14,Store_B,Grocery,0,438.88
2023-03-15,Store_B,Grocery,0,419.7
2023-03-16,Store_B,Grocery,0,427.53
2023-03-17,Store_B,Grocery,0,381.03
2023-03-18,Store_B,Grocery,0,381.2
2023-03-19,Store_B,Grocery,0,334.17
2023-03-20,Store_B,Grocery,0,344.56
2023-03-21,Store_B,Grocery,0,316.63
2023-03-22,Store_B,Grocery,0,369.45
2023-03-23,Store_B,Grocery,0,426.01
2023-03-24,Store_B,Grocery,0,443.31
2023-03-25,Store_B,Grocery,0,325.44
2023-03-26,Store_B,Grocery,0,296.04
2023-03-27,Store_B,Grocery,0,357.13
2023-03-28,Store_B,Grocery,0,360.83
2023-03-29,Store_B,Grocery,0,386.82
2023-03-30,Store_B,Grocery,0,329.17
2023-03-31,Store_B,Grocery,0,467.28
2023-04-01,Store_B,Grocery,0,377.65
2023-04-02,Store_B,Grocery,0,291.5
2023-04-03,Store_B,Grocery,0,293.83
2023-04-04,Store_B,Grocery,0,374.52
2023-04-05,Store_B,Grocery,0,378.56
2023-04-06,Store_B,Grocery,0,338.64
2023-04-07,Store_B,Grocery,0,381.59
2023-04-08,Store_B,Grocery,0,326.16
2023-04-09,Store_B,Grocery,0,328.56
2023-04-10,Store_B,Grocery,0,363.21
2023-04-11,Store_B,Grocery,0,413.08
2023-04-12,Store_B,Grocery,0,328.11
2023-04-13,Store_B,Grocery,0,412.9
2023-04-14,Store_B,Grocery,0,379.61
2023-04-15,Store_B,Grocery,0,310.58
2023-04-16,Store_B,Grocery,0,248.68
2023-04-17,Store_B,Grocery,0,321.44
2023-04-18,Store_B,Grocery,0,318.88
2023-04-19,Store_B,Grocery,0,323.98
2023-04-20,Store_B,Grocery,0,352.75
2023-04-21,Store_B,Grocery,1,458.21
2023-04-22,Store_B,Grocery,1,431.6
2023-04-23,Store_B,Grocery,0,253.32
2023-04-24,Store_B,Grocery,0,336.27
2023-04-25,Store_B,Grocery,0,326.96
2023-04-26,Store_B,Grocery,0,335.22
2023-04-27,Store_B,Grocery,0,393.72
2023-04-28,Store_B,Grocery,0,330.8
2023-04-29,Store_B,Grocery,0,291.44
2023-04-30,Store_B,Grocery,0,261.38
2023-05-01,Store_B,Grocery,0,283.75
2023-05-02,Store_B,Grocery,0,343.67
2023-05-03,Store_B,Grocery,0,376.98
2023-05-04,Store_B,Grocery,0,314.0
2023-05-05,Store_B,Grocery,0,356.23
2023-05-06,Store_B,Grocery,1,456.39
2023-05-07,Store_B,Grocery,0,260.07
2023-05-08,Store_B,Grocery,0,273.36
2023-05-09,Store_B,Grocery,0,362.52
2023-05-10,Store_B,Grocery,0,352.07
2023-05-11,Store_B,Grocery,0,360.34
2023-05-12,Store_B,Grocery,0,379.79
2023-05-13,Store_B,Grocery,0,293.22
2023-05-14,Store_B,Grocery,0,244.06
2023-05-15,Store_B,Grocery,0,276.29
2023-05-16,Store_B,Grocery,0,267.36
2023-05-17,Store_B,Grocery,0,297.13
2023-05-18,Store_B,Grocery,0,362.23
2023-05-19,Store_B,Grocery,0,297.95
2023-05-20,Store_B,Grocery,0,283.79
2023-05-21,Store_B,Grocery,1,321.09
2023-05-22,Store_B,Grocery,0,262.65
2023-05-23,Store_B,Grocery,0,297.04
2023-05-24,Store_B,Grocery,0,373.62
2023-05-25,Store_B,Grocery,1,363.61
2023-05-26,Store_B,Grocery,0,253.58
2023-05-27,Store_B,Grocery,0,292.65
2023-05-28,Store_B,Grocery,1,337.93
2023-05-29,Store_B,Grocery,0,284.14
2023-05-30,Store_B,Grocery,1,461.43
2023-05-31,Store_B,Grocery,0,289.02
2023-06-01,Store_B,Grocery,0,196.29
2023-06-02,Store_B,Grocery,1,390.74
2023-06-03,Store_B,Grocery,0,242.7
2023-06-04,Store_B,Grocery,0,229.98
2023-06-05,Store_B,Grocery,0,265.93
2023-06-06,Store_B,Grocery,0,306.14
2023-06-07,Store_B,Grocery,0,302.53
2023-06-08,Store_B,Grocery,0,261.22
2023-06-09,Store_B,Grocery,0,280.67
2023-06-10,Store_B,Grocery,0,280.86
2023-06-11,Store_B,Grocery,0,225.24
2023-06-12,Store_B,Grocery,0,229.01
2023-06-13,Store_B,Grocery,0,258.27
2023-06-14,Store_B,Grocery,0,295.28
2023-06-15,Store_B,Grocery,0,250.88
2023-06-16,Store_B,Grocery,0,331.66
2023-06-17,Store_B,Grocery,0,298.98
2023-06-18,Store_B,Grocery,0,218.25
2023-06-19,Store_B,Grocery,0,241.76
2023-06-20,Store_B,Grocery,0,301.27
2023-06-21,Store_B,Grocery,0,275.26
2023-06-22,Store_B,Grocery,0,289.0
2023-06-23,Store_B,Grocery,0,327.26
2023-06-24,Store_B,Grocery,0,260.53
2023-06-25,Store_B,Grocery,0,184.05
2023-06-26,Store_B,Grocery,0,243.5
2023-06-27,Store_B,Grocery,0,241.44
2023-06-28,Store_B,Grocery,0,297.85
2023-06-29,Store_B,Grocery,0,254.59
2023-06-30,Store_B,Grocery,0,316.38
2023-07-01,Store_B,Grocery,0,260.62
2023-07-02,Store_B,Grocery,0,187.04
2023-07-03,Store_B,Grocery,0,180.44
2023-07-04,Store_B,Grocery,0,292.65
2023-07-05,Store_B,Grocery,0,294.04
2023-07-06,Store_B,Grocery,0,247.75
2023-07-07,Store_B,Grocery,0,281.52
2023-07-08,Store_B,Grocery,0,250.41
2023-07-09,Store_B,Grocery,0,184.79
2023-07-10,Store_B,Grocery,0,253.29
2023-07-11,Store_B,Grocery,0,293.96
2023-07-12,Store_B,Grocery,0,268.43
2023-07-13,Store_B,Grocery,0,229.58
2023-07-14,Store_B,Grocery,0,289.73
2023-07-15,Store_B,Grocery,0,249.98
2023-07-16,Store_B,Grocery,0,164.58
2023-07-17,Store_B,Grocery,0,225.86
2023-07-18,Store_B,Grocery,1,385.79
2023-07-19,Store_B,Grocery,0,223.78
2023-07-20,Store_B,Grocery,0,317.83
2023-07-21,Store_B,Grocery,0,321.65
2023-07-22,Store_B,Grocery,0,230.18
2023-07-23,Store_B,Grocery,0,135.63
2023-07-24,Store_B,Grocery,0,235.86
2023-07-25,Store_B,Grocery,0,285.07
2023-07-26,Store_B,Grocery,0,237.96
2023-07-27,Store_B,Grocery,0,306.14
2023-07-28,Store_B,Grocery,0,271.73
2023-07-29,Store_B,Grocery,0,239.11
2023-07-30,Store_B,Grocery,0,162.77
2023-07-31,Store_B,Grocery,0,254.6
2023-08-01,Store_B,Grocery,0,296.3
2023-08-02,Store_B,Grocery,0,246.33
2023-08-03,Store_B,Grocery,0,246.3
2023-08-04,Store_B,Grocery,0,297.02
2023-08-05,Store_B,Grocery,0,301.71
2023-08-06,Store_B,Grocery,0,129.83
2023-08-07,Store_B,Grocery,0,205.37
2023-08-08,Store_B,Grocery,0,258.8
2023-08-09,Store_B,Grocery,0,218.21
2023-08-10,Store_B,Grocery,0,251.39
2023-08-11,Store_B,Grocery,0,304.66
2023-08-12,Store_B,Grocery,0,247.06
2023-08-13,Store_B,Grocery,0,194.62
2023-08-14,Store_B,Grocery,0,217.79
2023-08-15,Store_B,Grocery,0,280.48
2023-08-16,Store_B,Grocery,1,418.73
2023-08-17,Store_B,Grocery,0,212.24
2023-08-18,Store_B,Grocery,0,236.98
2023-08-19,Store_B,Grocery,0,277.26
2023-08-20,Store_B,Grocery,0,209.37
2023-08-21,Store_B,Grocery,0,273.54
2023-08-22,Store_B,Grocery,0,292.95
2023-08-23,Store_B,Grocery,0,310.31
2023-08-24,Store_B,Grocery,0,243.52
2023-08-25,Store_B,Grocery,0,329.52
2023-08-26,Store_B,Grocery,0,250.64
2023-08-27,Store_B,Grocery,0,147.85
2023-08-28,Store_B,Grocery,0,214.32
2023-08-29,Store_B,Grocery,0,316.9
2023-08-30,Store_B,Grocery,0,296.41
2023-08-31,Store_B,Grocery,0,244.66
2023-09-01,Store_B,Grocery,0,281.56
2023-09-02,Store_B,Grocery,0,317.84
2023-09-03,Store_B,Grocery,0,204.88
2023-09-04,Store_B,Grocery,0,263.54
2023-09-05,Store_B,Grocery,0,368.45
2023-09-06,Store_B,Grocery,0,281.66
2023-09-07,Store_B,Grocery,0,318.21
2023-09-08,Store_B,Grocery,0,289.54
2023-09-09,Store_B,Grocery,0,295.6
2023-09-10,Store_B,Grocery,0,253.63
2023-09-11,Store_B,Grocery,0,257.27
2023-09-12,Store_B,Grocery,0,260.19
2023-09-13,Store_B,Grocery,1,403.44
2023-09-14,Store_B,Grocery,0,236.15
2023-09-15,Store_B,Grocery,0,351.47
2023-09-16,Store_B,Grocery,0,349.0
2023-09-17,Store_B,Grocery,1,325.7
2023-09-18,Store_B,Grocery,0,246.36
2023-09-19,Store_B,Grocery,0,337.26
2023-09-20,Store_B,Grocery,0,392.53
2023-09-21,Store_B,Grocery,0,329.01
2023-09-22,Store_B,Grocery,0,340.9
2023-09-23,Store_B,Grocery,0,259.42
2023-09-24,Store_B,Grocery,0,191.96
2023-09-25,Store_B,Grocery,1,378.11
2023-09-26,Store_B,Grocery,0,323.52
2023-09-27,Store_B,Grocery,0,322.87
2023-09-28,Store_B,Grocery,0,288.38
2023-09-29,Store_B,Grocery,0,317.05
2023-09-30,Store_B,Grocery,0,309.2
2023-10-01,Store_B,Grocery,0,254.58
2023-10-02,Store_B,Grocery,0,368.27
2023-10-03,Store_B,Grocery,0,276.85
2023-10-04,Store_B,Grocery,0,369.26
2023-10-05,Store_B,Grocery,0,300.47
2023-10-06,Store_B,Grocery,0,324.55
2023-10-07,Store_B,Grocery,0,312.23
2023-10-08,Store_B,Grocery,0,268.02
2023-10-09,Store_B,Grocery,1,345.09
2023-10-10,Store_B,Grocery,0,375.22
2023-10-11,Store_B,Grocery,0,362.68
2023-10-12,Store_B,Grocery,0,327.86
2023-10-13,Store_B,Grocery,0,347.53
2023-10-14,Store_B,Grocery,0,241.27
2023-10-15,Store_B,Grocery,0,251.42
2023-10-16,Store_B,Grocery,1,408.29
2023-10-17,Store_B,Grocery,0,402.39
2023-10-18,Store_B,Grocery,0,362.86
2023-10-19,Store_B,Grocery,0,342.08
2023-10-20,Store_B,Grocery,0,346.5
2023-10-21,Store_B,Grocery,0,342.32
2023-10-22,Store_B,Grocery,0,232.54
2023-10-23,Store_B,Grocery,0,313.09
2023-10-24,Store_B,Grocery,0,387.98
2023-10-25,Store_B,Grocery,0,371.35
2023-10-26,Store_B,Grocery,0,342.92
2023-10-27,Store_B,Grocery,0,407.1
2023-10-28,Store_B,Grocery,0,380.76
2023-10-29,Store_B,Grocery,0,237.68
2023-10-30,Store_B,Grocery,0,361.78
2023-10-31,Store_B,Grocery,0,423.33
2023-11-01,Store_B,Grocery,0,371.84
2023-11-02,Store_B,Grocery,0,348.01
2023-11-03,Store_B,Grocery,0,391.98
2023-11-04,Store_B,Grocery,0,336.53
2023-11-05,Store_B,Grocery,0,342.35
2023-11-06,Store_B,Grocery,0,398.58
2023-11-07,Store_B,Grocery,0,418.85
2023-11-08,Store_B,Grocery,0,344.51
2023-11-09,Store_B,Grocery,0,350.74
2023-11-10,Store_B,Grocery,0,391.37
2023-11-11,Store_B,Grocery,1,476.4
2023-11-12,Store_B,Grocery,0,318.79
2023-11-13,Store_B,Grocery,0,354.66
2023-11-14,Store_B,Grocery,0,397.05
2023-11-15,Store_B,Grocery,0,441.47
2023-11-16,Store_B,Grocery,0,400.94
2023-11-17,Store_B,Grocery,0,412.16
2023-11-18,Store_B,Grocery,0,414.58
2023-11-19,Store_B,Grocery,0,331.21
2023-11-20,Store_B,Grocery,0,391.03
2023-11-21,Store_B,Grocery,0,456.23
2023-11-22,Store_B,Grocery,0,456.14
2023-11-23,Store_B,Grocery,0,355.47
2023-11-24,Store_B,Grocery,0,424.75
2023-11-25,Store_B,Grocery,0,414.67
2023-11-26,Store_B,Grocery,0,290.56
2023-11-27,Store_B,Grocery,0,388.0
2023-11-28,Store_B,Grocery,0,432.2
2023-11-29,Store_B,Grocery,0,388.85
2023-11-30,Store_B,Grocery,0,397.97
2023-12-01,Store_B,Grocery,0,447.51
2023-12-02,Store_B,Grocery,0,456.66
2023-12-03,Store_B,Grocery,0,342.53
2023-12-04,Store_B,Grocery,0,346.78
2023-12-05,Store_B,Grocery,0,384.46
2023-12-06,Store_B,Grocery,0,424.31
2023-12-07,Store_B,Grocery,0,422.26
2023-12-08,Store_B,Grocery,1,566.53
2023-12-09,Store_B,Grocery,0,381.93
2023-12-10,Store_B,Grocery,0,364.47
2023-12-11,Store_B,Grocery,0,327.48
2023-12-12,Store_B,Grocery,0,416.94
2023-12-13,Store_B,Grocery,0,458.24
2023-12-14,Store_B,Grocery,0,456.28
2023-12-15,Store_B,Grocery,1,704.01
2023-12-16,Store_B,Grocery,0,628.84
2023-12-17,Store_B,Grocery,0,543.04
2023-12-18,Store_B,Grocery,0,540.86
2023-12-19,Store_B,Grocery,0,593.35
2023-12-20,Store_B,Grocery,0,654.26
2023-12-21,Store_B,Grocery,0,678.49
2023-12-22,Store_B,Grocery,0,654.12
2023-12-23,Store_B,Grocery,0,715.68
2023-12-24,Store_B,Grocery,0,579.98
2023-12-25,Store_B,Grocery,0,575.68
2023-12-26,Store_B,Grocery,0,669.67
2023-12-27,Store_B,Grocery,0,615.52
2023-12-28,Store_B,Grocery,0,629.17
2023-12-29,Store_B,Grocery,0,663.29
2023-12-30,Store_B,Grocery,0,635.01
2023-12-31,Store_B,Grocery,0,524.32
2024-01-01,Store_B,Grocery,0,329.65
2024-01-02,Store_B,Grocery,0,476.63
2024-01-03,Store_B,Grocery,0,453.09
2024-01-04,Store_B,Grocery,0,445.79
2024-01-05,Store_B,Grocery,0,513.94
2024-01-06,Store_B,Grocery,0,451.97
2024-01-07,Store_B,Grocery,0,335.09
2024-01-08,Store_B,Grocery,0,406.45
2024-01-09,Store_B,Grocery,0,449.42
2024-01-10,Store_B,Grocery,0,505.75
2024-01-11,Store_B,Grocery,0,385.45
2024-01-12,Store_B,Grocery,0,483.25
2024-01-13,Store_B,Grocery,0,409.52
2024-01-14,Store_B,Grocery,0,357.33
2024-01-15,Store_B,Grocery,0,440.16
2024-01-16,Store_B,Grocery,0,463.26
2024-01-17,Store_B,Grocery,0,466.79
2024-01-18,Store_B,Grocery,0,431.54
2024-01-19,Store_B,Grocery,0,495.42
2024-01-20,Store_B,Grocery,0,431.58
2024-01-21,Store_B,Grocery,1,461.13
2024-01-22,Store_B,Grocery,0,446.04
2024-01-23,Store_B,Grocery,0,376.34
2024-01-24,Store_B,Grocery,0,433.37
2024-01-25,Store_B,Grocery,0,415.51
2024-01-26,Store_B,Grocery,0,503.73
2024-01-27,Store_B,Grocery,0,448.61
2024-01-28,Store_B,Grocery,0,339.67
2024-01-29,Store_B,Grocery,0,378.02
2024-01-30,Store_B,Grocery,0,489.41
2024-01-31,Store_B,Grocery,0,428.44
2024-02-01,Store_B,Grocery,0,418.1
2024-02-02,Store_B,Grocery,0,457.56
2024-02-03,Store_B,Grocery,1,562.54
2024-02-04,Store_B,Grocery,0,358.18
2024-02-05,Store_B,Grocery,1,475.7
2024-02-06,Store_B,Grocery,0,473.73
2024-02-07,Store_B,Grocery,0,482.66
2024-02-08,Store_B,Grocery,0,486.19
2024-02-09,Store_B,Grocery,0,476.07
2024-02-10,Store_B,Grocery,0,400.38
2024-02-11,Store_B,Grocery,0,419.74
2024-02-12,Store_B,Grocery,0,398.04
2024-02-13,Store_B,Grocery,0,477.99
2024-02-14,Store_B,Grocery,0,508.15
2024-02-15,Store_B,Grocery,0,434.67
2024-02-16,Store_B,Grocery,0,463.04
2024-02-17,Store_B,Grocery,0,443.65
2024-02-18,Store_B,Grocery,1,484.89
2024-02-19,Store_B,Grocery,0,439.17
2024-02-20,Store_B,Grocery,1,545.01
2024-02-21,Store_B,Grocery,1,561.22
2024-02-22,Store_B,Grocery,0,410.56
2024-02-23,Store_B,Grocery,0,442.5
2024-02-24,Store_B,Grocery,1,506.86
2024-02-25,Store_B,Grocery,0,346.96
2024-02-26,Store_B,Grocery,0,370.32
2024-02-27,Store_B,Grocery,0,469.31
2024-02-28,Store_B,Grocery,1,574.75
2024-02-29,Store_B,Grocery,0,417.94
2024-03-01,Store_B,Grocery,0,460.53
2024-03-02,Store_B,Grocery,0,396.67
2024-03-03,Store_B,Grocery,0,353.84
2024-03-04,Store_B,Grocery,0,431.91
2024-03-05,Store_B,Grocery,0,470.29
2024-03-06,Store_B,Grocery,0,494.89
2024-03-07,Store_B,Grocery,0,442.37
2024-03-08,Store_B,Grocery,0,456.25
2024-03-09,Store_B,Grocery,0,443.09
2024-03-10,Store_B,Grocery,0,310.96
2024-03-11,Store_B,Grocery,0,410.92
2024-03-12,Store_B,Grocery,1,560.11
2024-03-13,Store_B,Grocery,0,433.86
2024-03-14,Store_B,Grocery,0,407.99
2024-03-15,Store_B,Grocery,0,429.49
2024-03-16,Store_B,Grocery,0,405.91
2024-03-17,Store_B,Grocery,0,344.93
2024-03-18,Store_B,Grocery,0,387.63
2024-03-19,Store_B,Grocery,0,391.36
2024-03-20,Store_B,Grocery,0,405.24
2024-03-21,Store_B,Grocery,0,418.16
2024-03-22,Store_B,Grocery,0,440.92
2024-03-23,Store_B,Grocery,0,375.21
2024-03-24,Store_B,Grocery,1,430.26
2024-03-25,Store_B,Grocery,0,426.66
2024-03-26,Store_B,Grocery,0,342.24
2024-03-27,Store_B,Grocery,0,337.31
2024-03-28,Store_B,Grocery,0,321.93
2024-03-29,Store_B,Grocery,0,491.2
2024-03-30,Store_B,Grocery,0,356.66
2024-03-31,Store_B,Grocery,0,310.57
2024-04-01,Store_B,Grocery,1,481.73
2024-04-02,Store_B,Grocery,0,414.7
2024-04-03,Store_B,Grocery,0,399.7
2024-04-04,Store_B,Grocery,0,423.15
2024-04-05,Store_B,Grocery,0,434.61
2024-04-06,Store_B,Grocery,0,359.66
2024-04-07,Store_B,Grocery,0,278.55
2024-04-08,Store_B,Grocery,0,354.75
2024-04-09,Store_B,Grocery,0,415.58
2024-04-10,Store_B,Grocery,0,455.38
2024-04-11,Store_B,Grocery,0,378.05
2024-04-12,Store_B,Grocery,0,387.7
2024-04-13,Store_B,Grocery,0,411.13
2024-04-14,Store_B,Grocery,0,336.47
2024-04-15,Store_B,Grocery,0,363.89
2024-04-16,Store_B,Grocery,0,340.48
2024-04-17,Store_B,Grocery,0,376.98
2024-04-18,Store_B,Grocery,0,351.28
2024-04-19,Store_B,Grocery,0,413.26
2024-04-20,Store_B,Grocery,0,300.63
2024-04-21,Store_B,Grocery,0,277.1
2024-04-22,Store_B,Grocery,0,329.38
2024-04-23,Store_B,Grocery,0,360.64
2024-04-24,Store_B,Grocery,0,429.82
2024-04-25,Store_B,Grocery,0,379.42
2024-04-26,Store_B,Grocery,0,410.68
2024-04-27,Store_B,Grocery,0,333.62
2024-04-28,Store_B,Grocery,0,284.65
2024-04-29,Store_B,Grocery,1,394.49
2024-04-30,Store_B,Grocery,0,330.5
2024-05-01,Store_B,Grocery,0,398.79
2024-05-02,Store_B,Grocery,0,362.98
2024-05-03,Store_B,Grocery,0,337.78
2024-05-04,Store_B,Grocery,0,341.43
2024-05-05,Store_B,Grocery,0,220.68
2024-05-06,Store_B,Grocery,0,324.68
2024-05-07,Store_B,Grocery,0,316.34
2024-05-08,Store_B,Grocery,0,359.0
2024-05-09,Store_B,Grocery,0,382.23
2024-05-10,Store_B,Grocery,0,322.99
2024-05-11,Store_B,Grocery,0,338.92
2024-05-12,Store_B,Grocery,0,257.05
2024-05-13,Store_B,Grocery,0,260.74
2024-05-14,Store_B,Grocery,0,313.92
2024-05-15,Store_B,Grocery,0,359.39
2024-05-16,Store_B,Grocery,0,309.16
2024-05-17,Store_B,Grocery,0,393.21
2024-05-18,Store_B,Grocery,0,333.42
2024-05-19,Store_B,Grocery,0,216.35
2024-05-20,Store_B,Grocery,0,315.95
2024-05-21,Store_B,Grocery,1,463.5
2024-05-22,Store_B,Grocery,0,344.74
2024-05-23,Store_B,Grocery,0,324.74
2024-05-24,Store_B,Grocery,0,346.42
2024-05-25,Store_B,Grocery,0,348.6
2024-05-26,Store_B,Grocery,0,274.86
2024-05-27,Store_B,Grocery,0,230.79
2024-05-28,Store_B,Grocery,0,267.24
2024-05-29,Store_B,Grocery,0,320.81
2024-05-30,Store_B,Grocery,0,323.53
2024-05-31,Store_B,Grocery,0,367.97
2024-06-01,Store_B,Grocery,0,288.69
2024-06-02,Store_B,Grocery,0,223.89
2024-06-03,Store_B,Grocery,0,260.87
2024-06-04,Store_B,Grocery,0,307.28
2024-06-05,Store_B,Grocery,0,323.92
2024-06-06,Store_B,Grocery,0,274.93
2024-06-07,Store_B,Grocery,0,311.83
2024-06-08,Store_B,Grocery,0,304.65
2024-06-09,Store_B,Grocery,0,183.14
2024-06-10,Store_B,Grocery,0,323.11
2024-06-11,Store_B,Grocery,0,372.42
2024-06-12,Store_B,Grocery,0,336.61
2024-06-13,Store_B,Grocery,0,326.72
2024-06-14,Store_B,Grocery,0,285.83
2024-06-15,Store_B,Grocery,0,266.33
2024-06-16,Store_B,Grocery,0,143.11
2024-06-17,Store_B,Grocery,0,257.92
2024-06-18,Store_B,Grocery,0,298.7
2024-06-19,Store_B,Grocery,0,314.43
2024-06-20,Store_B,Grocery,0,223.62
2024-06-21,Store_B,Grocery,1,411.55
2024-06-22,Store_B,Grocery,0,290.54
2024-06-23,Store_B,Grocery,0,226.89
2024-06-24,Store_B,Grocery,0,233.19
2024-06-25,Store_B,Grocery,0,357.12
2024-06-26,Store_B,Grocery,0,293.1
2024-06-27,Store_B,Grocery,0,276.37
2024-06-28,Store_B,Grocery,1,396.96
2024-06-29,Store_B,Grocery,0,257.8
2024-06-30,Store_B,Grocery,0,227.97
2024-07-01,Store_B,Grocery,0,195.09
2024-07-02,Store_B,Grocery,0,310.32
2024-07-03,Store_B,Grocery,0,300.47
2024-07-04,Store_B,Grocery,0,262.29
2024-07-05,Store_B,Grocery,0,262.01
2024-07-06,Store_B,Grocery,0,273.11
2024-07-07,Store_B,Grocery,0,224.41
2024-07-08,Store_B,Grocery,0,249.1
2024-07-09,Store_B,Grocery,0,282.01
2024-07-10,Store_B,Grocery,0,286.04
2024-07-11,Store_B,Grocery,0,251.33
2024-07-12,Store_B,Grocery,0,261.83
2024-07-13,Store_B,Grocery,0,289.98
2024-07-14,Store_B,Grocery,0,209.09
2024-07-15,Store_B,Grocery,0,264.48
2024-07-16,Store_B,Grocery,0,267.91
2024-07-17,Store_B,Grocery,0,286.99
2024-07-18,Store_B,Grocery,0,226.38
2024-07-19,Store_B,Grocery,0,246.91
2024-07-20,Store_B,Grocery,0,271.88
2024-07-21,Store_B,Grocery,0,133.92
2024-07-22,Store_B,Grocery,0,252.67
2024-07-23,Store_B,Grocery,0,263.44
2024-07-24,Store_B,Grocery,0,365.75
2024-07-25,Store_B,Grocery,0,265.16
2024-07-26,Store_B,Grocery,0,316.03
2024-07-27,Store_B,Grocery,0,247.89
2024-07-28,Store_B,Grocery,0,239.06
2024-07-29,Store_B,Grocery,0,282.83
2024-07-30,Store_B,Grocery,0,314.7
2024-07-31,Store_B,Grocery,0,358.64
2024-08-01,Store_B,Grocery,0,231.53
2024-08-02,Store_B,Grocery,0,320.22
2024-08-03,Store_B,Grocery,0,246.68
2024-08-04,Store_B,Grocery,0,170.6
2024-08-05,Store_B,Grocery,0,243.68
2024-08-06,Store_B,Grocery,0,293.59
2024-08-07,Store_B,Grocery,0,292.95
2024-08-08,Store_B,Grocery,0,227.19
2024-08-09,Store_B,Grocery,0,304.13
2024-08-10,Store_B,Grocery,0,273.82
2024-08-11,Store_B,Grocery,0,175.05
2024-08-12,Store_B,Grocery,0,295.43
2024-08-13,Store_B,Grocery,0,350.53
2024-08-14,Store_B,Grocery,0,304.33
2024-08-15,Store_B,Grocery,0,304.08
2024-08-16,Store_B,Grocery,0,226.73
2024-08-17,Store_B,Grocery,0,278.58
2024-08-18,Store_B,Grocery,1,350.98
2024-08-19,Store_B,Grocery,0,253.49
2024-08-20,Store_B,Grocery,0,290.75
2024-08-21,Store_B,Grocery,0,326.98
2024-08-22,Store_B,Grocery,0,351.73
2024-08-23,Store_B,Grocery,0,322.43
2024-08-24,Store_B,Grocery,0,288.87
2024-08-25,Store_B,Grocery,0,260.49
2024-08-26,Store_B,Grocery,0,273.71
2024-08-27,Store_B,Grocery,1,460.42
2024-08-28,Store_B,Grocery,0,278.89
2024-08-29,Store_B,Grocery,0,252.13
2024-08-30,Store_B,Grocery,1,395.5
2024-08-31,Store_B,Grocery,0,319.88
2024-09-01,Store_B,Grocery,0,235.11
2024-09-02,Store_B,Grocery,0,257.56
2024-09-03,Store_B,Grocery,0,318.8
2024-09-04,Store_B,Grocery,0,352.76
2024-09-05,Store_B,Grocery,0,281.75
2024-09-06,Store_B,Grocery,0,350.2
2024-09-07,Store_B,Grocery,1,388.96
2024-09-08,Store_B,Grocery,0,183.19
2024-09-09,Store_B,Grocery,0,274.36
2024-09-10,Store_B,Grocery,0,263.39
2024-09-11,Store_B,Grocery,0,316.53
2024-09-12,Store_B,Grocery,1,408.89
2024-09-13,Store_B,Grocery,0,307.79
2024-09-14,Store_B,Grocery,0,326.22
2024-09-15,Store_B,Grocery,0,233.18
2024-09-16,Store_B,Grocery,0,302.58
2024-09-17,Store_B,Grocery,0,324.09
2024-09-18,Store_B,Grocery,1,433.55
2024-09-19,Store_B,Grocery,0,283.07
2024-09-20,Store_B,Grocery,0,344.54
2024-09-21,Store_B,Grocery,0,321.85
2024-09-22,Store_B,Grocery,0,261.93
2024-09-23,Store_B,Grocery,0,300.75
2024-09-24,Store_B,Grocery,0,292.53
2024-09-25,Store_B,Grocery,0,378.29
2024-09-26,Store_B,Grocery,0,332.07
2024-09-27,Store_B,Grocery,0,355.36
2024-09-28,Store_B,Grocery,0,338.21
2024-09-29,Store_B,Grocery,0,277.81
2024-09-30,Store_B,Grocery,1,469.33
2024-10-01,Store_B,Grocery,1,430.81
2024-10-02,Store_B,Grocery,0,339.2
2024-10-03,Store_B,Grocery,0,295.33
2024-10-04,Store_B,Grocery,0,303.72
2024-10-05,Store_B,Grocery,1,455.18
2024-10-06,Store_B,Grocery,0,335.5
2024-10-07,Store_B,Grocery,0,304.26
2024-10-08,Store_B,Grocery,0,395.4
2024-10-09,Store_B,Grocery,0,358.58
2024-10-10,Store_B,Grocery,0,378.66
2024-10-11,Store_B,Grocery,0,386.03
2024-10-12,Store_B,Grocery,0,349.67
2024-10-13,Store_B,Grocery,0,264.52
2024-10-14,Store_B,Grocery,0,327.14
2024-10-15,Store_B,Grocery,0,394.6
2024-10-16,Store_B,Grocery,0,356.68
2024-10-17,Store_B,Grocery,0,349.44
2024-10-18,Store_B,Grocery,0,392.98
2024-10-19,Store_B,Grocery,0,386.45
2024-10-20,Store_B,Grocery,0,297.01
2024-10-21,Store_B,Grocery,0,327.28
2024-10-22,Store_B,Grocery,0,386.74
2024-10-23,Store_B,Grocery,0,426.65
2024-10-24,Store_B,Grocery,0,377.51
2024-10-25,Store_B,Grocery,0,395.95
2024-10-26,Store_B,Grocery,0,373.06
2024-10-27,Store_B,Grocery,0,271.76
2024-10-28,Store_B,Grocery,1,474.61
2024-10-29,Store_B,Grocery,0,347.86
2024-10-30,Store_B,Grocery,0,387.28
2024-10-31,Store_B,Grocery,0,368.83
2024-11-01,Store_B,Grocery,0,395.13
2024-11-02,Store_B,Grocery,0,350.61
2024-11-03,Store_B,Grocery,0,294.7
2024-11-04,Store_B,Grocery,0,315.0
2024-11-05,Store_B,Grocery,0,450.8
2024-11-06,Store_B,Grocery,0,394.83
2024-11-07,Store_B,Grocery,0,365.29
2024-11-08,Store_B,Grocery,0,483.64
2024-11-09,Store_B,Grocery,0,342.59
2024-11-10,Store_B,Grocery,0,344.7
2024-11-11,Store_B,Grocery,0,370.08
2024-11-12,Store_B,Grocery,0,379.81
2024-11-13,Store_B,Grocery,1,530.09
2024-11-14,Store_B,Grocery,0,452.54
2024-11-15,Store_B,Grocery,0,447.98
2024-11-16,Store_B,Grocery,0,416.81
2024-11-17,Store_B,Grocery,0,298.15
2024-11-18,Store_B,Grocery,0,352.78
2024-11-19,Store_B,Grocery,0,372.87
2024-11-20,Store_B,Grocery,0,434.99
2024-11-21,Store_B,Grocery,0,406.89
2024-11-22,Store_B,Grocery,0,414.03
2024-11-23,Store_B,Grocery,1,545.36
2024-11-24,Store_B,Grocery,1,409.96
2024-11-25,Store_B,Grocery,1,469.02
2024-11-26,Store_B,Grocery,0,434.2
2024-11-27,Store_B,Grocery,0,404.92
2024-11-28,Store_B,Grocery,0,405.3
2024-11-29,Store_B,Grocery,1,531.85
2024-11-30,Store_B,Grocery,0,430.67
2024-12-01,Store_B,Grocery,0,312.47
2024-12-02,Store_B,Grocery,0,332.27
2024-12-03,Store_B,Grocery,0,401.22
2024-12-04,Store_B,Grocery,0,479.38
2024-12-05,Store_B,Grocery,0,449.81
2024-12-06,Store_B,Grocery,0,428.26
2024-12-07,Store_B,Grocery,1,532.4
2024-12-08,Store_B,Grocery,0,364.28
2024-12-09,Store_B,Grocery,0,360.94
2024-12-10,Store_B,Grocery,0,426.75
2024-12-11,Store_B,Grocery,0,451.77
2024-12-12,Store_B,Grocery,0,360.94
2024-12-13,Store_B,Grocery,0,468.78
2024-12-14,Store_B,Grocery,1,636.74
2024-12-15,Store_B,Grocery,0,581.52
2024-12-16,Store_B,Grocery,0,614.65
2024-12-17,Store_B,Grocery,0,672.2
2024-12-18,Store_B,Grocery,0,673.97
2024-12-19,Store_B,Grocery,0,660.99
2024-12-20,Store_B,Grocery,0,603.95
2024-12-21,Store_B,Grocery,0,626.72
2024-12-22,Store_B,Grocery,0,539.77
2024-12-23,Store_B,Grocery,0,551.74
2024-12-24,Store_B,Grocery,0,650.41
2024-12-25,Store_B,Grocery,0,695.85
2024-12-26,Store_B,Grocery,0,619.26
2024-12-27,Store_B,Grocery,0,682.59
2024-12-28,Store_B,Grocery,1,788.91
2024-12-29,Store_B,Grocery,1,672.88
2024-12-30,Store_B,Grocery,0,652.79
2024-12-31,Store_B,Grocery,0,690.44
2021-01-01,Store_B,Electronics,0,266.05
2021-01-02,Store_B,Electronics,0,219.05
2021-01-03,Store_B,Electronics,0,162.83
2021-01-04,Store_B,Electronics,0,212.91
2021-01-05,Store_B,Electronics,0,243.45
2021-01-06,Store_B,Electronics,0,253.67
2021-01-07,Store_B,Electronics,1,317.53
2021-01-08,Store_B,Electronics,0,247.34
2021-01-09,Store_B,Electronics,0,257.49
2021-01-10,Store_B,Electronics,0,236.46
2021-01-11,Store_B,Electronics,1,289.27
2021-01-12,Store_B,Electronics,0,257.89
2021-01-13,Store_B,Electronics,0,291.73
2021-01-14,Store_B,Electronics,0,258.19
2021-01-15,Store_B,Electronics,0,249.26
2021-01-16,Store_B,Electronics,0,281.18
2021-01-17,Store_B,Electronics,0,208.1
2021-01-18,Store_B,Electronics,0,217.54
2021-01-19,Store_B,Electronics,0,222.78
2021-01-20,Store_B,Electronics,0,246.42
2021-01-21,Store_B,Electronics,0,246.4
2021-01-22,Store_B,Electronics,1,308.22
2021-01-23,Store_B,Electronics,0,229.61
2021-01-24,Store_B,Electronics,0,230.97
2021-01-25,Store_B,Electronics,0,233.71
2021-01-26,Store_B,Electronics,0,225.56
2021-01-27,Store_B,Electronics,0,274.31
2021-01-28,Store_B,Electronics,0,286.84
2021-01-29,Store_B,Electronics,0,225.06
2021-01-30,Store_B,Electronics,0,248.94
2021-01-31,Store_B,Electronics,0,204.49
2021-02-01,Store_B,Electronics,0,274.94
2021-02-02,Store_B,Electronics,0,274.3
2021-02-03,Store_B,Electronics,0,259.15
2021-02-04,Store_B,Electronics,0,259.28
2021-02-05,Store_B,Electronics,0,225.38
2021-02-06,Store_B,Electronics,0,245.0
2021-02-07,Store_B,Electronics,0,190.09
2021-02-08,Store_B,Electronics,0,229.97
2021-02-09,Store_B,Electronics,0,213.26
2021-02-10,Store_B,Electronics,0,271.19
2021-02-11,Store_B,Electronics,0,249.59
2021-02-12,Store_B,Electronics,0,281.69
2021-02-13,Store_B,Electronics,1,298.23
2021-02-14,Store_B,Electronics,0,214.49
2021-02-15,Store_B,Electronics,0,262.56
2021-02-16,Store_B,Electronics,0,244.17
2021-02-17,Store_B,Electronics,0,229.19
2021-02-18,Store_B,Electronics,0,250.53
2021-02-19,Store_B,Electronics,0,250.33
2021-02-20,Store_B,Electronics,1,283.68
2021-02-21,Store_B,Electronics,0,180.83
2021-02-22,Store_B,Electronics,0,193.26
2021-02-23,Store_B,Electronics,0,226.57
2021-02-24,Store_B,Electronics,0,260.07
2021-02-25,Store_B,Electronics,0,243.01
2021-02-26,Store_B,Electronics,0,239.25
2021-02-27,Store_B,Electronics,0,281.25
2021-02-28,Store_B,Electronics,0,196.31
2021-03-01,Store_B,Electronics,0,224.9
2021-03-02,Store_B,Electronics,0,253.54
2021-03-03,Store_B,Electronics,0,234.61
2021-03-04,Store_B,Electronics,0,248.99
2021-03-05,Store_B,Electronics,0,219.19
2021-03-06,Store_B,Electronics,0,210.15
2021-03-07,Store_B,Electronics,0,176.09
2021-03-08,Store_B,Electronics,1,282.7
2021-03-09,Store_B,Electronics,0,213.41
2021-03-10,Store_B,Electronics,1,284.48
2021-03-11,Store_B,Electronics,0,255.26
2021-03-12,Store_B,Electronics,0,271.68
2021-03-13,Store_B,Electronics,0,201.72
2021-03-14,Store_B,Electronics,0,169.54
2021-03-15,Store_B,Electronics,0,208.41
2021-03-16,Store_B,Electronics,0,245.47
2021-03-17,Store_B,Electronics,0,230.33
2021-03-18,Store_B,Electronics,0,209.95
2021-03-19,Store_B,Electronics,0,263.62
2021-03-20,Store_B,Electronics,0,208.52
2021-03-21,Store_B,Electronics,0,174.05
2021-03-22,Store_B,Electronics,0,156.33
2021-03-23,Store_B,Electronics,0,237.98
2021-03-24,Store_B,Electronics,0,244.24
2021-03-25,Store_B,Electronics,0,223.93
2021-03-26,Store_B,Electronics,0,242.11
2021-03-27,Store_B,Electronics,0,221.3
2021-03-28,Store_B,Electronics,0,169.52
2021-03-29,Store_B,Electronics,0,216.53
2021-03-30,Store_B,Electronics,0,234.09
2021-03-31,Store_B,Electronics,0,216.13
2021-04-01,Store_B,Electronics,0,204.22
2021-04-02,Store_B,Electronics,0,205.09
2021-04-03,Store_B,Electronics,1,265.57
2021-04-04,Store_B,Electronics,0,146.38
2021-04-05,Store_B,Electronics,0,211.02
2021-04-06,Store_B,Electronics,0,266.54
2021-04-07,Store_B,Electronics,0,198.47
2021-04-08,Store_B,Electronics,0,199.93
2021-04-09,Store_B,Electronics,0,216.09
2021-04-10,Store_B,Electronics,1,227.88
2021-04-11,Store_B,Electronics,0,148.53
2021-04-12,Store_B,Electronics,0,222.19
2021-04-13,Store_B,Electronics,0,212.93
2021-04-14,Store_B,Electronics,0,212.04
2021-04-15,Store_B,Electronics,0,175.5
2021-04-16,Store_B,Electronics,0,231.99
2021-04-17,Store_B,Electronics,0,188.02
2021-04-18,Store_B,Electronics,0,140.89
2021-04-19,Store_B,Electronics,0,192.88
2021-04-20,Store_B,Electronics,0,200.1
2021-04-21,Store_B,Electronics,0,189.73
2021-04-22,Store_B,Electronics,0,205.68
2021-04-23,Store_B,Electronics,0,211.98
2021-04-24,Store_B,Electronics,0,206.97
2021-04-25,Store_B,Electronics,0,146.34
2021-04-26,Store_B,Electronics,0,225.07
2021-04-27,Store_B,Electronics,0,165.04
2021-04-28,Store_B,Electronics,0,251.14
2021-04-29,Store_B,Electronics,0,172.23
2021-04-30,Store_B,Electronics,0,172.24
2021-05-01,Store_B,Electronics,0,189.03
2021-05-02,Store_B,Electronics,0,165.04
2021-05-03,Store_B,Electronics,0,174.4
2021-05-04,Store_B,Electronics,0,155.71
2021-05-05,Store_B,Electronics,0,162.82
2021-05-06,Store_B,Electronics,0,147.9
2021-05-07,Store_B,Electronics,0,183.36
2021-05-08,Store_B,Electronics,0,151.57
2021-05-09,Store_B,Electronics,0,130.19
2021-05-10,Store_B,Electronics,0,122.33
2021-05-11,Store_B,Electronics,1,243.71
2021-05-12,Store_B,Electronics,0,196.31
2021-05-13,Store_B,Electronics,0,193.91
2021-05-14,Store_B,Electronics,0,194.19
2021-05-15,Store_B,Electronics,0,199.82
2021-05-16,Store_B,Electronics,0,133.35
2021-05-17,Store_B,Electronics,0,129.36
2021-05-18,Store_B,Electronics,0,170.33
2021-05-19,Store_B,Electronics,0,168.92
2021-05-20,Store_B,Electronics,0,166.02
2021-05-21,Store_B,Electronics,0,142.58
2021-05-22,Store_B,Electronics,0,191.7
2021-05-23,Store_B,Electronics,0,136.31
2021-05-24,Store_B,Electronics,0,147.17
2021-05-25,Store_B,Electronics,0,222.94
2021-05-26,Store_B,Electronics,0,213.57
2021-05-27,Store_B,Electronics,0,169.97
2021-05-28,Store_B,Electronics,0,178.93
2021-05-29,Store_B,Electronics,0,155.12
2021-05-30,Store_B,Electronics,0,111.08
2021-05-31,Store_B,Electronics,0,127.59
2021-06-01,Store_B,Electronics,0,151.99
2021-06-02,Store_B,Electronics,0,170.33
2021-06-03,Store_B,Electronics,0,175.31
2021-06-04,Store_B,Electronics,0,171.61
2021-06-05,Store_B,Electronics,0,127.97
2021-06-06,Store_B,Electronics,1,170.58
2021-06-07,Store_B,Electronics,0,117.52
2021-06-08,Store_B,Electronics,0,193.08
2021-06-09,Store_B,Electronics,0,126.71
2021-06-10,Store_B,Electronics,0,149.32
2021-06-11,Store_B,Electronics,0,147.31
2021-06-12,Store_B,Electronics,0,145.52
2021-06-13,Store_B,Electronics,1,172.28
2021-06-14,Store_B,Electronics,0,150.01
2021-06-15,Store_B,Electronics,0,148.58
2021-06-16,Store_B,Electronics,0,162.19
2021-06-17,Store_B,Electronics,1,157.89
2021-06-18,Store_B,Electronics,0,190.68
2021-06-19,Store_B,Electronics,0,172.79
2021-06-20,Store_B,Electronics,0,148.63
2021-06-21,Store_B,Electronics,0,110.71
2021-06-22,Store_B,Electronics,0,198.14
2021-06-23,Store_B,Electronics,0,152.9
2021-06-24,Store_B,Electronics,0,172.37
2021-06-25,Store_B,Electronics,0,177.66
2021-06-26,Store_B,Electronics,0,133.96
2021-06-27,Store_B,Electronics,0,140.36
2021-06-28,Store_B,Electronics,1,232.15
2021-06-29,Store_B,Electronics,0,178.85
2021-06-30,Store_B,Electronics,0,131.91
2021-07-01,Store_B,Electronics,1,194.7
2021-07-02,Store_B,Electronics,0,172.07
2021-07-03,Store_B,Electronics,0,113.5
2021-07-04,Store_B,Electronics,0,96.83
2021-07-05,Store_B,Electronics,0,145.33
2021-07-06,Store_B,Electronics,0,146.31
2021-07-07,Store_B,Electronics,1,222.67
2021-07-08,Store_B,Electronics,0,96.77
2021-07-09,Store_B,Electronics,0,176.75
2021-07-10,Store_B,Electronics,0,148.06
2021-07-11,Store_B,Electronics,0,95.04
2021-07-12,Store_B,Electronics,0,152.66
2021-07-13,Store_B,Electronics,0,149.26
2021-07-14,Store_B,Electronics,0,153.11
2021-07-15,Store_B,Electronics,1,229.7
2021-07-16,Store_B,Electronics,0,165.32
2021-07-17,Store_B,Electronics,0,117.72
2021-07-18,Store_B,Electronics,0,77.98
2021-07-19,Store_B,Electronics,0,107.59
2021-07-20,Store_B,Electronics,0,167.39
2021-07-21,Store_B,Electronics,0,171.09
2021-07-22,Store_B,Electronics,0,139.19
2021-07-23,Store_B,Electronics,0,137.24
2021-07-24,Store_B,Electronics,0,131.39
2021-07-25,Store_B,Electronics,0,124.05
2021-07-26,Store_B,Electronics,0,118.76
2021-07-27,Store_B,Electronics,0,143.05
2021-07-28,Store_B,Electronics,0,140.48
2021-07-29,Store_B,Electronics,0,157.39
2021-07-30,Store_B,Electronics,0,140.86
2021-07-31,Store_B,Electronics,0,154.29
2021-08-01,Store_B,Electronics,0,87.85
2021-08-02,Store_B,Electronics,0,133.62
2021-08-03,Store_B,Electronics,0,153.51
2021-08-04,Store_B,Electronics,0,153.06
2021-08-05,Store_B,Electronics,0,130.76
2021-08-06,Store_B,Electronics,0,165.37
2021-08-07,Store_B,Electronics,0,146.01
2021-08-08,Store_B,Electronics,0,87.32
2021-08-09,Store_B,Electronics,0,148.35
2021-08-10,Store_B,Electronics,0,168.46
2021-08-11,Store_B,Electronics,1,202.07
2021-08-12,Store_B,Electronics,0,123.2
2021-08-13,Store_B,Electronics,0,124.21
2021-08-14,Store_B,Electronics,0,159.4
2021-08-15,Store_B,Electronics,0,95.85
2021-08-16,Store_B,Electronics,0,127.12
2021-08-17,Store_B,Electronics,1,199.59
2021-08-18,Store_B,Electronics,0,159.21
2021-08-19,Store_B,Electronics,0,148.58
2021-08-20,Store_B,Electronics,0,137.05
2021-08-21,Store_B,Electronics,0,151.97
2021-08-22,Store_B,Electronics,0,109.56
2021-08-23,Store_B,Electronics,0,158.74
2021-08-24,Store_B,Electronics,0,162.95
2021-08-25,Store_B,Electronics,0,143.61
2021-08-26,Store_B,Electronics,0,128.38
2021-08-27,Store_B,Electronics,0,171.09
2021-08-28,Store_B,Electronics,0,143.42
2021-08-29,Store_B,Electronics,0,123.24
2021-08-30,Store_B,Electronics,0,107.61
2021-08-31,Store_B,Electronics,0,177.1
2021-09-01,Store_B,Electronics,0,170.49
2021-09-02,Store_B,Electronics,0,179.02
2021-09-03,Store_B,Electronics,0,168.84
2021-09-04,Store_B,Electronics,0,136.04
2021-09-05,Store_B,Electronics,0,93.09
2021-09-06,Store_B,Electronics,0,145.9
2021-09-07,Store_B,Electronics,0,140.82
2021-09-08,Store_B,Electronics,0,215.28
2021-09-09,Store_B,Electronics,0,151.99
2021-09-10,Store_B,Electronics,0,207.33
2021-09-11,Store_B,Electronics,0,127.44
2021-09-12,Store_B,Electronics,0,71.05
2021-09-13,Store_B,Electronics,0,129.75
2021-09-14,Store_B,Electronics,0,178.14
2021-09-15,Store_B,Electronics,0,179.33
2021-09-16,Store_B,Electronics,0,148.76
2021-09-17,Store_B,Electronics,0,189.34
2021-09-18,Store_B,Electronics,0,160.08
2021-09-19,Store_B,Electronics,0,100.59
2021-09-20,Store_B,Electronics,0,184.73
2021-09-21,Store_B,Electronics,0,127.28
2021-09-22,Store_B,Electronics,0,187.95
2021-09-23,Store_B,Electronics,0,167.39
2021-09-24,Store_B,Electronics,0,189.01
2021-09-25,Store_B,Electronics,0,192.44
2021-09-26,Store_B,Electronics,0,109.26
2021-09-27,Store_B,Electronics,0,134.23
2021-09-28,Store_B,Electronics,0,203.39
2021-09-29,Store_B,Electronics,0,201.28
2021-09-30,Store_B,Electronics,0,202.45
2021-10-01,Store_B,Electronics,0,189.73
2021-10-02,Store_B,Electronics,0,172.71
2021-10-03,Store_B,Electronics,1,219.51
2021-10-04,Store_B,Electronics,0,188.8
2021-10-05,Store_B,Electronics,0,165.14
2021-10-06,Store_B,Electronics,0,237.6
2021-10-07,Store_B,Electronics,0,170.16
2021-10-08,Store_B,Electronics,0,205.28
2021-10-09,Store_B,Electronics,1,259.92
2021-10-10,Store_B,Electronics,0,165.17
2021-10-11,Store_B,Electronics,0,184.41
2021-10-12,Store_B,Electronics,0,197.11
2021-10-13,Store_B,Electronics,0,217.34
2021-10-14,Store_B,Electronics,0,179.0
2021-10-15,Store_B,Electronics,0,196.39
2021-10-16,Store_B,Electronics,0,192.13
2021-10-17,Store_B,Electronics,0,175.09
2021-10-18,Store_B,Electronics,0,187.4
2021-10-19,Store_B,Electronics,0,193.44
2021-10-20,Store_B,Electronics,0,207.94
2021-10-21,Store_B,Electronics,0,212.97
2021-10-22,Store_B,Electronics,0,219.94
2021-10-23,Store_B,Electronics,0,201.06
2021-10-24,Store_B,Electronics,0,160.69
2021-10-25,Store_B,Electronics,0,160.55
2021-10-26,Store_B,Electronics,1,238.01
2021-10-27,Store_B,Electronics,0,238.79
2021-10-28,Store_B,Electronics,1,264.9
2021-10-29,Store_B,Electronics,0,225.29
2021-10-30,Store_B,Electronics,0,196.69
2021-10-31,Store_B,Electronics,0,194.0
2021-11-01,Store_B,Electronics,0,180.14
2021-11-02,Store_B,Electronics,0,210.59
2021-11-03,Store_B,Electronics,0,245.16
2021-11-04,Store_B,Electronics,0,157.17
2021-11-05,Store_B,Electronics,0,218.76
2021-11-06,Store_B,Electronics,0,216.05
2021-11-07,Store_B,Electronics,0,144.57
2021-11-08,Store_B,Electronics,0,179.45
2021-11-09,Store_B,Electronics,0,193.76
2021-11-10,Store_B,Electronics,0,231.73
2021-11-11,Store_B,Electronics,0,216.65
2021-11-12,Store_B,Electronics,0,239.02
2021-11-13,Store_B,Electronics,0,213.49
2021-11-14,Store_B,Electronics,0,173.64
2021-11-15,Store_B,Electronics,0,190.48
2021-11-16,Store_B,Electronics,0,221.89
2021-11-17,Store_B,Electronics,1,274.96
2021-11-18,Store_B,Electronics,0,227.31
2021-11-19,Store_B,Electronics,0,257.01
2021-11-20,Store_B,Electronics,0,221.49
2021-11-21,Store_B,Electronics,0,179.96
2021-11-22,Store_B,Electronics,0,211.42
2021-11-23,Store_B,Electronics,0,264.65
2021-11-24,Store_B,Electronics,0,240.93
2021-11-25,Store_B,Electronics,0,226.14
2021-11-26,Store_B,Electronics,0,298.15
2021-11-27,Store_B,Electronics,0,226.14
2021-11-28,Store_B,Electronics,0,196.36
2021-11-29,Store_B,Electronics,0,221.32
2021-11-30,Store_B,Electronics,0,234.17
2021-12-01,Store_B,Electronics,0,256.28
2021-12-02,Store_B,Electronics,0,203.62
2021-12-03,Store_B,Electronics,0,248.78
2021-12-04,Store_B,Electronics,0,218.15
2021-12-05,Store_B,Electronics,0,203.59
2021-12-06,Store_B,Electronics,0,189.92
2021-12-07,Store_B,Electronics,0,259.34
2021-12-08,Store_B,Electronics,0,203.06
2021-12-09,Store_B,Electronics,1,307.97
2021-12-10,Store_B,Electronics,1,300.69
2021-12-11,Store_B,Electronics,0,228.85
2021-12-12,Store_B,Electronics,0,194.97
2021-12-13,Store_B,Electronics,0,256.33
2021-12-14,Store_B,Electronics,0,229.97
2021-12-15,Store_B,Electronics,0,377.06
2021-12-16,Store_B,Electronics,0,385.04
2021-12-17,Store_B,Electronics,0,382.05
2021-12-18,Store_B,Electronics,0,375.56
2021-12-19,Store_B,Electronics,0,344.61
2021-12-20,Store_B,Electronics,0,337.01
2021-12-21,Store_B,Electronics,0,364.75
2021-12-22,Store_B,Electronics,0,360.37
2021-12-23,Store_B,Electronics,0,389.14
2021-12-24,Store_B,Electronics,0,420.22
2021-12-25,Store_B,Electronics,0,342.33
2021-12-26,Store_B,Electronics,0,332.54
2021-12-27,Store_B,Electronics,0,340.66
2021-12-28,Store_B,Electronics,0,367.18
2021-12-29,Store_B,Electronics,0,396.49
2021-12-30,Store_B,Electronics,0,368.9
2021-12-31,Store_B,Electronics,0,398.21
2022-01-01,Store_B,Electronics,0,285.68
2022-01-02,Store_B,Electronics,0,216.42
2022-01-03,Store_B,Electronics,0,247.96
2022-01-04,Store_B,Electronics,0,280.86
2022-01-05,Store_B,Electronics,0,253.37
2022-01-06,Store_B,Electronics,0,264.75
2022-01-07,Store_B,Electronics,0,259.32
2022-01-08,Store_B,Electronics,0,229.17
2022-01-09,Store_B,Electronics,0,220.18
2022-01-10,Store_B,Electronics,0,214.72
2022-01-11,Store_B,Electronics,1,299.67
2022-01-12,Store_B,Electronics,0,270.16
2022-01-13,Store_B,Electronics,0,248.37
2022-01-14,Store_B,Electronics,0,299.71
2022-01-15,Store_B,Electronics,0,232.29
2022-01-16,Store_B,Electronics,0,219.77
2022-01-17,Store_B,Electronics,0,222.65
2022-01-18,Store_B,Electronics,1,297.12
2022-01-19,Store_B,Electronics,0,230.8
2022-01-20,Store_B,Electronics,0,230.48
2022-01-21,Store_B,Electronics,1,313.99
2022-01-22,Store_B,Electronics,0,217.18
2022-01-23,Store_B,Electronics,0,231.04
2022-01-24,Store_B,Electronics,0,261.58
2022-01-25,Store_B,Electronics,0,201.79
2022-01-26,Store_B,Electronics,0,255.16
2022-01-27,Store_B,Electronics,0,243.87
2022-01-28,Store_B,Electronics,0,267.82
2022-01-29,Store_B,Electronics,0,275.27
2022-01-30,Store_B,Electronics,0,233.8
2022-01-31,Store_B,Electronics,1,308.3
2022-02-01,Store_B,Electronics,0,268.49
2022-02-02,Store_B,Electronics,1,322.84
2022-02-03,Store_B,Electronics,0,212.84
2022-02-04,Store_B,Electronics,0,266.1
2022-02-05,Store_B,Electronics,0,278.42
2022-02-06,Store_B,Electronics,1,263.09
2022-02-07,Store_B,Electronics,0,229.56
2022-02-08,Store_B,Electronics,0,277.01
2022-02-09,Store_B,Electronics,1,323.43
2022-02-10,Store_B,Electronics,0,245.12
2022-02-11,Store_B,Electronics,0,285.74
2022-02-12,Store_B,Electronics,0,213.25
2022-02-13,Store_B,Electronics,0,186.83
2022-02-14,Store_B,Electronics,1,335.96
2022-02-15,Store_B,Electronics,0,275.13
2022-02-16,Store_B,Electronics,0,283.76
2022-02-17,Store_B,Electronics,0,253.1
2022-02-18,Store_B,Electronics,0,275.45
2022-02-19,Store_B,Electronics,0,237.23
2022-02-20,Store_B,Electronics,0,249.66
2022-02-21,Store_B,Electronics,0,226.27
2022-02-22,Store_B,Electronics,0,275.68
2022-02-23,Store_B,Electronics,0,252.73
2022-02-24,Store_B,Electronics,0,231.38
2022-02-25,Store_B,Electronics,0,263.46
2022-02-26,Store_B,Electronics,0,251.98
2022-02-27,Store_B,Electronics,0,229.63
2022-02-28,Store_B,Electronics,1,349.5
2022-03-01,Store_B,Electronics,1,297.99
2022-03-02,Store_B,Electronics,0,271.61
2022-03-03,Store_B,Electronics,0,242.11
2022-03-04,Store_B,Electronics,0,224.84
2022-03-05,Store_B,Electronics,0,272.96
2022-03-06,Store_B,Electronics,0,191.95
2022-03-07,Store_B,Electronics,1,279.19
2022-03-08,Store_B,Electronics,0,279.26
2022-03-09,Store_B,Electronics,0,252.81
2022-03-10,Store_B,Electronics,0,259.39
2022-03-11,Store_B,Electronics,0,250.8
2022-03-12,Store_B,Electronics,0,247.72
2022-03-13,Store_B,Electronics,0,192.52
2022-03-14,Store_B,Electronics,0,203.37
2022-03-15,Store_B,Electronics,0,254.46
2022-03-16,Store_B,Electronics,0,264.55
2022-03-17,Store_B,Electronics,0,231.15
2022-03-18,Store_B,Electronics,0,211.84
2022-03-19,Store_B,Electronics,0,209.82
2022-03-20,Store_B,Electronics,0,179.43
2022-03-21,Store_B,Electronics,0,242.9
2022-03-22,Store_B,Electronics,0,237.32
2022-03-23,Store_B,Electronics,0,272.07
2022-03-24,Store_B,Electronics,0,246.05
2022-03-25,Store_B,Electronics,0,235.95
2022-03-26,Store_B,Electronics,0,230.9
2022-03-27,Store_B,Electronics,0,200.17
2022-03-28,Store_B,Electronics,1,257.29
2022-03-29,Store_B,Electronics,0,246.84
2022-03-30,Store_B,Electronics,1,313.54
2022-03-31,Store_B,Electronics,0,203.58
2022-04-01,Store_B,Electronics,0,248.71
2022-04-02,Store_B,Electronics,0,218.89
2022-04-03,Store_B,Electronics,0,151.53
2022-04-04,Store_B,Electronics,0,191.86
2022-04-05,Store_B,Electronics,0,215.31
2022-04-06,Store_B,Electronics,0,264.61
2022-04-07,Store_B,Electronics,0,191.14
2022-04-08,Store_B,Electronics,0,219.79
2022-04-09,Store_B,Electronics,1,286.32
2022-04-10,Store_B,Electronics,0,172.97
2022-04-11,Store_B,Electronics,0,192.06
2022-04-12,Store_B,Electronics,0,215.8
2022-04-13,Store_B,Electronics,0,244.08
2022-04-14,Store_B,Electronics,0,191.36
2022-04-15,Store_B,Electronics,0,205.27
2022-04-16,Store_B,Electronics,0,168.93
2022-04-17,Store_B,Electronics,0,155.94
2022-04-18,Store_B,Electronics,0,163.81
2022-04-19,Store_B,Electronics,0,207.32
2022-04-20,Store_B,Electronics,0,184.44
2022-04-21,Store_B,Electronics,0,194.03
2022-04-22,Store_B,Electronics,0,225.89
2022-04-23,Store_B,Electronics,0,200.72
2022-04-24,Store_B,Electronics,0,171.24
2022-04-25,Store_B,Electronics,0,205.44
2022-04-26,Store_B,Electronics,1,276.49
2022-04-27,Store_B,Electronics,0,211.84
2022-04-28,Store_B,Electronics,0,202.3
2022-04-29,Store_B,Electronics,0,219.49
2022-04-30,Store_B,Electronics,0,211.18
2022-05-01,Store_B,Electronics,0,153.19
2022-05-02,Store_B,Electronics,0,152.25
2022-05-03,Store_B,Electronics,1,285.87
2022-05-04,Store_B,Electronics,0,172.36
2022-05-05,Store_B,Electronics,0,201.76
2022-05-06,Store_B,Electronics,0,214.65
2022-05-07,Store_B,Electronics,0,196.97
2022-05-08,Store_B,Electronics,0,147.32
2022-05-09,Store_B,Electronics,0,216.28
2022-05-10,Store_B,Electronics,0,180.3
2022-05-11,Store_B,Electronics,0,197.17
2022-05-12,Store_B,Electronics,0,205.72
2022-05-13,Store_B,Electronics,0,209.56
2022-05-14,Store_B,Electronics,0,191.59
2022-05-15,Store_B,Electronics,0,164.76
2022-05-16,Store_B,Electronics,0,191.58
2022-05-17,Store_B,Electronics,0,203.18
2022-05-18,Store_B,Electronics,0,233.15
2022-05-19,Store_B,Electronics,0,184.01
2022-05-20,Store_B,Electronics,0,209.66
2022-05-21,Store_B,Electronics,1,260.09
2022-05-22,Store_B,Electronics,0,160.32
2022-05-23,Store_B,Electronics,0,140.17
2022-05-24,Store_B,Electronics,0,156.56
2022-05-25,Store_B,Electronics,0,164.5
2022-05-26,Store_B,Electronics,0,160.04
2022-05-27,Store_B,Electronics,0,209.35
2022-05-28,Store_B,Electronics,0,232.83
2022-05-29,Store_B,Electronics,0,123.45
2022-05-30,Store_B,Electronics,0,150.37
2022-05-31,Store_B,Electronics,0,151.17
2022-06-01,Store_B,Electronics,0,158.48
2022-06-02,Store_B,Electronics,0,154.15
2022-06-03,Store_B,Electronics,0,168.96
2022-06-04,Store_B,Electronics,1,245.27
2022-06-05,Store_B,Electronics,0,97.47
2022-06-06,Store_B,Electronics,0,125.7
2022-06-07,Store_B,Electronics,0,177.91
2022-06-08,Store_B,Electronics,0,172.85
2022-06-09,Store_B,Electronics,0,153.26
2022-06-10,Store_B,Electronics,0,199.17
2022-06-11,Store_B,Electronics,0,155.48
2022-06-12,Store_B,Electronics,0,119.3
2022-06-13,Store_B,Electronics,1,197.23
2022-06-14,Store_B,Electronics,0,165.44
2022-06-15,Store_B,Electronics,0,189.43
2022-06-16,Store_B,Electronics,0,147.6
2022-06-17,Store_B,Electronics,0,178.58
2022-06-18,Store_B,Electronics,0,149.7
2022-06-19,Store_B,Electronics,0,74.84
2022-06-20,Store_B,Electronics,0,125.05
2022-06-21,Store_B,Electronics,0,153.43
2022-06-22,Store_B,Electronics,0,169.98
2022-06-23,Store_B,Electronics,0,163.5
2022-06-24,Store_B,Electronics,0,167.67
2022-06-25,Store_B,Electronics,0,145.75
2022-06-26,Store_B,Electronics,0,116.63
2022-06-27,Store_B,Electronics,0,135.69
2022-06-28,Store_B,Electronics,0,134.93
2022-06-29,Store_B,Electronics,0,194.99
2022-06-30,Store_B,Electronics,0,142.25
2022-07-01,Store_B,Electronics,0,168.34
2022-07-02,Store_B,Electronics,0,121.71
2022-07-03,Store_B,Electronics,0,130.52
2022-07-04,Store_B,Electronics,0,124.5
2022-07-05,Store_B,Electronics,0,189.39
2022-07-06,Store_B,Electronics,0,162.99
2022-07-07,Store_B,Electronics,0,157.33
2022-07-08,Store_B,Electronics,0,159.3
2022-07-09,Store_B,Electronics,0,124.75
2022-07-10,Store_B,Electronics,0,114.84
2022-07-11,Store_B,Electronics,0,139.45
2022-07-12,Store_B,Electronics,0,113.46
2022-07-13,Store_B,Electronics,0,136.69
2022-07-14,Store_B,Electronics,0,166.54
2022-07-15,Store_B,Electronics,0,156.54
2022-07-16,Store_B,Electronics,0,161.28
2022-07-17,Store_B,Electronics,0,147.74
2022-07-18,Store_B,Electronics,1,203.89
2022-07-19,Store_B,Electronics,0,155.16
2022-07-20,Store_B,Electronics,0,147.97
2022-07-21,Store_B,Electronics,0,150.24
2022-07-22,Store_B,Electronics,0,172.74
2022-07-23,Store_B,Electronics,0,148.95
2022-07-24,Store_B,Electronics,0,120.07
2022-07-25,Store_B,Electronics,0,108.32
2022-07-26,Store_B,Electronics,0,157.68
2022-07-27,Store_B,Electronics,0,161.59
2022-07-28,Store_B,Electronics,0,133.67
2022-07-29,Store_B,Electronics,0,172.69
2022-07-30,Store_B,Electronics,0,123.86
2022-07-31,Store_B,Electronics,0,91.28
2022-08-01,Store_B,Electronics,0,188.67
2022-08-02,Store_B,Electronics,0,150.12
2022-08-03,Store_B,Electronics,0,159.32
2022-08-04,Store_B,Electronics,0,154.52
2022-08-05,Store_B,Electronics,0,177.12
2022-08-06,Store_B,Electronics,0,133.76
2022-08-07,Store_B,Electronics,0,139.03
2022-08-08,Store_B,Electronics,0,140.4
2022-08-09,Store_B,Electronics,0,196.45
2022-08-10,Store_B,Electronics,0,191.48
2022-08-11,Store_B,Electronics,0,137.2
2022-08-12,Store_B,Electronics,0,144.25
2022-08-13,Store_B,Electronics,0,122.96
2022-08-14,Store_B,Electronics,0,68.96
2022-08-15,Store_B,Electronics,0,139.95
2022-08-16,Store_B,Electronics,0,148.68
2022-08-17,Store_B,Electronics,0,179.4
2022-08-18,Store_B,Electronics,0,139.34
2022-08-19,Store_B,Electronics,0,155.44
2022-08-20,Store_B,Electronics,0,165.04
2022-08-21,Store_B,Electronics,0,157.21
2022-08-22,Store_B,Electronics,0,164.62
2022-08-23,Store_B,Electronics,0,175.08
2022-08-24,Store_B,Electronics,0,194.48
2022-08-25,Store_B,Electronics,0,162.77
2022-08-26,Store_B,Electronics,0,131.88
2022-08-27,Store_B,Electronics,0,172.8
2022-08-28,Store_B,Electronics,0,127.07
2022-08-29,Store_B,Electronics,0,161.36
2022-08-30,Store_B,Electronics,0,155.69
2022-08-31,Store_B,Electronics,0,197.1
2022-09-01,Store_B,Electronics,0,135.45
2022-09-02,Store_B,Electronics,0,181.99
2022-09-03,Store_B,Electronics,0,162.16
2022-09-04,Store_B,Electronics,0,72.42
2022-09-05,Store_B,Electronics,0,136.64
2022-09-06,Store_B,Electronics,1,246.56
2022-09-07,Store_B,Electronics,0,169.73
2022-09-08,Store_B,Electronics,0,191.89
2022-09-09,Store_B,Electronics,0,188.4
2022-09-10,Store_B,Electronics,0,162.2
2022-09-11,Store_B,Electronics,0,148.58
2022-09-12,Store_B,Electronics,0,143.86
2022-09-13,Store_B,Electronics,0,156.55
2022-09-14,Store_B,Electronics,0,196.27
2022-09-15,Store_B,Electronics,0,143.67
2022-09-16,Store_B,Electronics,0,179.81
2022-09-17,Store_B,Electronics,0,173.65
2022-09-18,Store_B,Electronics,0,126.42
2022-09-19,Store_B,Electronics,0,219.76
2022-09-20,Store_B,Electronics,0,192.35
2022-09-21,Store_B,Electronics,0,188.37
2022-09-22,Store_B,Electronics,1,226.16
2022-09-23,Store_B,Electronics,0,202.18
2022-09-24,Store_B,Electronics,0,140.91
2022-09-25,Store_B,Electronics,0,161.02
2022-09-26,Store_B,Electronics,0,132.48
2022-09-27,Store_B,Electronics,0,196.07
2022-09-28,Store_B,Electronics,0,193.37
2022-09-29,Store_B,Electronics,0,196.0
2022-09-30,Store_B,Electronics,0,202.5
2022-10-01,Store_B,Electronics,0,194.57
2022-10-02,Store_B,Electronics,1,247.68
2022-10-03,Store_B,Electronics,1,250.51
2022-10-04,Store_B,Electronics,0,190.51
2022-10-05,Store_B,Electronics,0,184.25
2022-10-06,Store_B,Electronics,0,183.52
2022-10-07,Store_B,Electronics,0,189.34
2022-10-08,Store_B,Electronics,0,194.41
2022-10-09,Store_B,Electronics,0,153.61
2022-10-10,Store_B,Electronics,0,148.85
2022-10-11,Store_B,Electronics,0,204.97
2022-10-12,Store_B,Electronics,0,241.33
2022-10-13,Store_B,Electronics,0,195.06
2022-10-14,Store_B,Electronics,0,207.13
2022-10-15,Store_B,Electronics,1,277.12
2022-10-16,Store_B,Electronics,0,154.71
2022-10-17,Store_B,Electronics,0,182.25
2022-10-18,Store_B,Electronics,0,231.85
2022-10-19,Store_B,Electronics,0,199.3
2022-10-20,Store_B,Electronics,1,282.8
2022-10-21,Store_B,Electronics,0,192.85
2022-10-22,Store_B,Electronics,0,247.72
2022-10-23,Store_B,Electronics,0,147.55
2022-10-24,Store_B,Electronics,0,192.41
2022-10-25,Store_B,Electronics,0,244.01
2022-10-26,Store_B,Electronics,0,195.3
2022-10-27,Store_B,Electronics,0,197.49
2022-10-28,Store_B,Electronics,0,245.17
2022-10-29,Store_B,Electronics,0,177.35
2022-10-30,Store_B,Electronics,0,181.38
2022-10-31,Store_B,Electronics,0,204.25
2022-11-01,Store_B,Electronics,0,148.54
2022-11-02,Store_B,Electronics,0,193.49
2022-11-03,Store_B,Electronics,0,174.74
2022-11-04,Store_B,Electronics,1,258.09
2022-11-05,Store_B,Electronics,1,288.93
2022-11-06,Store_B,Electronics,0,163.86
2022-11-07,Store_B,Electronics,0,174.08
2022-11-08,Store_B,Electronics,0,250.05
2022-11-09,Store_B,Electronics,0,266.56
2022-11-10,Store_B,Electronics,0,248.69
2022-11-11,Store_B,Electronics,0,244.04
2022-11-12,Store_B,Electronics,0,186.86
2022-11-13,Store_B,Electronics,0,153.98
2022-11-14,Store_B,Electronics,0,187.91
2022-11-15,Store_B,Electronics,0,223.42
2022-11-16,Store_B,Electronics,0,270.88
2022-11-17,Store_B,Electronics,0,234.76
2022-11-18,Store_B,Electronics,0,249.25
2022-11-19,Store_B,Electronics,0,234.98
2022-11-20,Store_B,Electronics,0,209.69
2022-11-21,Store_B,Electronics,0,234.15
2022-11-22,Store_B,Electronics,0,243.39
2022-11-23,Store_B,Electronics,0,272.91
2022-11-24,Store_B,Electronics,0,223.89
2022-11-25,Store_B,Electronics,0,270.35
2022-11-26,Store_B,Electronics,0,260.39
2022-11-27,Store_B,Electronics,1,279.4
2022-11-28,Store_B,Electronics,0,203.21
2022-11-29,Store_B,Electronics,0,244.4
2022-11-30,Store_B,Electronics,0,219.76
2022-12-01,Store_B,Electronics,0,212.98
2022-12-02,Store_B,Electronics,0,254.58
2022-12-03,Store_B,Electronics,0,245.09
2022-12-04,Store_B,Electronics,0,209.79
2022-12-05,Store_B,Electronics,0,201.74
2022-12-06,Store_B,Electronics,0,251.13
2022-12-07,Store_B,Electronics,1,344.31
2022-12-08,Store_B,Electronics,0,249.19
2022-12-09,Store_B,Electronics,0,276.11
2022-12-10,Store_B,Electronics,0,250.09
2022-12-11,Store_B,Electronics,0,192.51
2022-12-12,Store_B,Electronics,1,275.91
2022-12-13,Store_B,Electronics,0,254.42
2022-12-14,Store_B,Electronics,1,342.99
2022-12-15,Store_B,Electronics,0,350.96
2022-12-16,Store_B,Electronics,0,379.51
2022-12-17,Store_B,Electronics,1,437.31
2022-12-18,Store_B,Electronics,0,365.29
2022-12-19,Store_B,Electronics,0,363.61
2022-12-20,Store_B,Electronics,0,388.56
2022-12-21,Store_B,Electronics,0,382.3
2022-12-22,Store_B,Electronics,0,407.29
2022-12-23,Store_B,Electronics,0,395.58
2022-12-24,Store_B,Electronics,0,397.0
2022-12-25,Store_B,Electronics,0,396.9
2022-12-26,Store_B,Electronics,0,339.68
2022-12-27,Store_B,Electronics,0,384.08
2022-12-28,Store_B,Electronics,0,450.99
2022-12-29,Store_B,Electronics,0,378.59
2022-12-30,Store_B,Electronics,1,452.59
2022-12-31,Store_B,Electronics,0,400.87
2023-01-01,Store_B,Electronics,0,212.21
2023-01-02,Store_B,Electronics,0,238.87
2023-01-03,Store_B,Electronics,0,234.58
2023-01-04,Store_B,Electronics,0,233.16
2023-01-05,Store_B,Electronics,0,266.86
2023-01-06,Store_B,Electronics,0,269.25
2023-01-07,Store_B,Electronics,0,274.18
2023-01-08,Store_B,Electronics,0,227.28
2023-01-09,Store_B,Electronics,0,247.31
2023-01-10,Store_B,Electronics,0,222.19
2023-01-11,Store_B,Electronics,0,272.64
2023-01-12,Store_B,Electronics,0,243.57
2023-01-13,Store_B,Electronics,0,262.42
2023-01-14,Store_B,Electronics,0,228.85
2023-01-15,Store_B,Electronics,0,192.61
2023-01-16,Store_B,Electronics,0,246.42
2023-01-17,Store_B,Electronics,1,369.66
2023-01-18,Store_B,Electronics,0,322.61
2023-01-19,Store_B,Electronics,0,243.78
2023-01-20,Store_B,Electronics,0,299.09
2023-01-21,Store_B,Electronics,0,290.93
2023-01-22,Store_B,Electronics,0,209.66
2023-01-23,Store_B,Electronics,0,261.81
2023-01-24,Store_B,Electronics,0,295.45
2023-01-25,Store_B,Electronics,0,249.06
2023-01-26,Store_B,Electronics,0,270.37
2023-01-27,Store_B,Electronics,0,260.38
2023-01-28,Store_B,Electronics,1,338.02
2023-01-29,Store_B,Electronics,0,222.17
2023-01-30,Store_B,Electronics,0,213.72
2023-01-31,Store_B,Electronics,0,257.72
2023-02-01,Store_B,Electronics,0,261.49
2023-02-02,Store_B,Electronics,0,282.58
2023-02-03,Store_B,Electronics,0,278.76
2023-02-04,Store_B,Electronics,0,244.96
2023-02-05,Store_B,Electronics,0,233.35
2023-02-06,Store_B,Electronics,0,240.04
2023-02-07,Store_B,Electronics,0,274.71
2023-02-08,Store_B,Electronics,0,273.13
2023-02-09,Store_B,Electronics,0,302.2
2023-02-10,Store_B,Electronics,0,282.82
2023-02-11,Store_B,Electronics,0,276.08
2023-02-12,Store_B,Electronics,0,241.13
2023-02-13,Store_B,Electronics,0,242.25
2023-02-14,Store_B,Electronics,0,295.75
2023-02-15,Store_B,Electronics,0,292.15
2023-02-16,Store_B,Electronics,0,216.2
2023-02-17,Store_B,Electronics,0,261.3
2023-02-18,Store_B,Electronics,0,257.48
2023-02-19,Store_B,Electronics,0,217.51
2023-02-20,Store_B,Electronics,0,228.81
2023-02-21,Store_B,Electronics,0,274.14
2023-02-22,Store_B,Electronics,0,265.04
2023-02-23,Store_B,Electronics,0,252.85
2023-02-24,Store_B,Electronics,0,266.17
2023-02-25,Store_B,Electronics,0,250.88
2023-02-26,Store_B,Electronics,1,257.16
2023-02-27,Store_B,Electronics,0,244.32
2023-02-28,Store_B,Electronics,0,273.3
2023-03-01,Store_B,Electronics,1,305.21
2023-03-02,Store_B,Electronics,0,238.01
2023-03-03,Store_B,Electronics,0,270.18
2023-03-04,Store_B,Electronics,1,347.99
2023-03-05,Store_B,Electronics,0,188.87
2023-03-06,Store_B,Electronics,0,227.06
2023-03-07,Store_B,Electronics,0,248.21
2023-03-08,Store_B,Electronics,0,268.92
2023-03-09,Store_B,Electronics,0,225.0
2023-03-10,Store_B,Electronics,0,252.05
2023-03-11,Store_B,Electronics,0,289.55
2023-03-12,Store_B,Electronics,0,166.02
2023-03-13,Store_B,Electronics,0,227.21
2023-03-14,Store_B,Electronics,0,252.57
2023-03-15,Store_B,Electronics,1,313.56
2023-03-16,Store_B,Electronics,0,262.17
2023-03-17,Store_B,Electronics,0,263.67
2023-03-18,Store_B,Electronics,1,340.68
2023-03-19,Store_B,Electronics,0,165.7
2023-03-20,Store_B,Electronics,0,231.99
2023-03-21,Store_B,Electronics,1,316.95
2023-03-22,Store_B,Electronics,0,263.51
2023-03-23,Store_B,Electronics,0,254.75
2023-03-24,Store_B,Electronics,1,346.42
2023-03-25,Store_B,Electronics,1,339.53
2023-03-26,Store_B,Electronics,0,169.33
2023-03-27,Store_B,Electronics,0,226.73
2023-03-28,Store_B,Electronics,0,265.1
2023-03-29,Store_B,Electronics,0,245.51
2023-03-30,Store_B,Electronics,0,210.5
2023-03-31,Store_B,Electronics,0,230.22
2023-04-01,Store_B,Electronics,0,264.53
2023-04-02,Store_B,Electronics,0,173.89
2023-04-03,Store_B,Electronics,0,218.85
2023-04-04,Store_B,Electronics,0,223.19
2023-04-05,Store_B,Electronics,0,241.82
2023-04-06,Store_B,Electronics,0,193.6
2023-04-07,Store_B,Electronics,0,212.86
2023-04-08,Store_B,Electronics,0,236.61
2023-04-09,Store_B,Electronics,0,130.81
2023-04-10,Store_B,Electronics,0,234.96
2023-04-11,Store_B,Electronics,0,236.87
2023-04-12,Store_B,Electronics,0,208.78
2023-04-13,Store_B,Electronics,0,222.68
2023-04-14,Store_B,Electronics,0,226.9
2023-04-15,Store_B,Electronics,0,198.46
2023-04-16,Store_B,Electronics,0,199.13
2023-04-17,Store_B,Electronics,0,209.64
2023-04-18,Store_B,Electronics,0,210.98
2023-04-19,Store_B,Electronics,1,276.67
2023-04-20,Store_B,Electronics,0,246.34
2023-04-21,Store_B,Electronics,0,237.2
2023-04-22,Store_B,Electronics,1,276.14
2023-04-23,Store_B,Electronics,0,152.49
2023-04-24,Store_B,Electronics,0,176.22
2023-04-25,Store_B,Electronics,0,259.36
2023-04-26,Store_B,Electronics,0,235.34
2023-04-27,Store_B,Electronics,0,202.64
2023-04-28,Store_B,Electronics,0,195.2
2023-04-29,Store_B,Electronics,0,194.34
2023-04-30,Store_B,Electronics,0,169.5
2023-05-01,Store_B,Electronics,0,208.94
2023-05-02,Store_B,Electronics,1,276.45
2023-05-03,Store_B,Electronics,0,237.95
2023-05-04,Store_B,Electronics,0,199.66
2023-05-05,Store_B,Electronics,0,237.04
2023-05-06,Store_B,Electronics,0,193.03
2023-05-07,Store_B,Electronics,0,176.13
2023-05-08,Store_B,Electronics,0,170.22
2023-05-09,Store_B,Electronics,0,218.21
2023-05-10,Store_B,Electronics,0,213.19
2023-05-11,Store_B,Electronics,0,147.02
2023-05-12,Store_B,Electronics,0,195.3
2023-05-13,Store_B,Electronics,0,160.66
2023-05-14,Store_B,Electronics,0,200.99
2023-05-15,Store_B,Electronics,0,183.71
2023-05-16,Store_B,Electronics,0,187.2
2023-05-17,Store_B,Electronics,0,174.7
2023-05-18,Store_B,Electronics,0,186.31
2023-05-19,Store_B,Electronics,0,214.06
2023-05-20,Store_B,Electronics,0,175.37
2023-05-21,Store_B,Electronics,0,148.68
2023-05-22,Store_B,Electronics,0,191.71
2023-05-23,Store_B,Electronics,0,173.7
2023-05-24,Store_B,Electronics,0,185.61
2023-05-25,Store_B,Electronics,0,146.76
2023-05-26,Store_B,Electronics,0,223.7
2023-05-27,Store_B,Electronics,0,129.16
2023-05-28,Store_B,Electronics,0,130.0
2023-05-29,Store_B,Electronics,0,195.54
2023-05-30,Store_B,Electronics,0,139.34
2023-05-31,Store_B,Electronics,0,198.17
2023-06-01,Store_B,Electronics,0,185.37
2023-06-02,Store_B,Electronics,0,203.44
2023-06-03,Store_B,Electronics,0,192.48
2023-06-04,Store_B,Electronics,0,136.75
2023-06-05,Store_B,Electronics,0,159.88
2023-06-06,Store_B,Electronics,0,150.16
2023-06-07,Store_B,Electronics,0,184.32
2023-06-08,Store_B,Electronics,0,172.27
2023-06-09,Store_B,Electronics,0,174.02
2023-06-10,Store_B,Electronics,0,153.39
2023-06-11,Store_B,Electronics,1,201.98
2023-06-12,Store_B,Electronics,0,167.57
2023-06-13,Store_B,Electronics,0,161.05
2023-06-14,Store_B,Electronics,0,177.56
2023-06-15,Store_B,Electronics,0,171.46
2023-06-16,Store_B,Electronics,0,170.21
2023-06-17,Store_B,Electronics,0,165.95
2023-06-18,Store_B,Electronics,0,128.77
2023-06-19,Store_B,Electronics,0,186.38
2023-06-20,Store_B,Electronics,1,232.46
2023-06-21,Store_B,Electronics,1,208.08
2023-06-22,Store_B,Electronics,0,130.81
2023-06-23,Store_B,Electronics,1,230.59
2023-06-24,Store_B,Electronics,0,155.74
2023-06-25,Store_B,Electronics,0,143.45
2023-06-26,Store_B,Electronics,0,189.66
2023-06-27,Store_B,Electronics,0,166.37
2023-06-28,Store_B,Electronics,0,186.1
2023-06-29,Store_B,Electronics,0,186.32
2023-06-30,Store_B,Electronics,0,192.21
2023-07-01,Store_B,Electronics,1,217.48
2023-07-02,Store_B,Electronics,0,115.76
2023-07-03,Store_B,Electronics,0,142.53
2023-07-04,Store_B,Electronics,0,197.4
2023-07-05,Store_B,Electronics,0,194.13
2023-07-06,Store_B,Electronics,1,239.22
2023-07-07,Store_B,Electronics,0,184.64
2023-07-08,Store_B,Electronics,0,162.54
2023-07-09,Store_B,Electronics,0,112.87
2023-07-10,Store_B,Electronics,1,181.11
2023-07-11,Store_B,Electronics,0,179.69
2023-07-12,Store_B,Electronics,0,160.94
2023-07-13,Store_B,Electronics,0,171.44
2023-07-14,Store_B,Electronics,0,136.16
2023-07-15,Store_B,Electronics,0,136.46
2023-07-16,Store_B,Electronics,0,135.13
2023-07-17,Store_B,Electronics,0,170.09
2023-07-18,Store_B,Electronics,0,181.88
2023-07-19,Store_B,Electronics,0,153.15
2023-07-20,Store_B,Electronics,0,175.56
2023-07-21,Store_B,Electronics,0,157.3
2023-07-22,Store_B,Electronics,0,178.71
2023-07-23,Store_B,Electronics,0,92.76
2023-07-24,Store_B,Electronics,0,131.3
2023-07-25,Store_B,Electronics,0,115.12
2023-07-26,Store_B,Electronics,0,150.44
2023-07-27,Store_B,Electronics,0,167.63
2023-07-28,Store_B,Electronics,0,214.49
2023-07-29,Store_B,Electronics,1,244.62
2023-07-30,Store_B,Electronics,0,131.46
2023-07-31,Store_B,Electronics,0,110.68
2023-08-01,Store_B,Electronics,0,157.46
2023-08-02,Store_B,Electronics,1,270.25
2023-08-03,Store_B,Electronics,0,156.03
2023-08-04,Store_B,Electronics,0,150.88
2023-08-05,Store_B,Electronics,0,149.96
2023-08-06,Store_B,Electronics,0,75.21
2023-08-07,Store_B,Electronics,0,160.4
2023-08-08,Store_B,Electronics,0,128.26
2023-08-09,Store_B,Electronics,0,145.78
2023-08-10,Store_B,Electronics,0,156.9
2023-08-11,Store_B,Electronics,0,152.22
2023-08-12,Store_B,Electronics,0,164.05
2023-08-13,Store_B,Electronics,0,136.02
2023-08-14,Store_B,Electronics,0,133.57
2023-08-15,Store_B,Electronics,0,197.06
2023-08-16,Store_B,Electronics,0,191.04
2023-08-17,Store_B,Electronics,1,234.34
2023-08-18,Store_B,Electronics,1,270.62
2023-08-19,Store_B,Electronics,0,167.21
2023-08-20,Store_B,Electronics,0,114.73
2023-08-21,Store_B,Electronics,0,155.39
2023-08-22,Store_B,Electronics,0,148.75
2023-08-23,Store_B,Electronics,0,198.75
2023-08-24,Store_B,Electronics,0,181.99
2023-08-25,Store_B,Electronics,0,179.01
2023-08-26,Store_B,Electronics,0,154.66
2023-08-27,Store_B,Electronics,0,130.05
2023-08-28,Store_B,Electronics,0,124.14
2023-08-29,Store_B,Electronics,0,169.11
2023-08-30,Store_B,Electronics,1,272.75
2023-08-31,Store_B,Electronics,1,210.27
2023-09-01,Store_B,Electronics,0,216.03
2023-09-02,Store_B,Electronics,0,180.04
2023-09-03,Store_B,Electronics,0,141.57
2023-09-04,Store_B,Electronics,0,143.67
2023-09-05,Store_B,Electronics,0,163.38
2023-09-06,Store_B,Electronics,0,182.56
2023-09-07,Store_B,Electronics,0,206.5
2023-09-08,Store_B,Electronics,1,243.52
2023-09-09,Store_B,Electronics,0,131.23
2023-09-10,Store_B,Electronics,1,201.05
2023-09-11,Store_B,Electronics,0,184.21
2023-09-12,Store_B,Electronics,0,191.01
2023-09-13,Store_B,Electronics,0,229.93
2023-09-14,Store_B,Electronics,0,190.01
2023-09-15,Store_B,Electronics,0,202.71
2023-09-16,Store_B,Electronics,0,175.42
2023-09-17,Store_B,Electronics,0,150.75
2023-09-18,Store_B,Electronics,0,135.21
2023-09-19,Store_B,Electronics,0,226.95
2023-09-20,Store_B,Electronics,1,279.98
2023-09-21,Store_B,Electronics,0,199.39
2023-09-22,Store_B,Electronics,0,202.63
2023-09-23,Store_B,Electronics,0,214.72
2023-09-24,Store_B,Electronics,0,142.38
2023-09-25,Store_B,Electronics,0,161.38
2023-09-26,Store_B,Electronics,0,199.02
2023-09-27,Store_B,Electronics,0,222.82
2023-09-28,Store_B,Electronics,0,174.57
2023-09-29,Store_B,Electronics,0,192.51
2023-09-30,Store_B,Electronics,0,175.4
2023-10-01,Store_B,Electronics,0,143.14
2023-10-02,Store_B,Electronics,0,198.38
2023-10-03,Store_B,Electronics,0,207.96
2023-10-04,Store_B,Electronics,0,188.0
2023-10-05,Store_B,Electronics,0,243.01
2023-10-06,Store_B,Electronics,0,190.06
2023-10-07,Store_B,Electronics,0,190.73
2023-10-08,Store_B,Electronics,0,140.36
2023-10-09,Store_B,Electronics,0,171.47
2023-10-10,Store_B,Electronics,0,212.29
2023-10-11,Store_B,Electronics,0,213.74
2023-10-12,Store_B,Electronics,0,186.0
2023-10-13,Store_B,Electronics,0,229.38
2023-10-14,Store_B,Electronics,0,216.12
2023-10-15,Store_B,Electronics,0,179.0
2023-10-16,Store_B,Electronics,0,193.44
2023-10-17,Store_B,Electronics,0,226.38
2023-10-18,Store_B,Electronics,0,237.64
2023-10-19,Store_B,Electronics,0,195.47
2023-10-20,Store_B,Electronics,0,271.09
2023-10-21,Store_B,Electronics,0,247.65
2023-10-22,Store_B,Electronics,0,190.17
2023-10-23,Store_B,Electronics,0,191.62
2023-10-24,Store_B,Electronics,0,186.48
2023-10-25,Store_B,Electronics,0,197.46
2023-10-26,Store_B,Electronics,0,209.95
2023-10-27,Store_B,Electronics,0,271.07
2023-10-28,Store_B,Electronics,0,216.88
2023-10-29,Store_B,Electronics,0,160.68
2023-10-30,Store_B,Electronics,0,187.82
2023-10-31,Store_B,Electronics,1,329.36
2023-11-01,Store_B,Electronics,0,233.57
2023-11-02,Store_B,Electronics,0,254.66
2023-11-03,Store_B,Electronics,0,223.65
2023-11-04,Store_B,Electronics,0,210.42
2023-11-05,Store_B,Electronics,0,176.64
2023-11-06,Store_B,Electronics,0,222.41
2023-11-07,Store_B,Electronics,1,317.37
2023-11-08,Store_B,Electronics,0,230.86
2023-11-09,Store_B,Electronics,0,216.77
2023-11-10,Store_B,Electronics,0,221.18
2023-11-11,Store_B,Electronics,0,204.21
2023-11-12,Store_B,Electronics,0,174.52
2023-11-13,Store_B,Electronics,0,248.81
2023-11-14,Store_B,Electronics,0,226.14
2023-11-15,Store_B,Electronics,0,253.73
2023-11-16,Store_B,Electronics,1,292.19
2023-11-17,Store_B,Electronics,0,236.59
2023-11-18,Store_B,Electronics,0,252.44
2023-11-19,Store_B,Electronics,0,187.59
2023-11-20,Store_B,Electronics,0,243.88
2023-11-21,Store_B,Electronics,0,270.45
2023-11-22,Store_B,Electronics,1,311.19
2023-11-23,Store_B,Electronics,1,321.29
2023-11-24,Store_B,Electronics,0,278.26
2023-11-25,Store_B,Electronics,0,240.18
2023-11-26,Store_B,Electronics,0,196.62
2023-11-27,Store_B,Electronics,0,237.64
2023-11-28,Store_B,Electronics,0,296.25
2023-11-29,Store_B,Electronics,0,287.43
2023-11-30,Store_B,Electronics,0,248.7
2023-12-01,Store_B,Electronics,0,230.2
2023-12-02,Store_B,Electronics,0,251.05
2023-12-03,Store_B,Electronics,0,172.36
2023-12-04,Store_B,Electronics,1,268.67
2023-12-05,Store_B,Electronics,0,246.22
2023-12-06,Store_B,Electronics,0,271.05
2023-12-07,Store_B,Electronics,0,238.71
2023-12-08,Store_B,Electronics,0,299.29
2023-12-09,Store_B,Electronics,0,256.27
2023-12-10,Store_B,Electronics,0,202.68
2023-12-11,Store_B,Electronics,0,255.32
2023-12-12,Store_B,Electronics,0,251.89
2023-12-13,Store_B,Electronics,0,276.28
2023-12-14,Store_B,Electronics,0,210.03
2023-12-15,Store_B,Electronics,0,382.56
2023-12-16,Store_B,Electronics,0,405.6
2023-12-17,Store_B,Electronics,0,349.16
2023-12-18,Store_B,Electronics,0,370.31
2023-12-19,Store_B,Electronics,0,403.63
2023-12-20,Store_B,Electronics,1,486.46
2023-12-21,Store_B,Electronics,0,380.21
2023-12-22,Store_B,Electronics,0,391.1
2023-12-23,Store_B,Electronics,0,400.62
2023-12-24,Store_B,Electronics,0,339.46
2023-12-25,Store_B,Electronics,0,358.05
2023-12-26,Store_B,Electronics,1,451.93
2023-12-27,Store_B,Electronics,0,410.36
2023-12-28,Store_B,Electronics,1,412.77
2023-12-29,Store_B,Electronics,0,414.5
2023-12-30,Store_B,Electronics,0,365.78
2023-12-31,Store_B,Electronics,0,332.9
2024-01-01,Store_B,Electronics,0,225.32
2024-01-02,Store_B,Electronics,0,290.9
2024-01-03,Store_B,Electronics,0,288.88
2024-01-04,Store_B,Electronics,1,308.76
2024-01-05,Store_B,Electronics,0,304.32
2024-01-06,Store_B,Electronics,0,239.12
2024-01-07,Store_B,Electronics,0,221.11
2024-01-08,Store_B,Electronics,0,226.39
2024-01-09,Store_B,Electronics,0,275.81
2024-01-10,Store_B,Electronics,0,274.83
2024-01-11,Store_B,Electronics,0,244.65
2024-01-12,Store_B,Electronics,0,289.06
2024-01-13,Store_B,Electronics,0,251.09
2024-01-14,Store_B,Electronics,0,187.3
2024-01-15,Store_B,Electronics,0,223.56
2024-01-16,Store_B,Electronics,0,272.53
2024-01-17,Store_B,Electronics,1,345.44
2024-01-18,Store_B,Electronics,0,253.03
2024-01-19,Store_B,Electronics,0,318.94
2024-01-20,Store_B,Electronics,0,279.19
2024-01-21,Store_B,Electronics,0,239.01
2024-01-22,Store_B,Electronics,0,237.48
2024-01-23,Store_B,Electronics,0,260.24
2024-01-24,Store_B,Electronics,0,290.75
2024-01-25,Store_B,Electronics,0,264.08
2024-01-26,Store_B,Electronics,0,295.46
2024-01-27,Store_B,Electronics,0,266.65
2024-01-28,Store_B,Electronics,0,245.18
2024-01-29,Store_B,Electronics,0,255.85
2024-01-30,Store_B,Electronics,0,277.05
2024-01-31,Store_B,Electronics,0,296.39
2024-02-01,Store_B,Electronics,1,365.37
2024-02-02,Store_B,Electronics,0,302.39
2024-02-03,Store_B,Electronics,0,246.49
2024-02-04,Store_B,Electronics,0,225.66
2024-02-05,Store_B,Electronics,0,251.12
2024-02-06,Store_B,Electronics,0,285.36
2024-02-07,Store_B,Electronics,0,277.15
2024-02-08,Store_B,Electronics,0,267.33
2024-02-09,Store_B,Electronics,0,288.86
2024-02-10,Store_B,Electronics,0,275.01
2024-02-11,Store_B,Electronics,0,202.61
2024-02-12,Store_B,Electronics,1,293.67
2024-02-13,Store_B,Electronics,0,232.35
2024-02-14,Store_B,Electronics,0,322.48
2024-02-15,Store_B,Electronics,0,226.08
2024-02-16,Store_B,Electronics,0,286.33
2024-02-17,Store_B,Electronics,0,280.81
2024-02-18,Store_B,Electronics,0,205.62
2024-02-19,Store_B,Electronics,0,273.85
2024-02-20,Store_B,Electronics,0,274.98
2024-02-21,Store_B,Electronics,0,313.34
2024-02-22,Store_B,Electronics,0,244.39
2024-02-23,Store_B,Electronics,1,342.46
2024-02-24,Store_B,Electronics,0,254.56
2024-02-25,Store_B,Electronics,0,209.6
2024-02-26,Store_B,Electronics,0,235.18
2024-02-27,Store_B,Electronics,0,264.38
2024-02-28,Store_B,Electronics,0,268.56
2024-02-29,Store_B,Electronics,0,274.49
2024-03-01,Store_B,Electronics,0,292.37
2024-03-02,Store_B,Electronics,0,230.36
2024-03-03,Store_B,Electronics,0,206.73
2024-03-04,Store_B,Electronics,0,249.7
2024-03-05,Store_B,Electronics,0,272.19
2024-03-06,Store_B,Electronics,0,267.72
2024-03-07,Store_B,Electronics,0,254.17
2024-03-08,Store_B,Electronics,0,266.48
2024-03-09,Store_B,Electronics,0,273.69
2024-03-10,Store_B,Electronics,1,292.77
2024-03-11,Store_B,Electronics,1,295.84
2024-03-12,Store_B,Electronics,0,260.92
2024-03-13,Store_B,Electronics,0,261.68
2024-03-14,Store_B,Electronics,0,246.68
2024-03-15,Store_B,Electronics,0,289.99
2024-03-16,Store_B,Electronics,0,242.98
2024-03-17,Store_B,Electronics,0,196.22
2024-03-18,Store_B,Electronics,0,231.31
2024-03-19,Store_B,Electronics,0,297.94
2024-03-20,Store_B,Electronics,0,256.19
2024-03-21,Store_B,Electronics,0,229.24
2024-03-22,Store_B,Electronics,0,276.0
2024-03-23,Store_B,Electronics,0,260.17
2024-03-24,Store_B,Electronics,0,205.15
2024-03-25,Store_B,Electronics,0,213.94
2024-03-26,Store_B,Electronics,0,269.05
2024-03-27,Store_B,Electronics,0,232.99
2024-03-28,Store_B,Electronics,0,191.38
2024-03-29,Store_B,Electronics,0,253.38
2024-03-30,Store_B,Electronics,0,278.3
2024-03-31,Store_B,Electronics,0,199.68
2024-04-01,Store_B,Electronics,0,214.15
2024-04-02,Store_B,Electronics,0,253.55
2024-04-03,Store_B,Electronics,0,258.81
2024-04-04,Store_B,Electronics,0,276.56
2024-04-05,Store_B,Electronics,0,274.93
2024-04-06,Store_B,Electronics,0,217.19
2024-04-07,Store_B,Electronics,0,199.74
2024-04-08,Store_B,Electronics,0,213.42
2024-04-09,Store_B,Electronics,0,239.86
2024-04-10,Store_B,Electronics,0,242.07
2024-04-11,Store_B,Electronics,0,223.51
2024-04-12,Store_B,Electronics,1,279.42
2024-04-13,Store_B,Electronics,0,218.09
2024-04-14,Store_B,Electronics,0,182.31
2024-04-15,Store_B,Electronics,0,214.74
2024-04-16,Store_B,Electronics,0,233.52
2024-04-17,Store_B,Electronics,0,238.0
2024-04-18,Store_B,Electronics,0,230.19
2024-04-19,Store_B,Electronics,0,266.02
2024-04-20,Store_B,Electronics,0,215.92
2024-04-21,Store_B,Electronics,0,161.21
2024-04-22,Store_B,Electronics,0,219.33
2024-04-23,Store_B,Electronics,0,234.68
2024-04-24,Store_B,Electronics,0,225.1
2024-04-25,Store_B,Electronics,0,170.09
2024-04-26,Store_B,Electronics,0,250.31
2024-04-27,Store_B,Electronics,0,196.82
2024-04-28,Store_B,Electronics,0,166.75
2024-04-29,Store_B,Electronics,1,252.58
2024-04-30,Store_B,Electronics,0,238.54
2024-05-01,Store_B,Electronics,0,229.54
2024-05-02,Store_B,Electronics,0,183.86
2024-05-03,Store_B,Electronics,0,272.01
2024-05-04,Store_B,Electronics,0,217.37
2024-05-05,Store_B,Electronics,0,151.28
2024-05-06,Store_B,Electronics,0,214.31
2024-05-07,Store_B,Electronics,0,212.31
2024-05-08,Store_B,Electronics,0,214.84
2024-05-09,Store_B,Electronics,0,197.79
2024-05-10,Store_B,Electronics,0,218.51
2024-05-11,Store_B,Electronics,1,263.69
2024-05-12,Store_B,Electronics,0,155.28
2024-05-13,Store_B,Electronics,0,171.97
2024-05-14,Store_B,Electronics,1,255.93
2024-05-15,Store_B,Electronics,0,214.48
2024-05-16,Store_B,Electronics,0,179.41
2024-05-17,Store_B,Electronics,0,218.82
2024-05-18,Store_B,Electronics,0,219.43
2024-05-19,Store_B,Electronics,0,151.5
2024-05-20,Store_B,Electronics,0,179.93
2024-05-21,Store_B,Electronics,0,220.02
2024-05-22,Store_B,Electronics,0,201.35
2024-05-23,Store_B,Electronics,0,176.39
2024-05-24,Store_B,Electronics,0,160.68
2024-05-25,Store_B,Electronics,0,190.95
2024-05-26,Store_B,Electronics,1,199.32
2024-05-27,Store_B,Electronics,0,164.87
2024-05-28,Store_B,Electronics,0,155.17
2024-05-29,Store_B,Electronics,1,258.5
2024-05-30,Store_B,Electronics,0,160.8
2024-05-31,Store_B,Electronics,0,176.98
2024-06-01,Store_B,Electronics,0,164.48
2024-06-02,Store_B,Electronics,0,119.87
2024-06-03,Store_B,Electronics,0,181.43
2024-06-04,Store_B,Electronics,0,210.59
2024-06-05,Store_B,Electronics,0,197.61
2024-06-06,Store_B,Electronics,0,210.28
2024-06-07,Store_B,Electronics,0,190.13
2024-06-08,Store_B,Electronics,0,127.09
2024-06-09,Store_B,Electronics,0,119.56
2024-06-10,Store_B,Electronics,0,159.3
2024-06-11,Store_B,Electronics,0,166.43
2024-06-12,Store_B,Electronics,0,191.25
2024-06-13,Store_B,Electronics,0,184.6
2024-06-14,Store_B,Electronics,0,173.45
2024-06-15,Store_B,Electronics,0,202.83
2024-06-16,Store_B,Electronics,0,172.9
2024-06-17,Store_B,Electronics,0,192.64
2024-06-18,Store_B,Electronics,0,146.31
2024-06-19,Store_B,Electronics,1,240.96
2024-06-20,Store_B,Electronics,0,174.0
2024-06-21,Store_B,Electronics,0,162.04
2024-06-22,Store_B,Electronics,0,145.88
2024-06-23,Store_B,Electronics,0,92.61
2024-06-24,Store_B,Electronics,0,153.79
2024-06-25,Store_B,Electronics,0,184.23
2024-06-26,Store_B,Electronics,1,267.7
2024-06-27,Store_B,Electronics,0,175.35
2024-06-28,Store_B,Electronics,0,198.47
2024-06-29,Store_B,Electronics,0,136.03
2024-06-30,Store_B,Electronics,0,130.26
2024-07-01,Store_B,Electronics,0,148.81
2024-07-02,Store_B,Electronics,0,162.37
2024-07-03,Store_B,Electronics,0,173.76
2024-07-04,Store_B,Electronics,0,170.14
2024-07-05,Store_B,Electronics,0,197.53
2024-07-06,Store_B,Electronics,0,203.56
2024-07-07,Store_B,Electronics,1,195.63
2024-07-08,Store_B,Electronics,0,164.85
2024-07-09,Store_B,Electronics,0,188.93
2024-07-10,Store_B,Electronics,0,200.95
2024-07-11,Store_B,Electronics,0,140.87
2024-07-12,Store_B,Electronics,0,183.27
2024-07-13,Store_B,Electronics,0,146.88
2024-07-14,Store_B,Electronics,0,106.08
2024-07-15,Store_B,Electronics,0,155.97
2024-07-16,Store_B,Electronics,0,181.23
2024-07-17,Store_B,Electronics,0,186.2
2024-07-18,Store_B,Electronics,0,150.25
2024-07-19,Store_B,Electronics,0,183.24
2024-07-20,Store_B,Electronics,0,158.74
2024-07-21,Store_B,Electronics,1,193.83
2024-07-22,Store_B,Electronics,0,168.16
2024-07-23,Store_B,Electronics,0,153.71
2024-07-24,Store_B,Electronics,0,178.28
2024-07-25,Store_B,Electronics,0,177.54
2024-07-26,Store_B,Electronics,0,151.22
2024-07-27,Store_B,Electronics,0,182.57
2024-07-28,Store_B,Electronics,0,82.7
2024-07-29,Store_B,Electronics,0,126.7
2024-07-30,Store_B,Electronics,0,171.79
2024-07-31,Store_B,Electronics,0,173.46
2024-08-01,Store_B,Electronics,0,154.09
2024-08-02,Store_B,Electronics,0,218.19
2024-08-03,Store_B,Electronics,0,142.16
2024-08-04,Store_B,Electronics,0,133.15
2024-08-05,Store_B,Electronics,0,185.7
2024-08-06,Store_B,Electronics,0,191.33
2024-08-07,Store_B,Electronics,0,187.78
2024-08-08,Store_B,Electronics,0,168.28
2024-08-09,Store_B,Electronics,0,176.11
2024-08-10,Store_B,Electronics,0,157.76
2024-08-11,Store_B,Electronics,0,99.24
2024-08-12,Store_B,Electronics,0,170.91
2024-08-13,Store_B,Electronics,0,151.66
2024-08-14,Store_B,Electronics,0,181.66
2024-08-15,Store_B,Electronics,0,159.96
2024-08-16,Store_B,Electronics,1,254.45
2024-08-17,Store_B,Electronics,0,182.08
2024-08-18,Store_B,Electronics,0,119.86
2024-08-19,Store_B,Electronics,0,133.02
2024-08-20,Store_B,Electronics,0,166.17
2024-08-21,Store_B,Electronics,0,168.4
2024-08-22,Store_B,Electronics,0,206.76
2024-08-23,Store_B,Electronics,0,215.71
2024-08-24,Store_B,Electronics,0,146.33
2024-08-25,Store_B,Electronics,0,126.11
2024-08-26,Store_B,Electronics,0,139.1
2024-08-27,Store_B,Electronics,0,170.29
2024-08-28,Store_B,Electronics,0,179.43
2024-08-29,Store_B,Electronics,0,156.65
2024-08-30,Store_B,Electronics,0,211.94
2024-08-31,Store_B,Electronics,0,183.9
2024-09-01,Store_B,Electronics,0,141.13
2024-09-02,Store_B,Electronics,0,190.0
2024-09-03,Store_B,Electronics,0,203.92
2024-09-04,Store_B,Electronics,0,194.85
2024-09-05,Store_B,Electronics,0,183.15
2024-09-06,Store_B,Electronics,0,218.51
2024-09-07,Store_B,Electronics,0,200.47
2024-09-08,Store_B,Electronics,0,98.34
2024-09-09,Store_B,Electronics,1,239.5
2024-09-10,Store_B,Electronics,0,194.59
2024-09-11,Store_B,Electronics,0,212.8
2024-09-12,Store_B,Electronics,1,212.48
2024-09-13,Store_B,Electronics,0,225.63
2024-09-14,Store_B,Electronics,0,201.95
2024-09-15,Store_B,Electronics,0,139.44
2024-09-16,Store_B,Electronics,1,270.01
2024-09-17,Store_B,Electronics,0,176.91
2024-09-18,Store_B,Electronics,0,209.21
2024-09-19,Store_B,Electronics,0,177.78
2024-09-20,Store_B,Electronics,0,194.86
2024-09-21,Store_B,Electronics,0,191.68
2024-09-22,Store_B,Electronics,0,209.35
2024-09-23,Store_B,Electronics,0,145.1
2024-09-24,Store_B,Electronics,1,282.58
2024-09-25,Store_B,Electronics,0,261.31
2024-09-26,Store_B,Electronics,0,172.88
2024-09-27,Store_B,Electronics,1,307.57
2024-09-28,Store_B,Electronics,0,219.81
2024-09-29,Store_B,Electronics,0,129.56
2024-09-30,Store_B,Electronics,0,128.9
2024-10-01,Store_B,Electronics,0,187.45
2024-10-02,Store_B,Electronics,1,285.26
2024-10-03,Store_B,Electronics,0,214.38
2024-10-04,Store_B,Electronics,0,244.53
2024-10-05,Store_B,Electronics,0,205.07
2024-10-06,Store_B,Electronics,0,166.35
2024-10-07,Store_B,Electronics,0,164.17
2024-10-08,Store_B,Electronics,0,244.95
2024-10-09,Store_B,Electronics,0,245.0
2024-10-10,Store_B,Electronics,0,217.93
2024-10-11,Store_B,Electronics,0,228.88
2024-10-12,Store_B,Electronics,0,240.36
2024-10-13,Store_B,Electronics,0,149.72
2024-10-14,Store_B,Electronics,0,203.1
2024-10-15,Store_B,Electronics,0,261.95
2024-10-16,Store_B,Electronics,0,208.58
2024-10-17,Store_B,Electronics,0,258.65
2024-10-18,Store_B,Electronics,0,255.12
2024-10-19,Store_B,Electronics,0,233.59
2024-10-20,Store_B,Electronics,0,205.8
2024-10-21,Store_B,Electronics,0,227.33
2024-10-22,Store_B,Electronics,0,201.64
2024-10-23,Store_B,Electronics,0,208.21
2024-10-24,Store_B,Electronics,0,211.48
2024-10-25,Store_B,Electronics,0,249.97
2024-10-26,Store_B,Electronics,0,250.4
2024-10-27,Store_B,Electronics,0,181.38
2024-10-28,Store_B,Electronics,1,260.95
2024-10-29,Store_B,Electronics,0,255.51
2024-10-30,Store_B,Electronics,1,303.76
2024-10-31,Store_B,Electronics,0,236.87
2024-11-01,Store_B,Electronics,0,250.62
2024-11-02,Store_B,Electronics,0,219.65
2024-11-03,Store_B,Electronics,0,179.66
2024-11-04,Store_B,Electronics,0,196.04
2024-11-05,Store_B,Electronics,0,269.35
2024-11-06,Store_B,Electronics,0,244.16
2024-11-07,Store_B,Electronics,0,220.85
2024-11-08,Store_B,Electronics,0,221.75
2024-11-09,Store_B,Electronics,0,202.14
2024-11-10,Store_B,Electronics,0,177.86
2024-11-11,Store_B,Electronics,0,233.18
2024-11-12,Store_B,Electronics,0,252.77
2024-11-13,Store_B,Electronics,1,316.59
2024-11-14,Store_B,Electronics,0,220.57
2024-11-15,Store_B,Electronics,0,226.66
2024-11-16,Store_B,Electronics,0,232.32
2024-11-17,Store_B,Electronics,0,200.27
2024-11-18,Store_B,Electronics,0,246.4
2024-11-19,Store_B,Electronics,0,228.76
2024-11-20,Store_B,Electronics,0,257.56
2024-11-21,Store_B,Electronics,0,225.99
2024-11-22,Store_B,Electronics,0,258.29
2024-11-23,Store_B,Electronics,0,295.02
2024-11-24,Store_B,Electronics,0,193.66
2024-11-25,Store_B,Electronics,0,216.07
2024-11-26,Store_B,Electronics,0,320.83
2024-11-27,Store_B,Electronics,0,282.51
2024-11-28,Store_B,Electronics,0,264.45
2024-11-29,Store_B,Electronics,0,257.69
2024-11-30,Store_B,Electronics,0,300.17
2024-12-01,Store_B,Electronics,0,189.71
2024-12-02,Store_B,Electronics,0,265.25
2024-12-03,Store_B,Electronics,0,294.05
2024-12-04,Store_B,Electronics,0,305.92
2024-12-05,Store_B,Electronics,0,292.08
2024-12-06,Store_B,Electronics,0,275.54
2024-12-07,Store_B,Electronics,0,269.96
2024-12-08,Store_B,Electronics,1,287.98
2024-12-09,Store_B,Electronics,0,228.14
2024-12-10,Store_B,Electronics,0,267.93
2024-12-11,Store_B,Electronics,0,305.83
2024-12-12,Store_B,Electronics,0,237.41
2024-12-13,Store_B,Electronics,0,301.83
2024-12-14,Store_B,Electronics,0,286.16
2024-12-15,Store_B,Electronics,0,349.33
2024-12-16,Store_B,Electronics,0,391.77
2024-12-17,Store_B,Electronics,0,378.65
2024-12-18,Store_B,Electronics,0,382.33
2024-12-19,Store_B,Electronics,0,380.16
2024-12-20,Store_B,Electronics,0,415.98
2024-12-21,Store_B,Electronics,0,431.84
2024-12-22,Store_B,Electronics,0,353.06
2024-12-23,Store_B,Electronics,0,368.54
2024-12-24,Store_B,Electronics,0,426.04
2024-12-25,Store_B,Electronics,0,383.01
2024-12-26,Store_B,Electronics,0,362.7
2024-12-27,Store_B,Electronics,0,452.45
2024-12-28,Store_B,Electronics,1,444.45
2024-12-29,Store_B,Electronics,0,384.49
2024-12-30,Store_B,Electronics,0,406.91
2024-12-31,Store_B,Electronics,0,424.89
2021-01-01,Store_B,Clothing,0,353.74
2021-01-02,Store_B,Clothing,0,358.16
2021-01-03,Store_B,Clothing,0,279.64
2021-01-04,Store_B,Clothing,0,230.37
2021-01-05,Store_B,Clothing,0,323.51
2021-01-06,Store_B,Clothing,0,325.87
2021-01-07,Store_B,Clothing,0,287.63
2021-01-08,Store_B,Clothing,0,319.4
2021-01-09,Store_B,Clothing,0,303.19
2021-01-10,Store_B,Clothing,0,246.68
2021-01-11,Store_B,Clothing,0,318.01
2021-01-12,Store_B,Clothing,0,309.92
2021-01-13,Store_B,Clothing,0,394.06
2021-01-14,Store_B,Clothing,0,286.68
2021-01-15,Store_B,Clothing,0,318.31
2021-01-16,Store_B,Clothing,0,302.69
2021-01-17,Store_B,Clothing,0,235.28
2021-01-18,Store_B,Clothing,0,281.8
2021-01-19,Store_B,Clothing,0,303.36
2021-01-20,Store_B,Clothing,0,346.12
2021-01-21,Store_B,Clothing,0,292.84
2021-01-22,Store_B,Clothing,0,306.51
2021-01-23,Store_B,Clothing,0,299.21
2021-01-24,Store_B,Clothing,1,334.75
2021-01-25,Store_B,Clothing,0,280.7
2021-01-26,Store_B,Clothing,0,388.71
2021-01-27,Store_B,Clothing,1,418.63
2021-01-28,Store_B,Clothing,0,273.67
2021-01-29,Store_B,Clothing,0,346.17
2021-01-30,Store_B,Clothing,0,315.23
2021-01-31,Store_B,Clothing,0,268.83
2021-02-01,Store_B,Clothing,0,302.88
2021-02-02,Store_B,Clothing,0,353.0
2021-02-03,Store_B,Clothing,0,321.61
2021-02-04,Store_B,Clothing,0,302.16
2021-02-05,Store_B,Clothing,0,310.53
2021-02-06,Store_B,Clothing,0,311.93
2021-02-07,Store_B,Clothing,0,233.69
2021-02-08,Store_B,Clothing,0,259.32
2021-02-09,Store_B,Clothing,0,361.38
2021-02-10,Store_B,Clothing,0,321.39
2021-02-11,Store_B,Clothing,0,313.88
2021-02-12,Store_B,Clothing,0,311.47
2021-02-13,Store_B,Clothing,0,355.91
2021-02-14,Store_B,Clothing,1,325.57
2021-02-15,Store_B,Clothing,0,321.6
2021-02-16,Store_B,Clothing,1,405.59
2021-02-17,Store_B,Clothing,0,322.04
2021-02-18,Store_B,Clothing,0,306.43
2021-02-19,Store_B,Clothing,0,320.74
2021-02-20,Store_B,Clothing,0,248.94
2021-02-21,Store_B,Clothing,0,244.07
2021-02-22,Store_B,Clothing,0,285.05
2021-02-23,Store_B,Clothing,0,262.83
2021-02-24,Store_B,Clothing,0,301.6
2021-02-25,Store_B,Clothing,0,313.67
2021-02-26,Store_B,Clothing,0,340.56
2021-02-27,Store_B,Clothing,1,437.59
2021-02-28,Store_B,Clothing,1,349.27
2021-03-01,Store_B,Clothing,0,297.75
2021-03-02,Store_B,Clothing,0,313.63
2021-03-03,Store_B,Clothing,0,342.65
2021-03-04,Store_B,Clothing,0,293.3
2021-03-05,Store_B,Clothing,0,315.33
2021-03-06,Store_B,Clothing,0,293.61
2021-03-07,Store_B,Clothing,0,268.64
2021-03-08,Store_B,Clothing,0,270.7
2021-03-09,Store_B,Clothing,0,311.2
2021-03-10,Store_B,Clothing,0,293.28
2021-03-11,Store_B,Clothing,0,332.85
2021-03-12,Store_B,Clothing,0,300.54
2021-03-13,Store_B,Clothing,0,286.4
2021-03-14,Store_B,Clothing,0,255.7
2021-03-15,Store_B,Clothing,1,377.47
2021-03-16,Store_B,Clothing,0,296.08
2021-03-17,Store_B,Clothing,0,319.27
2021-03-18,Store_B,Clothing,0,257.36
2021-03-19,Store_B,Clothing,0,308.62
2021-03-20,Store_B,Clothing,0,298.04
2021-03-21,Store_B,Clothing,0,264.47
2021-03-22,Store_B,Clothing,0,225.32
2021-03-23,Store_B,Clothing,0,262.46
2021-03-24,Store_B,Clothing,0,253.53
2021-03-25,Store_B,Clothing,1,248.45
2021-03-26,Store_B,Clothing,0,266.47
2021-03-27,Store_B,Clothing,0,294.92
2021-03-28,Store_B,Clothing,0,225.27
2021-03-29,Store_B,Clothing,0,223.56
2021-03-30,Store_B,Clothing,0,310.05
2021-03-31,Store_B,Clothing,0,287.7
2021-04-01,Store_B,Clothing,0,285.58
2021-04-02,Store_B,Clothing,0,294.66
2021-04-03,Store_B,Clothing,0,270.06
2021-04-04,Store_B,Clothing,0,215.87
2021-04-05,Store_B,Clothing,0,228.69
2021-04-06,Store_B,Clothing,0,301.27
2021-04-07,Store_B,Clothing,1,312.36
2021-04-08,Store_B,Clothing,0,255.75
2021-04-09,Store_B,Clothing,0,260.87
2021-04-10,Store_B,Clothing,0,220.31
2021-04-11,Store_B,Clothing,0,206.12
2021-04-12,Store_B,Clothing,0,236.86
2021-04-13,Store_B,Clothing,1,323.99
2021-04-14,Store_B,Clothing,0,324.53
2021-04-15,Store_B,Clothing,1,356.84
2021-04-16,Store_B,Clothing,0,283.52
2021-04-17,Store_B,Clothing,0,267.29
2021-04-18,Store_B,Clothing,0,189.42
2021-04-19,Store_B,Clothing,0,226.71
2021-04-20,Store_B,Clothing,0,262.12
2021-04-21,Store_B,Clothing,0,269.25
2021-04-22,Store_B,Clothing,0,263.91
2021-04-23,Store_B,Clothing,0,277.47
2021-04-24,Store_B,Clothing,0,260.37
2021-04-25,Store_B,Clothing,1,260.06
2021-04-26,Store_B,Clothing,0,217.29
2021-04-27,Store_B,Clothing,0,248.29
2021-04-28,Store_B,Clothing,0,242.26
2021-04-29,Store_B,Clothing,0,186.69
2021-04-30,Store_B,Clothing,0,205.32
2021-05-01,Store_B,Clothing,0,203.88
2021-05-02,Store_B,Clothing,0,154.0
2021-05-03,Store_B,Clothing,0,191.19
2021-05-04,Store_B,Clothing,0,240.26
2021-05-05,Store_B,Clothing,0,274.45
2021-05-06,Store_B,Clothing,0,185.44
2021-05-07,Store_B,Clothing,0,237.34
2021-05-08,Store_B,Clothing,0,238.49
2021-05-09,Store_B,Clothing,0,189.26
2021-05-10,Store_B,Clothing,0,210.83
2021-05-11,Store_B,Clothing,0,228.96
2021-05-12,Store_B,Clothing,0,251.16
2021-05-13,Store_B,Clothing,0,180.52
2021-05-14,Store_B,Clothing,1,331.85
2021-05-15,Store_B,Clothing,0,237.29
2021-05-16,Store_B,Clothing,1,256.86
2021-05-17,Store_B,Clothing,0,188.17
2021-05-18,Store_B,Clothing,0,218.48
2021-05-19,Store_B,Clothing,0,199.66
2021-05-20,Store_B,Clothing,0,204.53
2021-05-21,Store_B,Clothing,1,319.19
2021-05-22,Store_B,Clothing,0,219.85
2021-05-23,Store_B,Clothing,0,159.42
2021-05-24,Store_B,Clothing,1,191.89
2021-05-25,Store_B,Clothing,0,198.15
2021-05-26,Store_B,Clothing,0,235.24
2021-05-27,Store_B,Clothing,0,225.36
2021-05-28,Store_B,Clothing,0,210.69
2021-05-29,Store_B,Clothing,0,242.34
2021-05-30,Store_B,Clothing,0,143.86
2021-05-31,Store_B,Clothing,0,176.29
2021-06-01,Store_B,Clothing,0,186.5
2021-06-02,Store_B,Clothing,1,283.45
2021-06-03,Store_B,Clothing,0,153.22
2021-06-04,Store_B,Clothing,0,210.32
2021-06-05,Store_B,Clothing,0,239.22
2021-06-06,Store_B,Clothing,1,225.0
2021-06-07,Store_B,Clothing,0,138.53
2021-06-08,Store_B,Clothing,0,200.72
2021-06-09,Store_B,Clothing,0,218.86
2021-06-10,Store_B,Clothing,0,184.51
2021-06-11,Store_B,Clothing,0,180.86
2021-06-12,Store_B,Clothing,0,186.92
2021-06-13,Store_B,Clothing,0,141.64
2021-06-14,Store_B,Clothing,0,186.51
2021-06-15,Store_B,Clothing,0,222.79
2021-06-16,Store_B,Clothing,0,217.11
2021-06-17,Store_B,Clothing,0,201.95
2021-06-18,Store_B,Clothing,0,185.86
2021-06-19,Store_B,Clothing,0,200.32
2021-06-20,Store_B,Clothing,0,155.77
2021-06-21,Store_B,Clothing,0,131.19
2021-06-22,Store_B,Clothing,0,211.37
2021-06-23,Store_B,Clothing,0,228.65
2021-06-24,Store_B,Clothing,0,193.3
2021-06-25,Store_B,Clothing,0,191.33
2021-06-26,Store_B,Clothing,1,280.31
2021-06-27,Store_B,Clothing,0,142.47
2021-06-28,Store_B,Clothing,0,150.5
2021-06-29,Store_B,Clothing,1,333.04
2021-06-30,Store_B,Clothing,0,159.01
2021-07-01,Store_B,Clothing,0,184.29
2021-07-02,Store_B,Clothing,0,150.85
2021-07-03,Store_B,Clothing,0,184.22
2021-07-04,Store_B,Clothing,0,117.14
2021-07-05,Store_B,Clothing,0,179.62
2021-07-06,Store_B,Clothing,0,183.7
2021-07-07,Store_B,Clothing,0,210.01
2021-07-08,Store_B,Clothing,0,167.89
2021-07-09,Store_B,Clothing,0,208.94
2021-07-10,Store_B,Clothing,0,207.1
2021-07-11,Store_B,Clothing,0,129.7
2021-07-12,Store_B,Clothing,0,140.51
2021-07-13,Store_B,Clothing,0,177.82
2021-07-14,Store_B,Clothing,1,225.86
2021-07-15,Store_B,Clothing,0,191.95
2021-07-16,Store_B,Clothing,0,184.98
2021-07-17,Store_B,Clothing,0,178.92
2021-07-18,Store_B,Clothing,0,70.93
2021-07-19,Store_B,Clothing,0,151.6
2021-07-20,Store_B,Clothing,0,214.25
2021-07-21,Store_B,Clothing,0,199.23
2021-07-22,Store_B,Clothing,0,235.73
2021-07-23,Store_B,Clothing,0,184.47
2021-07-24,Store_B,Clothing,0,179.87
2021-07-25,Store_B,Clothing,0,123.14
2021-07-26,Store_B,Clothing,0,174.67
2021-07-27,Store_B,Clothing,0,184.86
2021-07-28,Store_B,Clothing,0,179.72
2021-07-29,Store_B,Clothing,0,174.73
2021-07-30,Store_B,Clothing,1,283.94
2021-07-31,Store_B,Clothing,0,192.44
2021-08-01,Store_B,Clothing,1,210.51
2021-08-02,Store_B,Clothing,0,195.12
2021-08-03,Store_B,Clothing,0,240.58
2021-08-04,Store_B,Clothing,0,183.65
2021-08-05,Store_B,Clothing,0,196.65
2021-08-06,Store_B,Clothing,0,215.93
2021-08-07,Store_B,Clothing,0,131.13
2021-08-08,Store_B,Clothing,0,159.42
2021-08-09,Store_B,Clothing,0,138.12
2021-08-10,Store_B,Clothing,0,168.65
2021-08-11,Store_B,Clothing,0,203.14
2021-08-12,Store_B,Clothing,0,191.42
2021-08-13,Store_B,Clothing,0,216.36
2021-08-14,Store_B,Clothing,0,182.99
2021-08-15,Store_B,Clothing,0,129.08
2021-08-16,Store_B,Clothing,0,160.52
2021-08-17,Store_B,Clothing,0,193.1
2021-08-18,Store_B,Clothing,0,209.09
2021-08-19,Store_B,Clothing,0,203.64
2021-08-20,Store_B,Clothing,1,305.05
2021-08-21,Store_B,Clothing,0,206.43
2021-08-22,Store_B,Clothing,0,144.9
2021-08-23,Store_B,Clothing,0,181.28
2021-08-24,Store_B,Clothing,0,202.27
2021-08-25,Store_B,Clothing,0,222.06
2021-08-26,Store_B,Clothing,0,192.28
2021-08-27,Store_B,Clothing,0,163.73
2021-08-28,Store_B,Clothing,0,155.95
2021-08-29,Store_B,Clothing,0,139.03
2021-08-30,Store_B,Clothing,0,140.38
2021-08-31,Store_B,Clothing,0,206.31
2021-09-01,Store_B,Clothing,0,223.64
2021-09-02,Store_B,Clothing,0,204.87
2021-09-03,Store_B,Clothing,0,216.3
2021-09-04,Store_B,Clothing,0,208.34
2021-09-05,Store_B,Clothing,0,166.1
2021-09-06,Store_B,Clothing,0,200.79
2021-09-07,Store_B,Clothing,0,231.25
2021-09-08,Store_B,Clothing,0,224.62
2021-09-09,Store_B,Clothing,0,178.32
2021-09-10,Store_B,Clothing,0,187.69
2021-09-11,Store_B,Clothing,0,201.71
2021-09-12,Store_B,Clothing,0,148.12
2021-09-13,Store_B,Clothing,0,204.99
2021-09-14,Store_B,Clothing,0,200.55
2021-09-15,Store_B,Clothing,0,232.18
2021-09-16,Store_B,Clothing,0,155.69
2021-09-17,Store_B,Clothing,0,227.44
2021-09-18,Store_B,Clothing,0,207.33
2021-09-19,Store_B,Clothing,0,142.37
2021-09-20,Store_B,Clothing,0,146.82
2021-09-21,Store_B,Clothing,1,285.89
2021-09-22,Store_B,Clothing,0,270.22
2021-09-23,Store_B,Clothing,0,193.71
2021-09-24,Store_B,Clothing,0,287.92
2021-09-25,Store_B,Clothing,0,203.26
2021-09-26,Store_B,Clothing,0,128.88
2021-09-27,Store_B,Clothing,1,261.78
2021-09-28,Store_B,Clothing,0,214.56
2021-09-29,Store_B,Clothing,0,207.3
2021-09-30,Store_B,Clothing,0,212.42
2021-10-01,Store_B,Clothing,0,219.32
2021-10-02,Store_B,Clothing,0,223.82
2021-10-03,Store_B,Clothing,0,156.1
2021-10-04,Store_B,Clothing,0,243.7
2021-10-05,Store_B,Clothing,0,279.83
2021-10-06,Store_B,Clothing,0,317.19
2021-10-07,Store_B,Clothing,0,237.03
2021-10-08,Store_B,Clothing,0,267.71
2021-10-09,Store_B,Clothing,0,236.07
2021-10-10,Store_B,Clothing,0,166.48
2021-10-11,Store_B,Clothing,0,219.5
2021-10-12,Store_B,Clothing,0,269.13
2021-10-13,Store_B,Clothing,1,353.14
2021-10-14,Store_B,Clothing,0,234.39
2021-10-15,Store_B,Clothing,0,264.2
2021-10-16,Store_B,Clothing,0,211.74
2021-10-17,Store_B,Clothing,0,191.89
2021-10-18,Store_B,Clothing,0,199.32
2021-10-19,Store_B,Clothing,0,271.86
2021-10-20,Store_B,Clothing,0,280.14
2021-10-21,Store_B,Clothing,0,275.84
2021-10-22,Store_B,Clothing,0,255.74
2021-10-23,Store_B,Clothing,1,279.12
2021-10-24,Store_B,Clothing,0,205.43
2021-10-25,Store_B,Clothing,0,243.93
2021-10-26,Store_B,Clothing,0,274.56
2021-10-27,Store_B,Clothing,0,233.61
2021-10-28,Store_B,Clothing,0,297.08
2021-10-29,Store_B,Clothing,0,296.84
2021-10-30,Store_B,Clothing,0,275.69
2021-10-31,Store_B,Clothing,0,225.73
2021-11-01,Store_B,Clothing,0,231.47
2021-11-02,Store_B,Clothing,0,222.3
2021-11-03,Store_B,Clothing,0,292.33
2021-11-04,Store_B,Clothing,0,260.27
2021-11-05,Store_B,Clothing,0,313.82
2021-11-06,Store_B,Clothing,0,275.46
2021-11-07,Store_B,Clothing,0,149.38
2021-11-08,Store_B,Clothing,0,231.78
2021-11-09,Store_B,Clothing,0,245.82
2021-11-10,Store_B,Clothing,0,271.34
2021-11-11,Store_B,Clothing,0,293.11
2021-11-12,Store_B,Clothing,0,312.36
2021-11-13,Store_B,Clothing,0,249.15
2021-11-14,Store_B,Clothing,0,206.66
2021-11-15,Store_B,Clothing,0,271.92
2021-11-16,Store_B,Clothing,0,310.21
2021-11-17,Store_B,Clothing,0,302.15
2021-11-18,Store_B,Clothing,0,264.44
2021-11-19,Store_B,Clothing,0,339.97
2021-11-20,Store_B,Clothing,1,376.26
2021-11-21,Store_B,Clothing,0,188.62
2021-11-22,Store_B,Clothing,0,344.22
2021-11-23,Store_B,Clothing,0,346.05
2021-11-24,Store_B,Clothing,0,324.0
2021-11-25,Store_B,Clothing,0,288.0
2021-11-26,Store_B,Clothing,0,308.65
2021-11-27,Store_B,Clothing,0,275.54
2021-11-28,Store_B,Clothing,0,258.28
2021-11-29,Store_B,Clothing,0,251.52
2021-11-30,Store_B,Clothing,0,272.63
2021-12-01,Store_B,Clothing,0,319.42
2021-12-02,Store_B,Clothing,0,268.84
2021-12-03,Store_B,Clothing,1,379.39
2021-12-04,Store_B,Clothing,0,319.58
2021-12-05,Store_B,Clothing,0,259.81
2021-12-06,Store_B,Clothing,0,257.17
2021-12-07,Store_B,Clothing,0,356.27
2021-12-08,Store_B,Clothing,0,322.72
2021-12-09,Store_B,Clothing,0,286.76
2021-12-10,Store_B,Clothing,0,309.68
2021-12-11,Store_B,Clothing,0,283.03
2021-12-12,Store_B,Clothing,0,266.12
2021-12-13,Store_B,Clothing,0,266.57
2021-12-14,Store_B,Clothing,0,314.15
2021-12-15,Store_B,Clothing,0,471.61
2021-12-16,Store_B,Clothing,0,434.95
2021-12-17,Store_B,Clothing,0,461.71
2021-12-18,Store_B,Clothing,1,507.59
2021-12-19,Store_B,Clothing,0,427.15
2021-12-20,Store_B,Clothing,0,449.84
2021-12-21,Store_B,Clothing,0,467.98
2021-12-22,Store_B,Clothing,0,457.41
2021-12-23,Store_B,Clothing,0,473.75
2021-12-24,Store_B,Clothing,0,496.57
2021-12-25,Store_B,Clothing,0,493.53
2021-12-26,Store_B,Clothing,0,428.31
2021-12-27,Store_B,Clothing,0,420.78
2021-12-28,Store_B,Clothing,0,461.61
2021-12-29,Store_B,Clothing,0,515.13
2021-12-30,Store_B,Clothing,0,433.97
2021-12-31,Store_B,Clothing,0,496.13
2022-01-01,Store_B,Clothing,0,333.34
2022-01-02,Store_B,Clothing,0,280.73
2022-01-03,Store_B,Clothing,0,269.39
2022-01-04,Store_B,Clothing,0,325.36
2022-01-05,Store_B,Clothing,0,309.03
2022-01-06,Store_B,Clothing,0,301.61
2022-01-07,Store_B,Clothing,1,419.96
2022-01-08,Store_B,Clothing,0,337.82
2022-01-09,Store_B,Clothing,0,282.12
2022-01-10,Store_B,Clothing,0,301.87
2022-01-11,Store_B,Clothing,0,326.68
2022-01-12,Store_B,Clothing,1,421.97
2022-01-13,Store_B,Clothing,0,324.23
2022-01-14,Store_B,Clothing,0,335.33
2022-01-15,Store_B,Clothing,0,255.69
2022-01-16,Store_B,Clothing,0,254.3
2022-01-17,Store_B,Clothing,0,299.57
2022-01-18,Store_B,Clothing,0,348.0
2022-01-19,Store_B,Clothing,0,326.88
2022-01-20,Store_B,Clothing,0,302.13
2022-01-21,Store_B,Clothing,0,290.55
2022-01-22,Store_B,Clothing,0,323.01
2022-01-23,Store_B,Clothing,0,270.77
2022-01-24,Store_B,Clothing,0,268.29
2022-01-25,Store_B,Clothing,0,346.32
2022-01-26,Store_B,Clothing,0,338.39
2022-01-27,Store_B,Clothing,1,369.66
2022-01-28,Store_B,Clothing,0,332.64
2022-01-29,Store_B,Clothing,0,317.56
2022-01-30,Store_B,Clothing,0,247.93
2022-01-31,Store_B,Clothing,0,329.14
2022-02-01,Store_B,Clothing,0,313.95
2022-02-02,Store_B,Clothing,0,296.61
2022-02-03,Store_B,Clothing,1,366.37
2022-02-04,Store_B,Clothing,0,347.91
2022-02-05,Store_B,Clothing,0,334.69
2022-02-06,Store_B,Clothing,0,273.27
2022-02-07,Store_B,Clothing,0,312.03
2022-02-08,Store_B,Clothing,0,316.42
2022-02-09,Store_B,Clothing,0,288.33
2022-02-10,Store_B,Clothing,0,243.18
2022-02-11,Store_B,Clothing,0,389.17
2022-02-12,Store_B,Clothing,0,324.81
2022-02-13,Store_B,Clothing,1,337.62
2022-02-14,Store_B,Clothing,0,295.06
2022-02-15,Store_B,Clothing,0,374.61
2022-02-16,Store_B,Clothing,0,313.6
2022-02-17,Store_B,Clothing,0,305.26
2022-02-18,Store_B,Clothing,0,352.89
2022-02-19,Store_B,Clothing,0,313.85
2022-02-20,Store_B,Clothing,0,219.77
2022-02-21,Store_B,Clothing,0,332.12
2022-02-22,Store_B,Clothing,0,363.57
2022-02-23,Store_B,Clothing,0,338.37
2022-02-24,Store_B,Clothing,0,361.3
2022-02-25,Store_B,Clothing,0,333.59
2022-02-26,Store_B,Clothing,0,315.4
2022-02-27,Store_B,Clothing,0,199.03
2022-02-28,Store_B,Clothing,0,285.11
2022-03-01,Store_B,Clothing,0,320.86
2022-03-02,Store_B,Clothing,0,352.12
2022-03-03,Store_B,Clothing,0,300.26
2022-03-04,Store_B,Clothing,0,319.31
2022-03-05,Store_B,Clothing,0,280.9
2022-03-06,Store_B,Clothing,0,231.08
2022-03-07,Store_B,Clothing,0,248.15
2022-03-08,Store_B,Clothing,0,313.61
2022-03-09,Store_B,Clothing,0,326.99
2022-03-10,Store_B,Clothing,0,301.1
2022-03-11,Store_B,Clothing,0,308.97
2022-03-12,Store_B,Clothing,0,301.3
2022-03-13,Store_B,Clothing,0,249.85
2022-03-14,Store_B,Clothing,0,274.99
2022-03-15,Store_B,Clothing,0,308.73
2022-03-16,Store_B,Clothing,0,311.7
2022-03-17,Store_B,Clothing,0,332.84
2022-03-18,Store_B,Clothing,0,290.95
2022-03-19,Store_B,Clothing,0,319.58
2022-03-20,Store_B,Clothing,0,186.94
2022-03-21,Store_B,Clothing,0,289.34
2022-03-22,Store_B,Clothing,0,282.02
2022-03-23,Store_B,Clothing,0,322.07
2022-03-24,Store_B,Clothing,0,260.07
2022-03-25,Store_B,Clothing,0,320.7
2022-03-26,Store_B,Clothing,0,266.32
2022-03-27,Store_B,Clothing,0,258.04
2022-03-28,Store_B,Clothing,0,250.78
2022-03-29,Store_B,Clothing,0,290.89
2022-03-30,Store_B,Clothing,1,313.35
2022-03-31,Store_B,Clothing,0,254.35
2022-04-01,Store_B,Clothing,1,411.21
2022-04-02,Store_B,Clothing,0,258.7
2022-04-03,Store_B,Clothing,0,195.07
2022-04-04,Store_B,Clothing,0,205.83
2022-04-05,Store_B,Clothing,0,296.78
2022-04-06,Store_B,Clothing,0,292.99
2022-04-07,Store_B,Clothing,0,320.74
2022-04-08,Store_B,Clothing,0,279.24
2022-04-09,Store_B,Clothing,0,277.43
2022-04-10,Store_B,Clothing,0,228.75
2022-04-11,Store_B,Clothing,0,228.26
2022-04-12,Store_B,Clothing,0,327.94
2022-04-13,Store_B,Clothing,1,360.55
2022-04-14,Store_B,Clothing,0,226.24
2022-04-15,Store_B,Clothing,0,229.74
2022-04-16,Store_B,Clothing,0,268.01
2022-04-17,Store_B,Clothing,0,184.24
2022-04-18,Store_B,Clothing,0,269.38
2022-04-19,Store_B,Clothing,0,276.86
2022-04-20,Store_B,Clothing,0,235.55
2022-04-21,Store_B,Clothing,0,243.13
2022-04-22,Store_B,Clothing,0,278.47
2022-04-23,Store_B,Clothing,0,251.54
2022-04-24,Store_B,Clothing,0,220.24
2022-04-25,Store_B,Clothing,0,229.12
2022-04-26,Store_B,Clothing,0,231.7
2022-04-27,Store_B,Clothing,0,257.07
2022-04-28,Store_B,Clothing,0,243.71
2022-04-29,Store_B,Clothing,0,271.09
2022-04-30,Store_B,Clothing,0,219.42
2022-05-01,Store_B,Clothing,0,195.9
2022-05-02,Store_B,Clothing,0,202.43
2022-05-03,Store_B,Clothing,0,269.14
2022-05-04,Store_B,Clothing,0,281.8
2022-05-05,Store_B,Clothing,0,245.69
2022-05-06,Store_B,Clothing,0,278.22
2022-05-07,Store_B,Clothing,0,248.87
2022-05-08,Store_B,Clothing,0,175.49
2022-05-09,Store_B,Clothing,1,268.22
2022-05-10,Store_B,Clothing,0,249.14
2022-05-11,Store_B,Clothing,0,256.67
2022-05-12,Store_B,Clothing,0,236.26
2022-05-13,Store_B,Clothing,0,239.92
2022-05-14,Store_B,Clothing,0,263.63
2022-05-15,Store_B,Clothing,0,190.41
2022-05-16,Store_B,Clothing,0,214.93
2022-05-17,Store_B,Clothing,0,201.7
2022-05-18,Store_B,Clothing,0,210.14
2022-05-19,Store_B,Clothing,0,239.73
2022-05-20,Store_B,Clothing,0,248.8
2022-05-21,Store_B,Clothing,0,232.91
2022-05-22,Store_B,Clothing,0,184.59
2022-05-23,Store_B,Clothing,0,200.74
2022-05-24,Store_B,Clothing,0,198.97
2022-05-25,Store_B,Clothing,0,204.11
2022-05-26,Store_B,Clothing,0,221.13
2022-05-27,Store_B,Clothing,0,281.91
2022-05-28,Store_B,Clothing,0,196.26
2022-05-29,Store_B,Clothing,0,141.28
2022-05-30,Store_B,Clothing,1,228.8
2022-05-31,Store_B,Clothing,0,210.46
2022-06-01,Store_B,Clothing,1,332.48
2022-06-02,Store_B,Clothing,0,190.31
2022-06-03,Store_B,Clothing,0,220.16
2022-06-04,Store_B,Clothing,0,222.51
2022-06-05,Store_B,Clothing,0,111.21
2022-06-06,Store_B,Clothing,0,214.55
2022-06-07,Store_B,Clothing,0,191.94
2022-06-08,Store_B,Clothing,0,232.48
2022-06-09,Store_B,Clothing,0,173.32
2022-06-10,Store_B,Clothing,0,194.2
2022-06-11,Store_B,Clothing,0,209.82
2022-06-12,Store_B,Clothing,1,215.31
2022-06-13,Store_B,Clothing,0,213.84
2022-06-14,Store_B,Clothing,0,195.88
2022-06-15,Store_B,Clothing,0,236.94
2022-06-16,Store_B,Clothing,0,213.95
2022-06-17,Store_B,Clothing,1,311.59
2022-06-18,Store_B,Clothing,0,189.23
2022-06-19,Store_B,Clothing,0,147.44
2022-06-20,Store_B,Clothing,0,158.92
2022-06-21,Store_B,Clothing,0,196.31
2022-06-22,Store_B,Clothing,0,225.04
2022-06-23,Store_B,Clothing,0,182.2
2022-06-24,Store_B,Clothing,0,225.82
2022-06-25,Store_B,Clothing,1,278.42
2022-06-26,Store_B,Clothing,0,99.88
2022-06-27,Store_B,Clothing,0,194.21
2022-06-28,Store_B,Clothing,0,164.9
2022-06-29,Store_B,Clothing,0,203.05
2022-06-30,Store_B,Clothing,0,200.62
2022-07-01,Store_B,Clothing,0,202.0
2022-07-02,Store_B,Clothing,1,286.16
2022-07-03,Store_B,Clothing,0,98.92
2022-07-04,Store_B,Clothing,0,192.74
2022-07-05,Store_B,Clothing,0,207.4
2022-07-06,Store_B,Clothing,0,224.05
2022-07-07,Store_B,Clothing,0,155.56
2022-07-08,Store_B,Clothing,0,185.11
2022-07-09,Store_B,Clothing,0,204.31
2022-07-10,Store_B,Clothing,0,103.78
2022-07-11,Store_B,Clothing,0,182.52
2022-07-12,Store_B,Clothing,1,212.54
2022-07-13,Store_B,Clothing,0,178.4
2022-07-14,Store_B,Clothing,1,296.94
2022-07-15,Store_B,Clothing,0,198.4
2022-07-16,Store_B,Clothing,0,180.47
2022-07-17,Store_B,Clothing,0,91.38
2022-07-18,Store_B,Clothing,0,176.09
2022-07-19,Store_B,Clothing,0,211.98
2022-07-20,Store_B,Clothing,0,180.95
2022-07-21,Store_B,Clothing,0,179.29
2022-07-22,Store_B,Clothing,0,187.49
2022-07-23,Store_B,Clothing,0,225.87
2022-07-24,Store_B,Clothing,0,119.7
2022-07-25,Store_B,Clothing,0,143.17
2022-07-26,Store_B,Clothing,0,198.7
2022-07-27,Store_B,Clothing,0,155.7
2022-07-28,Store_B,Clothing,1,285.85
2022-07-29,Store_B,Clothing,0,184.03
2022-07-30,Store_B,Clothing,0,184.0
2022-07-31,Store_B,Clothing,0,90.46
2022-08-01,Store_B,Clothing,0,162.89
2022-08-02,Store_B,Clothing,0,231.21
2022-08-03,Store_B,Clothing,0,155.43
2022-08-04,Store_B,Clothing,0,192.09
2022-08-05,Store_B,Clothing,0,191.94
2022-08-06,Store_B,Clothing,0,218.12
2022-08-07,Store_B,Clothing,0,109.91
2022-08-08,Store_B,Clothing,0,176.06
2022-08-09,Store_B,Clothing,0,199.82
2022-08-10,Store_B,Clothing,0,233.81
2022-08-11,Store_B,Clothing,1,285.43
2022-08-12,Store_B,Clothing,1,285.28
2022-08-13,Store_B,Clothing,0,185.89
2022-08-14,Store_B,Clothing,0,154.95
2022-08-15,Store_B,Clothing,0,138.3
2022-08-16,Store_B,Clothing,1,278.16
2022-08-17,Store_B,Clothing,0,196.11
2022-08-18,Store_B,Clothing,0,158.03
2022-08-19,Store_B,Clothing,0,217.01
2022-08-20,Store_B,Clothing,0,210.51
2022-08-21,Store_B,Clothing,0,127.89
2022-08-22,Store_B,Clothing,1,265.7
2022-08-23,Store_B,Clothing,0,216.54
2022-08-24,Store_B,Clothing,0,229.11
2022-08-25,Store_B,Clothing,0,208.73
2022-08-26,Store_B,Clothing,0,247.71
2022-08-27,Store_B,Clothing,0,206.29
2022-08-28,Store_B,Clothing,0,167.96
2022-08-29,Store_B,Clothing,0,131.34
2022-08-30,Store_B,Clothing,0,244.33
2022-08-31,Store_B,Clothing,0,175.32
2022-09-01,Store_B,Clothing,0,243.3
2022-09-02,Store_B,Clothing,0,205.5
2022-09-03,Store_B,Clothing,0,204.89
2022-09-04,Store_B,Clothing,0,132.42
2022-09-05,Store_B,Clothing,0,212.57
2022-09-06,Store_B,Clothing,1,295.68
2022-09-07,Store_B,Clothing,0,220.14
2022-09-08,Store_B,Clothing,0,216.03
2022-09-09,Store_B,Clothing,0,240.65
2022-09-10,Store_B,Clothing,0,195.54
2022-09-11,Store_B,Clothing,0,162.88
2022-09-12,Store_B,Clothing,0,195.12
2022-09-13,Store_B,Clothing,0,187.79
2022-09-14,Store_B,Clothing,0,226.98
2022-09-15,Store_B,Clothing,0,246.03
2022-09-16,Store_B,Clothing,0,251.9
2022-09-17,Store_B,Clothing,0,197.02
2022-09-18,Store_B,Clothing,0,176.67
2022-09-19,Store_B,Clothing,1,296.82
2022-09-20,Store_B,Clothing,0,272.77
2022-09-21,Store_B,Clothing,0,247.14
2022-09-22,Store_B,Clothing,0,241.47
2022-09-23,Store_B,Clothing,0,271.95
2022-09-24,Store_B,Clothing,0,206.39
2022-09-25,Store_B,Clothing,0,112.01
2022-09-26,Store_B,Clothing,0,183.17
2022-09-27,Store_B,Clothing,0,205.88
2022-09-28,Store_B,Clothing,0,259.29
2022-09-29,Store_B,Clothing,0,200.29
2022-09-30,Store_B,Clothing,0,232.33
2022-10-01,Store_B,Clothing,0,248.46
2022-10-02,Store_B,Clothing,0,172.52
2022-10-03,Store_B,Clothing,1,311.52
2022-10-04,Store_B,Clothing,0,268.68
2022-10-05,Store_B,Clothing,0,229.57
2022-10-06,Store_B,Clothing,0,230.91
2022-10-07,Store_B,Clothing,0,285.17
2022-10-08,Store_B,Clothing,0,241.66
2022-10-09,Store_B,Clothing,0,235.28
2022-10-10,Store_B,Clothing,0,240.23
2022-10-11,Store_B,Clothing,0,238.78
2022-10-12,Store_B,Clothing,0,289.06
2022-10-13,Store_B,Clothing,0,264.65
2022-10-14,Store_B,Clothing,0,265.47
2022-10-15,Store_B,Clothing,1,353.77
2022-10-16,Store_B,Clothing,0,219.67
2022-10-17,Store_B,Clothing,0,240.99
2022-10-18,Store_B,Clothing,1,354.4
2022-10-19,Store_B,Clothing,0,282.85
2022-10-20,Store_B,Clothing,0,269.64
2022-10-21,Store_B,Clothing,0,285.51
2022-10-22,Store_B,Clothing,0,236.6
2022-10-23,Store_B,Clothing,0,203.21
2022-10-24,Store_B,Clothing,0,219.4
2022-10-25,Store_B,Clothing,0,287.17
2022-10-26,Store_B,Clothing,0,288.4
2022-10-27,Store_B,Clothing,0,286.67
2022-10-28,Store_B,Clothing,1,336.91
2022-10-29,Store_B,Clothing,0,295.85
2022-10-30,Store_B,Clothing,0,160.37
2022-10-31,Store_B,Clothing,0,223.23
2022-11-01,Store_B,Clothing,0,253.85
2022-11-02,Store_B,Clothing,0,293.67
2022-11-03,Store_B,Clothing,0,254.82
2022-11-04,Store_B,Clothing,0,295.56
2022-11-05,Store_B,Clothing,0,247.51
2022-11-06,Store_B,Clothing,1,309.01
2022-11-07,Store_B,Clothing,0,233.96
2022-11-08,Store_B,Clothing,0,294.87
2022-11-09,Store_B,Clothing,0,297.5
2022-11-10,Store_B,Clothing,0,245.5
2022-11-11,Store_B,Clothing,1,341.78
2022-11-12,Store_B,Clothing,0,285.7
2022-11-13,Store_B,Clothing,0,237.06
2022-11-14,Store_B,Clothing,0,274.36
2022-11-15,Store_B,Clothing,0,256.04
2022-11-16,Store_B,Clothing,0,337.36
2022-11-17,Store_B,Clothing,0,284.22
2022-11-18,Store_B,Clothing,0,315.38
2022-11-19,Store_B,Clothing,0,241.75
2022-11-20,Store_B,Clothing,0,202.3
2022-11-21,Store_B,Clothing,0,285.17
2022-11-22,Store_B,Clothing,0,312.96
2022-11-23,Store_B,Clothing,0,305.3
2022-11-24,Store_B,Clothing,0,310.64
2022-11-25,Store_B,Clothing,0,311.27
2022-11-26,Store_B,Clothing,0,294.71
2022-11-27,Store_B,Clothing,0,274.04
2022-11-28,Store_B,Clothing,0,242.23
2022-11-29,Store_B,Clothing,0,307.26
2022-11-30,Store_B,Clothing,0,342.78
2022-12-01,Store_B,Clothing,0,341.85
2022-12-02,Store_B,Clothing,1,391.91
2022-12-03,Store_B,Clothing,0,321.67
2022-12-04,Store_B,Clothing,0,281.12
2022-12-05,Store_B,Clothing,0,302.6
2022-12-06,Store_B,Clothing,0,344.21
2022-12-07,Store_B,Clothing,0,292.17
2022-12-08,Store_B,Clothing,0,313.58
2022-12-09,Store_B,Clothing,0,326.05
2022-12-10,Store_B,Clothing,0,321.61
2022-12-11,Store_B,Clothing,0,279.37
2022-12-12,Store_B,Clothing,0,282.68
2022-12-13,Store_B,Clothing,1,386.85
2022-12-14,Store_B,Clothing,0,309.25
2022-12-15,Store_B,Clothing,1,524.94
2022-12-16,Store_B,Clothing,0,499.85
2022-12-17,Store_B,Clothing,0,438.41
2022-12-18,Store_B,Clothing,0,432.33
2022-12-19,Store_B,Clothing,0,484.53
2022-12-20,Store_B,Clothing,0,487.33
2022-12-21,Store_B,Clothing,0,511.43
2022-12-22,Store_B,Clothing,0,463.07
2022-12-23,Store_B,Clothing,0,510.27
2022-12-24,Store_B,Clothing,0,425.86
2022-12-25,Store_B,Clothing,0,402.05
2022-12-26,Store_B,Clothing,0,474.17
2022-12-27,Store_B,Clothing,1,607.43
2022-12-28,Store_B,Clothing,0,508.6
2022-12-29,Store_B,Clothing,0,446.88
2022-12-30,Store_B,Clothing,0,531.78
2022-12-31,Store_B,Clothing,0,468.26
2023-01-01,Store_B,Clothing,0,280.28
2023-01-02,Store_B,Clothing,0,322.36
2023-01-03,Store_B,Clothing,0,353.39
2023-01-04,Store_B,Clothing,0,382.87
2023-01-05,Store_B,Clothing,0,337.68
2023-01-06,Store_B,Clothing,0,324.43
2023-01-07,Store_B,Clothing,0,354.43
2023-01-08,Store_B,Clothing,0,296.84
2023-01-09,Store_B,Clothing,0,265.4
2023-01-10,Store_B,Clothing,1,411.8
2023-01-11,Store_B,Clothing,0,333.18
2023-01-12,Store_B,Clothing,0,300.26
2023-01-13,Store_B,Clothing,0,355.05
2023-01-14,Store_B,Clothing,0,334.5
2023-01-15,Store_B,Clothing,0,265.03
2023-01-16,Store_B,Clothing,0,335.07
2023-01-17,Store_B,Clothing,0,321.26
2023-01-18,Store_B,Clothing,0,335.84
2023-01-19,Store_B,Clothing,0,320.78
2023-01-20,Store_B,Clothing,0,367.58
2023-01-21,Store_B,Clothing,0,358.76
2023-01-22,Store_B,Clothing,0,253.12
2023-01-23,Store_B,Clothing,0,319.77
2023-01-24,Store_B,Clothing,0,357.86
2023-01-25,Store_B,Clothing,0,374.58
2023-01-26,Store_B,Clothing,0,317.67
2023-01-27,Store_B,Clothing,0,348.86
2023-01-28,Store_B,Clothing,0,320.33
2023-01-29,Store_B,Clothing,0,272.14
2023-01-30,Store_B,Clothing,0,293.86
2023-01-31,Store_B,Clothing,0,341.75
2023-02-01,Store_B,Clothing,0,294.52
2023-02-02,Store_B,Clothing,0,305.31
2023-02-03,Store_B,Clothing,0,338.86
2023-02-04,Store_B,Clothing,0,333.25
2023-02-05,Store_B,Clothing,0,294.81
2023-02-06,Store_B,Clothing,0,340.61
2023-02-07,Store_B,Clothing,0,332.79
2023-02-08,Store_B,Clothing,0,371.51
2023-02-09,Store_B,Clothing,0,319.78
2023-02-10,Store_B,Clothing,0,392.82
2023-02-11,Store_B,Clothing,0,324.18
2023-02-12,Store_B,Clothing,0,302.53
2023-02-13,Store_B,Clothing,0,292.98
2023-02-14,Store_B,Clothing,0,320.33
2023-02-15,Store_B,Clothing,0,323.21
2023-02-16,Store_B,Clothing,0,299.63
2023-02-17,Store_B,Clothing,0,372.69
2023-02-18,Store_B,Clothing,0,340.85
2023-02-19,Store_B,Clothing,0,221.28
2023-02-20,Store_B,Clothing,0,271.35
2023-02-21,Store_B,Clothing,0,319.62
2023-02-22,Store_B,Clothing,0,307.64
2023-02-23,Store_B,Clothing,0,351.28
2023-02-24,Store_B,Clothing,0,338.26
2023-02-25,Store_B,Clothing,0,330.33
2023-02-26,Store_B,Clothing,0,281.87
2023-02-27,Store_B,Clothing,0,274.39
2023-02-28,Store_B,Clothing,0,304.86
2023-03-01,Store_B,Clothing,0,309.85
2023-03-02,Store_B,Clothing,0,321.38
2023-03-03,Store_B,Clothing,0,301.04
2023-03-04,Store_B,Clothing,0,347.78
2023-03-05,Store_B,Clothing,0,232.9
2023-03-06,Store_B,Clothing,0,260.99
2023-03-07,Store_B,Clothing,0,345.11
2023-03-08,Store_B,Clothing,0,364.34
2023-03-09,Store_B,Clothing,0,350.66
2023-03-10,Store_B,Clothing,0,355.35
2023-03-11,Store_B,Clothing,1,332.49
2023-03-12,Store_B,Clothing,0,271.71
2023-03-13,Store_B,Clothing,0,267.57
2023-03-14,Store_B,Clothing,0,329.42
2023-03-15,Store_B,Clothing,0,298.27
2023-03-16,Store_B,Clothing,0,298.04
2023-03-17,Store_B,Clothing,0,351.46
2023-03-18,Store_B,Clothing,1,370.74
2023-03-19,Store_B,Clothing,0,255.87
2023-03-20,Store_B,Clothing,0,280.59
2023-03-21,Store_B,Clothing,1,378.85
2023-03-22,Store_B,Clothing,0,341.16
2023-03-23,Store_B,Clothing,0,292.06
2023-03-24,Store_B,Clothing,0,321.1
2023-03-25,Store_B,Clothing,0,297.56
2023-03-26,Store_B,Clothing,0,254.96
2023-03-27,Store_B,Clothing,0,246.33
2023-03-28,Store_B,Clothing,0,320.24
2023-03-29,Store_B,Clothing,0,273.55
2023-03-30,Store_B,Clothing,0,250.6
2023-03-31,Store_B,Clothing,0,330.3
2023-04-01,Store_B,Clothing,1,389.65
2023-04-02,Store_B,Clothing,0,210.41
2023-04-03,Store_B,Clothing,0,320.14
2023-04-04,Store_B,Clothing,0,315.37
2023-04-05,Store_B,Clothing,0,277.81
2023-04-06,Store_B,Clothing,0,245.4
2023-04-07,Store_B,Clothing,0,296.84
2023-04-08,Store_B,Clothing,0,328.72
2023-04-09,Store_B,Clothing,1,324.4
2023-04-10,Store_B,Clothing,0,243.18
2023-04-11,Store_B,Clothing,0,271.27
2023-04-12,Store_B,Clothing,0,266.6
2023-04-13,Store_B,Clothing,0,270.97
2023-04-14,Store_B,Clothing,0,286.83
2023-04-15,Store_B,Clothing,0,248.27
2023-04-16,Store_B,Clothing,0,212.08
2023-04-17,Store_B,Clothing,0,228.02
2023-04-18,Store_B,Clothing,0,273.64
2023-04-19,Store_B,Clothing,0,315.11
2023-04-20,Store_B,Clothing,0,304.33
2023-04-21,Store_B,Clothing,0,334.71
2023-04-22,Store_B,Clothing,0,217.15
2023-04-23,Store_B,Clothing,0,245.29
2023-04-24,Store_B,Clothing,0,246.92
2023-04-25,Store_B,Clothing,0,311.79
2023-04-26,Store_B,Clothing,0,303.18
2023-04-27,Store_B,Clothing,0,236.39
2023-04-28,Store_B,Clothing,0,279.45
2023-04-29,Store_B,Clothing,0,226.35
2023-04-30,Store_B,Clothing,0,212.2
2023-05-01,Store_B,Clothing,0,212.82
2023-05-02,Store_B,Clothing,0,305.75
2023-05-03,Store_B,Clothing,0,237.41
2023-05-04,Store_B,Clothing,0,224.82
2023-05-05,Store_B,Clothing,0,272.71
2023-05-06,Store_B,Clothing,0,271.02
2023-05-07,Store_B,Clothing,0,192.23
2023-05-08,Store_B,Clothing,0,260.61
2023-05-09,Store_B,Clothing,0,234.02
2023-05-10,Store_B,Clothing,0,247.21
2023-05-11,Store_B,Clothing,0,233.38
2023-05-12,Store_B,Clothing,0,260.35
2023-05-13,Store_B,Clothing,0,245.77
2023-05-14,Store_B,Clothing,0,188.72
2023-05-15,Store_B,Clothing,0,182.23
2023-05-16,Store_B,Clothing,1,321.04
2023-05-17,Store_B,Clothing,0,216.3
2023-05-18,Store_B,Clothing,0,199.85
2023-05-19,Store_B,Clothing,0,256.16
2023-05-20,Store_B,Clothing,0,254.26
2023-05-21,Store_B,Clothing,0,197.14
2023-05-22,Store_B,Clothing,0,170.37
2023-05-23,Store_B,Clothing,0,266.98
2023-05-24,Store_B,Clothing,0,274.46
2023-05-25,Store_B,Clothing,1,298.76
2023-05-26,Store_B,Clothing,0,248.53
2023-05-27,Store_B,Clothing,0,254.98
2023-05-28,Store_B,Clothing,0,214.67
2023-05-29,Store_B,Clothing,0,223.57
2023-05-30,Store_B,Clothing,0,211.84
2023-05-31,Store_B,Clothing,0,247.43
2023-06-01,Store_B,Clothing,0,225.36
2023-06-02,Store_B,Clothing,0,254.14
2023-06-03,Store_B,Clothing,0,189.02
2023-06-04,Store_B,Clothing,0,166.31
2023-06-05,Store_B,Clothing,0,177.26
2023-06-06,Store_B,Clothing,0,239.03
2023-06-07,Store_B,Clothing,0,205.8
2023-06-08,Store_B,Clothing,0,207.88
2023-06-09,Store_B,Clothing,0,218.9
2023-06-10,Store_B,Clothing,0,221.6
2023-06-11,Store_B,Clothing,0,174.77
2023-06-12,Store_B,Clothing,0,169.28
2023-06-13,Store_B,Clothing,0,210.68
2023-06-14,Store_B,Clothing,0,218.62
2023-06-15,Store_B,Clothing,0,222.29
2023-06-16,Store_B,Clothing,0,250.78
2023-06-17,Store_B,Clothing,1,264.76
2023-06-18,Store_B,Clothing,0,124.17
2023-06-19,Store_B,Clothing,0,151.05
2023-06-20,Store_B,Clothing,0,244.44
2023-06-21,Store_B,Clothing,0,243.6
2023-06-22,Store_B,Clothing,0,202.59
2023-06-23,Store_B,Clothing,0,260.59
2023-06-24,Store_B,Clothing,0,191.45
2023-06-25,Store_B,Clothing,0,145.31
2023-06-26,Store_B,Clothing,0,200.05
2023-06-27,Store_B,Clothing,0,187.34
2023-06-28,Store_B,Clothing,0,270.47
2023-06-29,Store_B,Clothing,0,184.07
2023-06-30,Store_B,Clothing,0,230.31
2023-07-01,Store_B,Clothing,0,210.62
2023-07-02,Store_B,Clothing,0,153.22
2023-07-03,Store_B,Clothing,0,153.42
2023-07-04,Store_B,Clothing,0,235.42
2023-07-05,Store_B,Clothing,0,249.16
2023-07-06,Store_B,Clothing,0,192.87
2023-07-07,Store_B,Clothing,0,218.33
2023-07-08,Store_B,Clothing,0,233.07
2023-07-09,Store_B,Clothing,0,104.1
2023-07-10,Store_B,Clothing,0,174.67
2023-07-11,Store_B,Clothing,0,180.41
2023-07-12,Store_B,Clothing,0,246.23
2023-07-13,Store_B,Clothing,0,210.1
2023-07-14,Store_B,Clothing,0,234.61
2023-07-15,Store_B,Clothing,0,209.99
2023-07-16,Store_B,Clothing,0,179.78
2023-07-17,Store_B,Clothing,0,171.71
2023-07-18,Store_B,Clothing,0,221.39
2023-07-19,Store_B,Clothing,0,270.4
2023-07-20,Store_B,Clothing,0,212.6
2023-07-21,Store_B,Clothing,0,215.34
2023-07-22,Store_B,Clothing,0,202.46
2023-07-23,Store_B,Clothing,0,133.61
2023-07-24,Store_B,Clothing,0,187.27
2023-07-25,Store_B,Clothing,0,209.73
2023-07-26,Store_B,Clothing,0,222.55
2023-07-27,Store_B,Clothing,0,211.99
2023-07-28,Store_B,Clothing,0,254.52
2023-07-29,Store_B,Clothing,0,204.35
2023-07-30,Store_B,Clothing,0,130.39
2023-07-31,Store_B,Clothing,0,193.92
2023-08-01,Store_B,Clothing,0,155.72
2023-08-02,Store_B,Clothing,0,141.89
2023-08-03,Store_B,Clothing,0,225.64
2023-08-04,Store_B,Clothing,0,189.51
2023-08-05,Store_B,Clothing,0,177.01
2023-08-06,Store_B,Clothing,0,134.75
2023-08-07,Store_B,Clothing,0,200.21
2023-08-08,Store_B,Clothing,1,249.91
2023-08-09,Store_B,Clothing,0,188.6
2023-08-10,Store_B,Clothing,0,228.35
2023-08-11,Store_B,Clothing,0,217.82
2023-08-12,Store_B,Clothing,0,208.01
2023-08-13,Store_B,Clothing,1,273.82
2023-08-14,Store_B,Clothing,0,177.2
2023-08-15,Store_B,Clothing,0,207.54
2023-08-16,Store_B,Clothing,0,228.37
2023-08-17,Store_B,Clothing,0,224.17
2023-08-18,Store_B,Clothing,0,222.18
2023-08-19,Store_B,Clothing,0,228.52
2023-08-20,Store_B,Clothing,0,154.15
2023-08-21,Store_B,Clothing,0,123.05
2023-08-22,Store_B,Clothing,0,189.32
2023-08-23,Store_B,Clothing,0,213.45
2023-08-24,Store_B,Clothing,1,238.58
2023-08-25,Store_B,Clothing,0,241.05
2023-08-26,Store_B,Clothing,0,191.45
2023-08-27,Store_B,Clothing,0,139.49
2023-08-28,Store_B,Clothing,0,178.59
2023-08-29,Store_B,Clothing,0,182.59
2023-08-30,Store_B,Clothing,0,242.97
2023-08-31,Store_B,Clothing,0,239.66
2023-09-01,Store_B,Clothing,0,242.23
2023-09-02,Store_B,Clothing,0,241.69
2023-09-03,Store_B,Clothing,0,117.61
2023-09-04,Store_B,Clothing,0,211.33
2023-09-05,Store_B,Clothing,0,242.49
2023-09-06,Store_B,Clothing,0,249.75
2023-09-07,Store_B,Clothing,0,227.0
2023-09-08,Store_B,Clothing,0,248.46
2023-09-09,Store_B,Clothing,0,269.15
2023-09-10,Store_B,Clothing,0,133.57
2023-09-11,Store_B,Clothing,0,243.67
2023-09-12,Store_B,Clothing,0,250.9
2023-09-13,Store_B,Clothing,0,241.7
2023-09-14,Store_B,Clothing,0,231.33
2023-09-15,Store_B,Clothing,0,208.32
2023-09-16,Store_B,Clothing,0,214.2
2023-09-17,Store_B,Clothing,0,186.29
2023-09-18,Store_B,Clothing,0,236.7
2023-09-19,Store_B,Clothing,0,239.39
2023-09-20,Store_B,Clothing,0,228.95
2023-09-21,Store_B,Clothing,0,219.9
2023-09-22,Store_B,Clothing,0,243.4
2023-09-23,Store_B,Clothing,0,222.85
2023-09-24,Store_B,Clothing,0,139.63
2023-09-25,Store_B,Clothing,0,252.36
2023-09-26,Store_B,Clothing,0,268.79
2023-09-27,Store_B,Clothing,0,276.35
2023-09-28,Store_B,Clothing,0,243.0
2023-09-29,Store_B,Clothing,0,264.83
2023-09-30,Store_B,Clothing,0,267.27
2023-10-01,Store_B,Clothing,1,284.58
2023-10-02,Store_B,Clothing,0,219.58
2023-10-03,Store_B,Clothing,0,304.21
2023-10-04,Store_B,Clothing,0,285.37
2023-10-05,Store_B,Clothing,0,245.22
2023-10-06,Store_B,Clothing,0,270.57
2023-10-07,Store_B,Clothing,0,195.45
2023-10-08,Store_B,Clothing,0,175.75
2023-10-09,Store_B,Clothing,0,189.81
2023-10-10,Store_B,Clothing,0,250.55
2023-10-11,Store_B,Clothing,1,363.84
2023-10-12,Store_B,Clothing,0,235.93
2023-10-13,Store_B,Clothing,0,268.83
2023-10-14,Store_B,Clothing,0,256.89
2023-10-15,Store_B,Clothing,0,250.88
2023-10-16,Store_B,Clothing,0,208.76
2023-10-17,Store_B,Clothing,0,249.34
2023-10-18,Store_B,Clothing,0,313.99
2023-10-19,Store_B,Clothing,0,253.73
2023-10-20,Store_B,Clothing,0,272.64
2023-10-21,Store_B,Clothing,0,220.42
2023-10-22,Store_B,Clothing,0,225.53
2023-10-23,Store_B,Clothing,0,224.31
2023-10-24,Store_B,Clothing,0,285.56
2023-10-25,Store_B,Clothing,0,310.29
2023-10-26,Store_B,Clothing,0,268.85
2023-10-27,Store_B,Clothing,1,407.88
2023-10-28,Store_B,Clothing,0,269.28
2023-10-29,Store_B,Clothing,0,218.64
2023-10-30,Store_B,Clothing,0,215.93
2023-10-31,Store_B,Clothing,0,323.55
2023-11-01,Store_B,Clothing,0,323.68
2023-11-02,Store_B,Clothing,0,277.31
2023-11-03,Store_B,Clothing,0,338.58
2023-11-04,Store_B,Clothing,0,288.85
2023-11-05,Store_B,Clothing,1,301.2
2023-11-06,Store_B,Clothing,0,297.76
2023-11-07,Store_B,Clothing,0,277.99
2023-11-08,Store_B,Clothing,1,353.26
2023-11-09,Store_B,Clothing,0,330.39
2023-11-10,Store_B,Clothing,0,288.78
2023-11-11,Store_B,Clothing,0,310.04
2023-11-12,Store_B,Clothing,0,288.76
2023-11-13,Store_B,Clothing,0,259.61
2023-11-14,Store_B,Clothing,0,303.58
2023-11-15,Store_B,Clothing,0,331.45
2023-11-16,Store_B,Clothing,1,389.6
2023-11-17,Store_B,Clothing,0,361.77
2023-11-18,Store_B,Clothing,0,272.93
2023-11-19,Store_B,Clothing,0,270.72
2023-11-20,Store_B,Clothing,0,270.81
2023-11-21,Store_B,Clothing,0,343.81
2023-11-22,Store_B,Clothing,0,332.24
2023-11-23,Store_B,Clothing,0,278.88
2023-11-24,Store_B,Clothing,0,332.98
2023-11-25,Store_B,Clothing,0,271.2
2023-11-26,Store_B,Clothing,0,276.77
2023-11-27,Store_B,Clothing,0,261.23
2023-11-28,Store_B,Clothing,0,329.1
2023-11-29,Store_B,Clothing,0,350.98
2023-11-30,Store_B,Clothing,0,305.73
2023-12-01,Store_B,Clothing,0,338.37
2023-12-02,Store_B,Clothing,0,337.57
2023-12-03,Store_B,Clothing,0,273.05
2023-12-04,Store_B,Clothing,0,290.02
2023-12-05,Store_B,Clothing,1,387.36
2023-12-06,Store_B,Clothing,0,366.12
2023-12-07,Store_B,Clothing,1,397.99
2023-12-08,Store_B,Clothing,0,324.94
2023-12-09,Store_B,Clothing,0,285.14
2023-12-10,Store_B,Clothing,0,272.44
2023-12-11,Store_B,Clothing,0,297.25
2023-12-12,Store_B,Clothing,0,313.64
2023-12-13,Store_B,Clothing,0,352.47
2023-12-14,Store_B,Clothing,0,301.57
2023-12-15,Store_B,Clothing,1,613.74
2023-12-16,Store_B,Clothing,1,545.85
2023-12-17,Store_B,Clothing,0,388.84
2023-12-18,Store_B,Clothing,0,461.95
2023-12-19,Store_B,Clothing,0,511.46
2023-12-20,Store_B,Clothing,0,471.32
2023-12-21,Store_B,Clothing,0,492.23
2023-12-22,Store_B,Clothing,0,521.66
2023-12-23,Store_B,Clothing,0,483.92
2023-12-24,Store_B,Clothing,0,469.62
2023-12-25,Store_B,Clothing,0,442.45
2023-12-26,Store_B,Clothing,0,468.4
2023-12-27,Store_B,Clothing,0,488.46
2023-12-28,Store_B,Clothing,0,472.75
2023-12-29,Store_B,Clothing,0,496.83
2023-12-30,Store_B,Clothing,0,463.91
2023-12-31,Store_B,Clothing,1,502.43
2024-01-01,Store_B,Clothing,0,314.75
2024-01-02,Store_B,Clothing,0,364.35
2024-01-03,Store_B,Clothing,0,360.76
2024-01-04,Store_B,Clothing,0,351.67
2024-01-05,Store_B,Clothing,0,344.32
2024-01-06,Store_B,Clothing,0,336.61
2024-01-07,Store_B,Clothing,1,357.34
2024-01-08,Store_B,Clothing,0,286.37
2024-01-09,Store_B,Clothing,0,300.26
2024-01-10,Store_B,Clothing,0,340.88
2024-01-11,Store_B,Clothing,0,349.85
2024-01-12,Store_B,Clothing,0,366.26
2024-01-13,Store_B,Clothing,0,340.86
2024-01-14,Store_B,Clothing,0,317.76
2024-01-15,Store_B,Clothing,0,299.52
2024-01-16,Store_B,Clothing,0,358.06
2024-01-17,Store_B,Clothing,0,349.32
2024-01-18,Store_B,Clothing,0,345.44
2024-01-19,Store_B,Clothing,0,384.05
2024-01-20,Store_B,Clothing,0,310.37
2024-01-21,Store_B,Clothing,0,303.99
2024-01-22,Store_B,Clothing,0,325.85
2024-01-23,Store_B,Clothing,0,338.54
2024-01-24,Store_B,Clothing,0,308.09
2024-01-25,Store_B,Clothing,0,338.01
2024-01-26,Store_B,Clothing,0,421.81
2024-01-27,Store_B,Clothing,0,303.26
2024-01-28,Store_B,Clothing,0,256.36
2024-01-29,Store_B,Clothing,0,325.71
2024-01-30,Store_B,Clothing,0,318.8
2024-01-31,Store_B,Clothing,0,376.17
2024-02-01,Store_B,Clothing,0,340.78
2024-02-02,Store_B,Clothing,0,336.62
2024-02-03,Store_B,Clothing,0,320.23
2024-02-04,Store_B,Clothing,0,250.87
2024-02-05,Store_B,Clothing,0,342.42
2024-02-06,Store_B,Clothing,0,373.92
2024-02-07,Store_B,Clothing,0,385.85
2024-02-08,Store_B,Clothing,0,320.07
2024-02-09,Store_B,Clothing,0,337.88
2024-02-10,Store_B,Clothing,0,339.14
2024-02-11,Store_B,Clothing,0,305.74
2024-02-12,Store_B,Clothing,0,293.58
2024-02-13,Store_B,Clothing,0,321.05
2024-02-14,Store_B,Clothing,0,371.12
2024-02-15,Store_B,Clothing,0,301.04
2024-02-16,Store_B,Clothing,0,362.85
2024-02-17,Store_B,Clothing,0,327.89
2024-02-18,Store_B,Clothing,1,346.02
2024-02-19,Store_B,Clothing,0,308.6
2024-02-20,Store_B,Clothing,0,338.27
2024-02-21,Store_B,Clothing,0,359.16
2024-02-22,Store_B,Clothing,0,338.5
2024-02-23,Store_B,Clothing,1,376.26
2024-02-24,Store_B,Clothing,0,362.82
2024-02-25,Store_B,Clothing,0,282.34
2024-02-26,Store_B,Clothing,0,324.59
2024-02-27,Store_B,Clothing,0,353.45
2024-02-28,Store_B,Clothing,0,375.99
2024-02-29,Store_B,Clothing,0,348.68
2024-03-01,Store_B,Clothing,0,371.53
2024-03-02,Store_B,Clothing,0,297.81
2024-03-03,Store_B,Clothing,0,285.12
2024-03-04,Store_B,Clothing,0,254.49
2024-03-05,Store_B,Clothing,1,435.82
2024-03-06,Store_B,Clothing,1,411.57
2024-03-07,Store_B,Clothing,0,317.71
2024-03-08,Store_B,Clothing,0,349.58
2024-03-09,Store_B,Clothing,1,419.57
2024-03-10,Store_B,Clothing,0,300.07
2024-03-11,Store_B,Clothing,0,330.63
2024-03-12,Store_B,Clothing,0,291.58
2024-03-13,Store_B,Clothing,0,335.5
2024-03-14,Store_B,Clothing,0,281.07
2024-03-15,Store_B,Clothing,0,317.08
2024-03-16,Store_B,Clothing,0,348.1
2024-03-17,Store_B,Clothing,0,303.03
2024-03-18,Store_B,Clothing,0,303.29
2024-03-19,Store_B,Clothing,0,327.04
2024-03-20,Store_B,Clothing,1,420.73
2024-03-21,Store_B,Clothing,0,337.1
2024-03-22,Store_B,Clothing,0,341.9
2024-03-23,Store_B,Clothing,0,278.49
2024-03-24,Store_B,Clothing,0,251.26
2024-03-25,Store_B,Clothing,0,278.2
2024-03-26,Store_B,Clothing,0,290.28
2024-03-27,Store_B,Clothing,0,340.46
2024-03-28,Store_B,Clothing,0,329.54
2024-03-29,Store_B,Clothing,0,309.34
2024-03-30,Store_B,Clothing,0,265.3
2024-03-31,Store_B,Clothing,0,232.33
2024-04-01,Store_B,Clothing,0,278.96
2024-04-02,Store_B,Clothing,0,309.53
2024-04-03,Store_B,Clothing,0,324.69
2024-04-04,Store_B,Clothing,0,306.96
2024-04-05,Store_B,Clothing,0,347.0
2024-04-06,Store_B,Clothing,0,315.28
2024-04-07,Store_B,Clothing,0,260.96
2024-04-08,Store_B,Clothing,0,269.01
2024-04-09,Store_B,Clothing,0,269.34
2024-04-10,Store_B,Clothing,0,317.88
2024-04-11,Store_B,Clothing,0,298.59
2024-04-12,Store_B,Clothing,0,329.24
2024-04-13,Store_B,Clothing,0,261.97
2024-04-14,Store_B,Clothing,0,260.96
2024-04-15,Store_B,Clothing,0,269.92
2024-04-16,Store_B,Clothing,0,263.11
2024-04-17,Store_B,Clothing,0,259.22
2024-04-18,Store_B,Clothing,1,354.78
2024-04-19,Store_B,Clothing,0,303.15
2024-04-20,Store_B,Clothing,0,256.51
2024-04-21,Store_B,Clothing,0,224.96
2024-04-22,Store_B,Clothing,0,259.63
2024-04-23,Store_B,Clothing,0,309.51
2024-04-24,Store_B,Clothing,0,289.83
2024-04-25,Store_B,Clothing,0,278.95
2024-04-26,Store_B,Clothing,0,321.14
2024-04-27,Store_B,Clothing,0,266.68
2024-04-28,Store_B,Clothing,0,199.44
2024-04-29,Store_B,Clothing,0,258.79
2024-04-30,Store_B,Clothing,0,318.63
2024-05-01,Store_B,Clothing,0,301.96
2024-05-02,Store_B,Clothing,1,368.51
2024-05-03,Store_B,Clothing,0,273.28
2024-05-04,Store_B,Clothing,0,252.31
2024-05-05,Store_B,Clothing,0,223.61
2024-05-06,Store_B,Clothing,1,328.02
2024-05-07,Store_B,Clothing,0,284.16
2024-05-08,Store_B,Clothing,0,284.65
2024-05-09,Store_B,Clothing,1,327.66
2024-05-10,Store_B,Clothing,0,272.43
2024-05-11,Store_B,Clothing,0,251.06
2024-05-12,Store_B,Clothing,0,222.72
2024-05-13,Store_B,Clothing,0,254.58
2024-05-14,Store_B,Clothing,0,217.61
2024-05-15,Store_B,Clothing,0,281.36
2024-05-16,Store_B,Clothing,0,269.98
2024-05-17,Store_B,Clothing,0,270.5
2024-05-18,Store_B,Clothing,0,178.07
2024-05-19,Store_B,Clothing,0,197.15
2024-05-20,Store_B,Clothing,0,211.8
2024-05-21,Store_B,Clothing,0,258.96
2024-05-22,Store_B,Clothing,0,292.03
2024-05-23,Store_B,Clothing,0,246.92
2024-05-24,Store_B,Clothing,0,295.22
2024-05-25,Store_B,Clothing,0,217.12
2024-05-26,Store_B,Clothing,0,207.76
2024-05-27,Store_B,Clothing,0,232.54
2024-05-28,Store_B,Clothing,0,246.37
2024-05-29,Store_B,Clothing,0,204.7
2024-05-30,Store_B,Clothing,0,229.25
2024-05-31,Store_B,Clothing,0,236.46
2024-06-01,Store_B,Clothing,0,189.15
2024-06-02,Store_B,Clothing,0,162.62
2024-06-03,Store_B,Clothing,0,220.9
2024-06-04,Store_B,Clothing,0,243.88
2024-06-05,Store_B,Clothing,0,244.77
2024-06-06,Store_B,Clothing,0,195.95
2024-06-07,Store_B,Clothing,1,275.84
2024-06-08,Store_B,Clothing,0,202.5
2024-06-09,Store_B,Clothing,0,165.36
2024-06-10,Store_B,Clothing,0,187.0
2024-06-11,Store_B,Clothing,0,225.03
2024-06-12,Store_B,Clothing,1,356.9
2024-06-13,Store_B,Clothing,0,218.23
2024-06-14,Store_B,Clothing,0,267.41
2024-06-15,Store_B,Clothing,0,201.95
2024-06-16,Store_B,Clothing,0,148.03
2024-06-17,Store_B,Clothing,0,162.55
2024-06-18,Store_B,Clothing,0,230.27
2024-06-19,Store_B,Clothing,0,210.03
2024-06-20,Store_B,Clothing,0,263.81
2024-06-21,Store_B,Clothing,0,232.65
2024-06-22,Store_B,Clothing,1,292.25
2024-06-23,Store_B,Clothing,0,155.65
2024-06-24,Store_B,Clothing,0,176.44
2024-06-25,Store_B,Clothing,0,250.01
2024-06-26,Store_B,Clothing,0,239.26
2024-06-27,Store_B,Clothing,0,169.47
2024-06-28,Store_B,Clothing,0,193.64
2024-06-29,Store_B,Clothing,0,179.54
2024-06-30,Store_B,Clothing,1,210.66
2024-07-01,Store_B,Clothing,0,180.32
2024-07-02,Store_B,Clothing,0,242.26
2024-07-03,Store_B,Clothing,0,229.17
2024-07-04,Store_B,Clothing,0,172.81
2024-07-05,Store_B,Clothing,0,209.39
2024-07-06,Store_B,Clothing,0,167.6
2024-07-07,Store_B,Clothing,0,152.52
2024-07-08,Store_B,Clothing,0,207.61
2024-07-09,Store_B,Clothing,0,268.11
2024-07-10,Store_B,Clothing,0,201.43
2024-07-11,Store_B,Clothing,0,213.84
2024-07-12,Store_B,Clothing,0,272.88
2024-07-13,Store_B,Clothing,0,250.05
2024-07-14,Store_B,Clothing,0,176.11
2024-07-15,Store_B,Clothing,0,204.26
2024-07-16,Store_B,Clothing,0,224.89
2024-07-17,Store_B,Clothing,0,258.32
2024-07-18,Store_B,Clothing,0,183.8
2024-07-19,Store_B,Clothing,0,238.94
2024-07-20,Store_B,Clothing,0,201.67
2024-07-21,Store_B,Clothing,0,138.83
2024-07-22,Store_B,Clothing,0,157.06
2024-07-23,Store_B,Clothing,1,223.84
2024-07-24,Store_B,Clothing,0,274.23
2024-07-25,Store_B,Clothing,0,180.33
2024-07-26,Store_B,Clothing,0,232.9
2024-07-27,Store_B,Clothing,0,218.45
2024-07-28,Store_B,Clothing,0,124.09
2024-07-29,Store_B,Clothing,0,200.32
2024-07-30,Store_B,Clothing,1,334.32
2024-07-31,Store_B,Clothing,0,244.37
2024-08-01,Store_B,Clothing,0,202.09
2024-08-02,Store_B,Clothing,0,232.32
2024-08-03,Store_B,Clothing,0,204.53
2024-08-04,Store_B,Clothing,0,142.77
2024-08-05,Store_B,Clothing,0,162.86
2024-08-06,Store_B,Clothing,0,209.57
2024-08-07,Store_B,Clothing,0,233.36
2024-08-08,Store_B,Clothing,0,244.29
2024-08-09,Store_B,Clothing,0,226.07
2024-08-10,Store_B,Clothing,0,205.66
2024-08-11,Store_B,Clothing,0,144.16
2024-08-12,Store_B,Clothing,0,232.33
2024-08-13,Store_B,Clothing,0,220.98
2024-08-14,Store_B,Clothing,0,249.24
2024-08-15,Store_B,Clothing,0,222.69
2024-08-16,Store_B,Clothing,0,255.9
2024-08-17,Store_B,Clothing,0,234.92
2024-08-18,Store_B,Clothing,0,157.48
2024-08-19,Store_B,Clothing,0,182.16
2024-08-20,Store_B,Clothing,0,267.76
2024-08-21,Store_B,Clothing,0,222.1
2024-08-22,Store_B,Clothing,0,215.49
2024-08-23,Store_B,Clothing,0,222.48
2024-08-24,Store_B,Clothing,0,238.22
2024-08-25,Store_B,Clothing,0,160.1
2024-08-26,Store_B,Clothing,0,184.53
2024-08-27,Store_B,Clothing,1,314.23
2024-08-28,Store_B,Clothing,1,353.44
2024-08-29,Store_B,Clothing,0,200.77
2024-08-30,Store_B,Clothing,0,267.58
2024-08-31,Store_B,Clothing,0,207.51
2024-09-01,Store_B,Clothing,0,126.93
2024-09-02,Store_B,Clothing,0,209.65
2024-09-03,Store_B,Clothing,0,214.67
2024-09-04,Store_B,Clothing,0,230.56
2024-09-05,Store_B,Clothing,0,199.46
2024-09-06,Store_B,Clothing,0,295.39
2024-09-07,Store_B,Clothing,0,165.18
2024-09-08,Store_B,Clothing,0,183.72
2024-09-09,Store_B,Clothing,0,204.01
2024-09-10,Store_B,Clothing,0,217.32
2024-09-11,Store_B,Clothing,0,253.34
2024-09-12,Store_B,Clothing,0,255.11
2024-09-13,Store_B,Clothing,0,264.48
2024-09-14,Store_B,Clothing,0,266.01
2024-09-15,Store_B,Clothing,0,233.79
2024-09-16,Store_B,Clothing,0,212.86
2024-09-17,Store_B,Clothing,0,236.56
2024-09-18,Store_B,Clothing,0,305.59
2024-09-19,Store_B,Clothing,0,249.39
2024-09-20,Store_B,Clothing,1,343.44
2024-09-21,Store_B,Clothing,1,358.43
2024-09-22,Store_B,Clothing,0,151.26
2024-09-23,Store_B,Clothing,0,223.5
2024-09-24,Store_B,Clothing,0,255.7
2024-09-25,Store_B,Clothing,0,295.43
2024-09-26,Store_B,Clothing,0,276.64
2024-09-27,Store_B,Clothing,0,315.73
2024-09-28,Store_B,Clothing,0,235.25
2024-09-29,Store_B,Clothing,1,297.55
2024-09-30,Store_B,Clothing,0,196.92
2024-10-01,Store_B,Clothing,0,187.23
2024-10-02,Store_B,Clothing,0,279.32
2024-10-03,Store_B,Clothing,0,238.2
2024-10-04,Store_B,Clothing,1,355.75
2024-10-05,Store_B,Clothing,1,379.41
2024-10-06,Store_B,Clothing,0,191.77
2024-10-07,Store_B,Clothing,0,213.21
2024-10-08,Store_B,Clothing,0,294.45
2024-10-09,Store_B,Clothing,0,230.9
2024-10-10,Store_B,Clothing,0,251.32
2024-10-11,Store_B,Clothing,0,240.33
2024-10-12,Store_B,Clothing,0,235.46
2024-10-13,Store_B,Clothing,1,248.49
2024-10-14,Store_B,Clothing,0,264.34
2024-10-15,Store_B,Clothing,0,286.67
2024-10-16,Store_B,Clothing,0,254.78
2024-10-17,Store_B,Clothing,0,229.0
2024-10-18,Store_B,Clothing,0,285.54
2024-10-19,Store_B,Clothing,0,276.02
2024-10-20,Store_B,Clothing,0,277.95
2024-10-21,Store_B,Clothing,0,207.09
2024-10-22,Store_B,Clothing,0,260.55
2024-10-23,Store_B,Clothing,0,327.13
2024-10-24,Store_B,Clothing,0,304.19
2024-10-25,Store_B,Clothing,0,321.58
2024-10-26,Store_B,Clothing,0,229.6
2024-10-27,Store_B,Clothing,0,249.47
2024-10-28,Store_B,Clothing,0,274.16
2024-10-29,Store_B,Clothing,0,307.99
2024-10-30,Store_B,Clothing,0,310.63
2024-10-31,Store_B,Clothing,1,374.63
2024-11-01,Store_B,Clothing,0,315.25
2024-11-02,Store_B,Clothing,0,347.91
2024-11-03,Store_B,Clothing,0,250.46
2024-11-04,Store_B,Clothing,0,250.07
2024-11-05,Store_B,Clothing,0,277.47
2024-11-06,Store_B,Clothing,0,322.3
2024-11-07,Store_B,Clothing,0,287.12
2024-11-08,Store_B,Clothing,0,262.41
2024-11-09,Store_B,Clothing,0,313.12
2024-11-10,Store_B,Clothing,0,231.64
2024-11-11,Store_B,Clothing,0,289.17
2024-11-12,Store_B,Clothing,0,316.73
2024-11-13,Store_B,Clothing,0,316.05
2024-11-14,Store_B,Clothing,0,281.49
2024-11-15,Store_B,Clothing,0,337.15
2024-11-16,Store_B,Clothing,0,313.8
2024-11-17,Store_B,Clothing,0,243.54
2024-11-18,Store_B,Clothing,0,301.15
2024-11-19,Store_B,Clothing,0,315.56
2024-11-20,Store_B,Clothing,0,331.83
2024-11-21,Store_B,Clothing,0,292.26
2024-11-22,Store_B,Clothing,0,353.41
2024-11-23,Store_B,Clothing,1,430.09
2024-11-24,Store_B,Clothing,0,231.19
2024-11-25,Store_B,Clothing,0,297.76
2024-11-26,Store_B,Clothing,0,340.05
2024-11-27,Store_B,Clothing,0,294.28
2024-11-28,Store_B,Clothing,0,314.23
2024-11-29,Store_B,Clothing,0,360.35
2024-11-30,Store_B,Clothing,0,340.46
2024-12-01,Store_B,Clothing,0,269.71
2024-12-02,Store_B,Clothing,0,276.15
2024-12-03,Store_B,Clothing,0,359.15
2024-12-04,Store_B,Clothing,0,370.32
2024-12-05,Store_B,Clothing,0,338.78
2024-12-06,Store_B,Clothing,0,352.93
2024-12-07,Store_B,Clothing,0,300.1
2024-12-08,Store_B,Clothing,0,316.34
2024-12-09,Store_B,Clothing,0,321.01
2024-12-10,Store_B,Clothing,0,322.11
2024-12-11,Store_B,Clothing,0,313.11
2024-12-12,Store_B,Clothing,1,367.83
2024-12-13,Store_B,Clothing,0,363.53
2024-12-14,Store_B,Clothing,1,441.54
2024-12-15,Store_B,Clothing,0,458.17
2024-12-16,Store_B,Clothing,0,446.58
2024-12-17,Store_B,Clothing,0,533.24
2024-12-18,Store_B,Clothing,0,544.95
2024-12-19,Store_B,Clothing,0,508.64
2024-12-20,Store_B,Clothing,0,472.44
2024-12-21,Store_B,Clothing,0,480.65
2024-12-22,Store_B,Clothing,0,437.31
2024-12-23,Store_B,Clothing,1,494.67
2024-12-24,Store_B,Clothing,0,523.35
2024-12-25,Store_B,Clothing,0,534.55
2024-12-26,Store_B,Clothing,0,500.27
2024-12-27,Store_B,Clothing,0,517.48
2024-12-28,Store_B,Clothing,0,491.33
2024-12-29,Store_B,Clothing,1,528.56
2024-12-30,Store_B,Clothing,0,454.16
2024-12-31,Store_B,Clothing,0,530.55
2021-01-01,Store_C,Grocery,0,532.43
2021-01-02,Store_C,Grocery,0,507.49
2021-01-03,Store_C,Grocery,1,546.32
2021-01-04,Store_C,Grocery,0,460.81
2021-01-05,Store_C,Grocery,0,539.45
2021-01-06,Store_C,Grocery,0,553.06
2021-01-07,Store_C,Grocery,0,482.36
2021-01-08,Store_C,Grocery,0,590.43
2021-01-09,Store_C,Grocery,0,480.46
2021-01-10,Store_C,Grocery,0,428.62
2021-01-11,Store_C,Grocery,0,451.07
2021-01-12,Store_C,Grocery,0,487.7
2021-01-13,Store_C,Grocery,0,546.71
2021-01-14,Store_C,Grocery,0,492.93
2021-01-15,Store_C,Grocery,0,576.87
2021-01-16,Store_C,Grocery,0,492.65
2021-01-17,Store_C,Grocery,0,430.71
2021-01-18,Store_C,Grocery,0,517.11
2021-01-19,Store_C,Grocery,0,499.12
2021-01-20,Store_C,Grocery,0,528.85
2021-01-21,Store_C,Grocery,0,559.86
2021-01-22,Store_C,Grocery,0,470.16
2021-01-23,Store_C,Grocery,0,427.67
2021-01-24,Store_C,Grocery,0,406.75
2021-01-25,Store_C,Grocery,0,543.87
2021-01-26,Store_C,Grocery,0,583.55
2021-01-27,Store_C,Grocery,0,557.35
2021-01-28,Store_C,Grocery,0,525.2
2021-01-29,Store_C,Grocery,0,502.43
2021-01-30,Store_C,Grocery,0,522.72
2021-01-31,Store_C,Grocery,0,422.28
2021-02-01,Store_C,Grocery,0,522.18
2021-02-02,Store_C,Grocery,0,564.28
2021-02-03,Store_C,Grocery,0,523.7
2021-02-04,Store_C,Grocery,0,530.06
2021-02-05,Store_C,Grocery,1,661.85
2021-02-06,Store_C,Grocery,0,513.53
2021-02-07,Store_C,Grocery,0,421.19
2021-02-08,Store_C,Grocery,0,475.04
2021-02-09,Store_C,Grocery,0,558.64
2021-02-10,Store_C,Grocery,0,584.32
2021-02-11,Store_C,Grocery,0,499.0
2021-02-12,Store_C,Grocery,0,591.98
2021-02-13,Store_C,Grocery,0,528.36
2021-02-14,Store_C,Grocery,0,442.86
2021-02-15,Store_C,Grocery,0,479.17
2021-02-16,Store_C,Grocery,0,499.71
2021-02-17,Store_C,Grocery,0,554.29
2021-02-18,Store_C,Grocery,0,562.1
2021-02-19,Store_C,Grocery,0,534.46
2021-02-20,Store_C,Grocery,0,478.11
2021-02-21,Store_C,Grocery,0,465.73
2021-02-22,Store_C,Grocery,1,571.86
2021-02-23,Store_C,Grocery,0,494.34
2021-02-24,Store_C,Grocery,0,483.43
2021-02-25,Store_C,Grocery,0,519.07
2021-02-26,Store_C,Grocery,0,571.95
2021-02-27,Store_C,Grocery,0,465.31
2021-02-28,Store_C,Grocery,0,425.46
2021-03-01,Store_C,Grocery,0,468.01
2021-03-02,Store_C,Grocery,0,490.34
2021-03-03,Store_C,Grocery,1,675.87
2021-03-04,Store_C,Grocery,0,446.81
2021-03-05,Store_C,Grocery,0,541.12
2021-03-06,Store_C,Grocery,1,622.38
2021-03-07,Store_C,Grocery,0,403.83
2021-03-08,Store_C,Grocery,0,435.92
2021-03-09,Store_C,Grocery,0,487.99
2021-03-10,Store_C,Grocery,0,458.25
2021-03-11,Store_C,Grocery,0,544.19
2021-03-12,Store_C,Grocery,0,501.93
2021-03-13,Store_C,Grocery,0,476.78
2021-03-14,Store_C,Grocery,0,484.49
2021-03-15,Store_C,Grocery,0,406.27
2021-03-16,Store_C,Grocery,0,495.23
2021-03-17,Store_C,Grocery,0,534.1
2021-03-18,Store_C,Grocery,0,536.01
2021-03-19,Store_C,Grocery,0,460.12
2021-03-20,Store_C,Grocery,0,543.94
2021-03-21,Store_C,Grocery,0,402.13
2021-03-22,Store_C,Grocery,0,441.75
2021-03-23,Store_C,Grocery,0,452.56
2021-03-24,Store_C,Grocery,0,501.89
2021-03-25,Store_C,Grocery,0,532.87
2021-03-26,Store_C,Grocery,0,503.31
2021-03-27,Store_C,Grocery,0,444.43
2021-03-28,Store_C,Grocery,1,485.11
2021-03-29,Store_C,Grocery,0,587.68
2021-03-30,Store_C,Grocery,0,461.12
2021-03-31,Store_C,Grocery,0,541.03
2021-04-01,Store_C,Grocery,0,520.05
2021-04-02,Store_C,Grocery,0,443.85
2021-04-03,Store_C,Grocery,0,426.29
2021-04-04,Store_C,Grocery,0,360.34
2021-04-05,Store_C,Grocery,0,413.74
2021-04-06,Store_C,Grocery,0,538.72
2021-04-07,Store_C,Grocery,0,541.84
2021-04-08,Store_C,Grocery,0,450.12
2021-04-09,Store_C,Grocery,0,467.08
2021-04-10,Store_C,Grocery,1,490.81
2021-04-11,Store_C,Grocery,0,389.37
2021-04-12,Store_C,Grocery,0,424.72
2021-04-13,Store_C,Grocery,0,421.57
2021-04-14,Store_C,Grocery,0,482.88
2021-04-15,Store_C,Grocery,1,574.98
2021-04-16,Store_C,Grocery,0,431.43
2021-04-17,Store_C,Grocery,1,528.86
2021-04-18,Store_C,Grocery,1,505.34
2021-04-19,Store_C,Grocery,1,491.82
2021-04-20,Store_C,Grocery,0,432.31
2021-04-21,Store_C,Grocery,0,442.87
2021-04-22,Store_C,Grocery,0,444.17
2021-04-23,Store_C,Grocery,0,496.71
2021-04-24,Store_C,Grocery,0,485.22
2021-04-25,Store_C,Grocery,0,394.8
2021-04-26,Store_C,Grocery,1,504.01
2021-04-27,Store_C,Grocery,1,564.55
2021-04-28,Store_C,Grocery,0,406.36
2021-04-29,Store_C,Grocery,0,491.37
2021-04-30,Store_C,Grocery,0,423.5
2021-05-01,Store_C,Grocery,0,438.46
2021-05-02,Store_C,Grocery,0,355.43
2021-05-03,Store_C,Grocery,0,345.08
2021-05-04,Store_C,Grocery,0,402.86
2021-05-05,Store_C,Grocery,0,476.24
2021-05-06,Store_C,Grocery,0,403.16
2021-05-07,Store_C,Grocery,1,511.97
2021-05-08,Store_C,Grocery,0,399.95
2021-05-09,Store_C,Grocery,1,412.91
2021-05-10,Store_C,Grocery,0,361.19
2021-05-11,Store_C,Grocery,0,367.08
2021-05-12,Store_C,Grocery,0,426.8
2021-05-13,Store_C,Grocery,0,402.1
2021-05-14,Store_C,Grocery,0,411.35
2021-05-15,Store_C,Grocery,0,438.09
2021-05-16,Store_C,Grocery,0,314.23
2021-05-17,Store_C,Grocery,0,364.68
2021-05-18,Store_C,Grocery,0,389.05
2021-05-19,Store_C,Grocery,0,404.37
2021-05-20,Store_C,Grocery,0,410.37
2021-05-21,Store_C,Grocery,0,378.6
2021-05-22,Store_C,Grocery,0,403.09
2021-05-23,Store_C,Grocery,1,401.12
2021-05-24,Store_C,Grocery,0,320.44
2021-05-25,Store_C,Grocery,0,387.36
2021-05-26,Store_C,Grocery,0,459.09
2021-05-27,Store_C,Grocery,0,396.65
2021-05-28,Store_C,Grocery,0,397.62
2021-05-29,Store_C,Grocery,0,350.75
2021-05-30,Store_C,Grocery,0,372.28
2021-05-31,Store_C,Grocery,1,463.75
2021-06-01,Store_C,Grocery,0,391.39
2021-06-02,Store_C,Grocery,0,416.45
2021-06-03,Store_C,Grocery,0,390.8
2021-06-04,Store_C,Grocery,1,489.59
2021-06-05,Store_C,Grocery,0,399.93
2021-06-06,Store_C,Grocery,0,257.71
2021-06-07,Store_C,Grocery,0,362.22
2021-06-08,Store_C,Grocery,0,368.38
2021-06-09,Store_C,Grocery,0,431.51
2021-06-10,Store_C,Grocery,0,346.03
2021-06-11,Store_C,Grocery,0,427.11
2021-06-12,Store_C,Grocery,0,374.97
2021-06-13,Store_C,Grocery,0,385.89
2021-06-14,Store_C,Grocery,0,361.89
2021-06-15,Store_C,Grocery,1,481.33
2021-06-16,Store_C,Grocery,0,329.64
2021-06-17,Store_C,Grocery,0,392.91
2021-06-18,Store_C,Grocery,0,427.36
2021-06-19,Store_C,Grocery,0,347.56
2021-06-20,Store_C,Grocery,0,267.82
2021-06-21,Store_C,Grocery,0,358.8
2021-06-22,Store_C,Grocery,0,379.03
2021-06-23,Store_C,Grocery,0,373.46
2021-06-24,Store_C,Grocery,0,365.64
2021-06-25,Store_C,Grocery,0,371.02
2021-06-26,Store_C,Grocery,0,392.59
2021-06-27,Store_C,Grocery,0,276.1
2021-06-28,Store_C,Grocery,0,353.89
2021-06-29,Store_C,Grocery,0,366.64
2021-06-30,Store_C,Grocery,0,385.97
2021-07-01,Store_C,Grocery,0,405.23
2021-07-02,Store_C,Grocery,0,362.75
2021-07-03,Store_C,Grocery,0,375.99
2021-07-04,Store_C,Grocery,1,434.65
2021-07-05,Store_C,Grocery,0,346.44
2021-07-06,Store_C,Grocery,0,402.65
2021-07-07,Store_C,Grocery,0,376.07
2021-07-08,Store_C,Grocery,0,365.81
2021-07-09,Store_C,Grocery,0,407.79
2021-07-10,Store_C,Grocery,0,347.59
2021-07-11,Store_C,Grocery,0,359.2
2021-07-12,Store_C,Grocery,0,292.62
2021-07-13,Store_C,Grocery,0,327.86
2021-07-14,Store_C,Grocery,0,423.76
2021-07-15,Store_C,Grocery,0,388.69
2021-07-16,Store_C,Grocery,0,351.9
2021-07-17,Store_C,Grocery,0,386.28
2021-07-18,Store_C,Grocery,0,292.82
2021-07-19,Store_C,Grocery,0,319.65
2021-07-20,Store_C,Grocery,0,335.72
2021-07-21,Store_C,Grocery,0,365.5
2021-07-22,Store_C,Grocery,0,311.64
2021-07-23,Store_C,Grocery,0,364.78
2021-07-24,Store_C,Grocery,0,315.71
2021-07-25,Store_C,Grocery,0,234.56
2021-07-26,Store_C,Grocery,0,359.87
2021-07-27,Store_C,Grocery,0,353.83
2021-07-28,Store_C,Grocery,0,381.41
2021-07-29,Store_C,Grocery,0,323.82
2021-07-30,Store_C,Grocery,0,367.65
2021-07-31,Store_C,Grocery,0,315.87
2021-08-01,Store_C,Grocery,0,333.39
2021-08-02,Store_C,Grocery,0,253.92
2021-08-03,Store_C,Grocery,0,390.57
2021-08-04,Store_C,Grocery,0,353.03
2021-08-05,Store_C,Grocery,0,312.58
2021-08-06,Store_C,Grocery,0,331.31
2021-08-07,Store_C,Grocery,0,353.25
2021-08-08,Store_C,Grocery,0,306.63
2021-08-09,Store_C,Grocery,1,448.08
2021-08-10,Store_C,Grocery,1,453.8
2021-08-11,Store_C,Grocery,0,367.21
2021-08-12,Store_C,Grocery,0,315.03
2021-08-13,Store_C,Grocery,0,353.38
2021-08-14,Store_C,Grocery,0,394.02
2021-08-15,Store_C,Grocery,0,229.82
2021-08-16,Store_C,Grocery,0,267.62
2021-08-17,Store_C,Grocery,0,345.86
2021-08-18,Store_C,Grocery,0,432.7
2021-08-19,Store_C,Grocery,0,352.02
2021-08-20,Store_C,Grocery,0,465.14
2021-08-21,Store_C,Grocery,0,346.79
2021-08-22,Store_C,Grocery,0,313.09
2021-08-23,Store_C,Grocery,0,367.95
2021-08-24,Store_C,Grocery,0,445.27
2021-08-25,Store_C,Grocery,0,364.8
2021-08-26,Store_C,Grocery,1,461.37
2021-08-27,Store_C,Grocery,1,488.79
2021-08-28,Store_C,Grocery,0,389.23
2021-08-29,Store_C,Grocery,0,346.17
2021-08-30,Store_C,Grocery,0,387.68
2021-08-31,Store_C,Grocery,0,359.72
2021-09-01,Store_C,Grocery,0,364.27
2021-09-02,Store_C,Grocery,0,385.57
2021-09-03,Store_C,Grocery,0,362.38
2021-09-04,Store_C,Grocery,0,397.22
2021-09-05,Store_C,Grocery,0,304.16
2021-09-06,Store_C,Grocery,0,388.72
2021-09-07,Store_C,Grocery,0,424.27
2021-09-08,Store_C,Grocery,0,403.04
2021-09-09,Store_C,Grocery,0,333.75
2021-09-10,Store_C,Grocery,0,370.26
2021-09-11,Store_C,Grocery,0,380.8
2021-09-12,Store_C,Grocery,1,431.85
2021-09-13,Store_C,Grocery,0,343.86
2021-09-14,Store_C,Grocery,0,366.46
2021-09-15,Store_C,Grocery,0,398.18
2021-09-16,Store_C,Grocery,1,527.79
2021-09-17,Store_C,Grocery,0,405.54
2021-09-18,Store_C,Grocery,0,368.7
2021-09-19,Store_C,Grocery,0,284.8
2021-09-20,Store_C,Grocery,0,361.22
2021-09-21,Store_C,Grocery,0,442.44
2021-09-22,Store_C,Grocery,0,455.66
2021-09-23,Store_C,Grocery,0,364.5
2021-09-24,Store_C,Grocery,0,428.88
2021-09-25,Store_C,Grocery,0,374.94
2021-09-26,Store_C,Grocery,0,319.27
2021-09-27,Store_C,Grocery,0,370.53
2021-09-28,Store_C,Grocery,0,399.38
2021-09-29,Store_C,Grocery,1,439.98
2021-09-30,Store_C,Grocery,0,454.69
2021-10-01,Store_C,Grocery,0,415.14
2021-10-02,Store_C,Grocery,0,386.07
2021-10-03,Store_C,Grocery,0,315.76
2021-10-04,Store_C,Grocery,0,335.91
2021-10-05,Store_C,Grocery,0,481.55
2021-10-06,Store_C,Grocery,0,436.92
2021-10-07,Store_C,Grocery,0,426.89
2021-10-08,Store_C,Grocery,0,456.77
2021-10-09,Store_C,Grocery,0,401.83
2021-10-10,Store_C,Grocery,0,351.69
2021-10-11,Store_C,Grocery,0,418.04
2021-10-12,Store_C,Grocery,0,392.23
2021-10-13,Store_C,Grocery,0,435.97
2021-10-14,Store_C,Grocery,0,414.67
2021-10-15,Store_C,Grocery,1,542.47
2021-10-16,Store_C,Grocery,0,411.36
2021-10-17,Store_C,Grocery,0,368.79
2021-10-18,Store_C,Grocery,1,554.78
2021-10-19,Store_C,Grocery,0,462.33
2021-10-20,Store_C,Grocery,1,537.04
2021-10-21,Store_C,Grocery,1,626.1
2021-10-22,Store_C,Grocery,0,512.99
2021-10-23,Store_C,Grocery,0,425.33
2021-10-24,Store_C,Grocery,0,420.69
2021-10-25,Store_C,Grocery,0,423.01
2021-10-26,Store_C,Grocery,0,421.92
2021-10-27,Store_C,Grocery,0,511.84
2021-10-28,Store_C,Grocery,0,417.73
2021-10-29,Store_C,Grocery,1,598.68
2021-10-30,Store_C,Grocery,0,456.52
2021-10-31,Store_C,Grocery,0,404.62
2021-11-01,Store_C,Grocery,0,486.79
2021-11-02,Store_C,Grocery,0,469.18
2021-11-03,Store_C,Grocery,0,444.31
2021-11-04,Store_C,Grocery,0,432.87
2021-11-05,Store_C,Grocery,0,450.11
2021-11-06,Store_C,Grocery,0,414.38
2021-11-07,Store_C,Grocery,0,433.07
2021-11-08,Store_C,Grocery,0,442.2
2021-11-09,Store_C,Grocery,0,476.28
2021-11-10,Store_C,Grocery,0,408.91
2021-11-11,Store_C,Grocery,0,451.2
2021-11-12,Store_C,Grocery,0,527.82
2021-11-13,Store_C,Grocery,0,524.33
2021-11-14,Store_C,Grocery,1,484.05
2021-11-15,Store_C,Grocery,0,464.2
2021-11-16,Store_C,Grocery,0,525.33
2021-11-17,Store_C,Grocery,0,510.84
2021-11-18,Store_C,Grocery,0,500.87
2021-11-19,Store_C,Grocery,0,472.88
2021-11-20,Store_C,Grocery,0,400.2
2021-11-21,Store_C,Grocery,0,469.11
2021-11-22,Store_C,Grocery,0,487.1
2021-11-23,Store_C,Grocery,1,623.68
2021-11-24,Store_C,Grocery,0,544.12
2021-11-25,Store_C,Grocery,0,476.28
2021-11-26,Store_C,Grocery,0,487.73
2021-11-27,Store_C,Grocery,0,454.28
2021-11-28,Store_C,Grocery,1,487.24
2021-11-29,Store_C,Grocery,0,483.18
2021-11-30,Store_C,Grocery,1,601.37
2021-12-01,Store_C,Grocery,0,571.3
2021-12-02,Store_C,Grocery,0,536.01
2021-12-03,Store_C,Grocery,0,556.73
2021-12-04,Store_C,Grocery,0,521.75
2021-12-05,Store_C,Grocery,0,413.24
2021-12-06,Store_C,Grocery,0,460.46
2021-12-07,Store_C,Grocery,0,496.74
2021-12-08,Store_C,Grocery,0,496.9
2021-12-09,Store_C,Grocery,0,499.7
2021-12-10,Store_C,Grocery,0,570.74
2021-12-11,Store_C,Grocery,0,504.56
2021-12-12,Store_C,Grocery,0,419.39
2021-12-13,Store_C,Grocery,0,479.39
2021-12-14,Store_C,Grocery,0,532.17
2021-12-15,Store_C,Grocery,0,716.85
2021-12-16,Store_C,Grocery,0,702.23
2021-12-17,Store_C,Grocery,0,828.01
2021-12-18,Store_C,Grocery,0,667.82
2021-12-19,Store_C,Grocery,0,580.18
2021-12-20,Store_C,Grocery,0,689.8
2021-12-21,Store_C,Grocery,0,741.13
2021-12-22,Store_C,Grocery,0,734.16
2021-12-23,Store_C,Grocery,0,680.85
2021-12-24,Store_C,Grocery,0,794.1
2021-12-25,Store_C,Grocery,0,719.26
2021-12-26,Store_C,Grocery,0,655.49
2021-12-27,Store_C,Grocery,0,719.22
2021-12-28,Store_C,Grocery,0,727.35
2021-12-29,Store_C,Grocery,0,735.13
2021-12-30,Store_C,Grocery,0,765.49
2021-12-31,Store_C,Grocery,0,697.33
2022-01-01,Store_C,Grocery,0,539.06
2022-01-02,Store_C,Grocery,0,468.67
2022-01-03,Store_C,Grocery,0,488.14
2022-01-04,Store_C,Grocery,0,538.04
2022-01-05,Store_C,Grocery,0,598.63
2022-01-06,Store_C,Grocery,0,499.52
2022-01-07,Store_C,Grocery,0,583.7
2022-01-08,Store_C,Grocery,0,531.55
2022-01-09,Store_C,Grocery,0,484.6
2022-01-10,Store_C,Grocery,0,518.32
2022-01-11,Store_C,Grocery,0,479.34
2022-01-12,Store_C,Grocery,1,633.19
2022-01-13,Store_C,Grocery,0,505.77
2022-01-14,Store_C,Grocery,0,530.23
2022-01-15,Store_C,Grocery,0,514.79
2022-01-16,Store_C,Grocery,0,470.32
2022-01-17,Store_C,Grocery,0,536.93
2022-01-18,Store_C,Grocery,0,506.67
2022-01-19,Store_C,Grocery,0,558.22
2022-01-20,Store_C,Grocery,0,538.88
2022-01-21,Store_C,Grocery,0,599.53
2022-01-22,Store_C,Grocery,0,587.45
2022-01-23,Store_C,Grocery,0,459.98
2022-01-24,Store_C,Grocery,0,476.53
2022-01-25,Store_C,Grocery,0,559.24
2022-01-26,Store_C,Grocery,0,528.49
2022-01-27,Store_C,Grocery,0,538.19
2022-01-28,Store_C,Grocery,0,538.21
2022-01-29,Store_C,Grocery,0,464.84
2022-01-30,Store_C,Grocery,0,482.55
2022-01-31,Store_C,Grocery,0,484.3
2022-02-01,Store_C,Grocery,0,595.97
2022-02-02,Store_C,Grocery,0,556.75
2022-02-03,Store_C,Grocery,0,477.81
2022-02-04,Store_C,Grocery,0,591.99
2022-02-05,Store_C,Grocery,0,526.16
2022-02-06,Store_C,Grocery,0,483.16
2022-02-07,Store_C,Grocery,0,536.16
2022-02-08,Store_C,Grocery,1,650.35
2022-02-09,Store_C,Grocery,0,511.36
2022-02-10,Store_C,Grocery,0,530.34
2022-02-11,Store_C,Grocery,0,601.67
2022-02-12,Store_C,Grocery,0,525.93
2022-02-13,Store_C,Grocery,0,474.15
2022-02-14,Store_C,Grocery,0,474.67
2022-02-15,Store_C,Grocery,0,493.33
2022-02-16,Store_C,Grocery,0,544.87
2022-02-17,Store_C,Grocery,1,626.47
2022-02-18,Store_C,Grocery,0,589.91
2022-02-19,Store_C,Grocery,0,527.93
2022-02-20,Store_C,Grocery,0,489.51
2022-02-21,Store_C,Grocery,0,481.96
2022-02-22,Store_C,Grocery,0,492.6
2022-02-23,Store_C,Grocery,0,560.69
2022-02-24,Store_C,Grocery,1,668.22
2022-02-25,Store_C,Grocery,0,529.91
2022-02-26,Store_C,Grocery,0,539.74
2022-02-27,Store_C,Grocery,0,472.19
2022-02-28,Store_C,Grocery,1,547.17
2022-03-01,Store_C,Grocery,0,523.35
2022-03-02,Store_C,Grocery,0,562.35
2022-03-03,Store_C,Grocery,0,521.49
2022-03-04,Store_C,Grocery,0,565.19
2022-03-05,Store_C,Grocery,0,530.12
2022-03-06,Store_C,Grocery,0,441.11
2022-03-07,Store_C,Grocery,0,484.46
2022-03-08,Store_C,Grocery,0,558.36
2022-03-09,Store_C,Grocery,0,536.98
2022-03-10,Store_C,Grocery,1,584.29
2022-03-11,Store_C,Grocery,0,528.4
2022-03-12,Store_C,Grocery,0,518.76
2022-03-13,Store_C,Grocery,0,469.17
2022-03-14,Store_C,Grocery,0,427.96
2022-03-15,Store_C,Grocery,0,507.31
2022-03-16,Store_C,Grocery,0,554.22
2022-03-17,Store_C,Grocery,0,468.29
2022-03-18,Store_C,Grocery,0,500.08
2022-03-19,Store_C,Grocery,0,497.54
2022-03-20,Store_C,Grocery,0,377.86
2022-03-21,Store_C,Grocery,0,525.04
2022-03-22,Store_C,Grocery,0,519.49
2022-03-23,Store_C,Grocery,0,535.46
2022-03-24,Store_C,Grocery,0,523.53
2022-03-25,Store_C,Grocery,0,596.06
2022-03-26,Store_C,Grocery,0,485.18
2022-03-27,Store_C,Grocery,0,370.4
2022-03-28,Store_C,Grocery,0,467.82
2022-03-29,Store_C,Grocery,0,472.49
2022-03-30,Store_C,Grocery,0,469.35
2022-03-31,Store_C,Grocery,0,460.65
2022-04-01,Store_C,Grocery,1,608.4
2022-04-02,Store_C,Grocery,0,516.54
2022-04-03,Store_C,Grocery,0,467.7
2022-04-04,Store_C,Grocery,0,415.21
2022-04-05,Store_C,Grocery,1,577.77
2022-04-06,Store_C,Grocery,0,514.4
2022-04-07,Store_C,Grocery,0,489.46
2022-04-08,Store_C,Grocery,0,468.05
2022-04-09,Store_C,Grocery,0,498.15
2022-04-10,Store_C,Grocery,0,375.78
2022-04-11,Store_C,Grocery,0,406.97
2022-04-12,Store_C,Grocery,0,494.0
2022-04-13,Store_C,Grocery,0,524.77
2022-04-14,Store_C,Grocery,0,465.69
2022-04-15,Store_C,Grocery,0,491.41
2022-04-16,Store_C,Grocery,0,454.77
2022-04-17,Store_C,Grocery,0,390.45
2022-04-18,Store_C,Grocery,0,419.98
2022-04-19,Store_C,Grocery,0,484.42
2022-04-20,Store_C,Grocery,0,477.26
2022-04-21,Store_C,Grocery,0,521.05
2022-04-22,Store_C,Grocery,0,487.77
2022-04-23,Store_C,Grocery,0,439.72
2022-04-24,Store_C,Grocery,0,344.96
2022-04-25,Store_C,Grocery,0,387.72
2022-04-26,Store_C,Grocery,0,468.27
2022-04-27,Store_C,Grocery,0,446.86
2022-04-28,Store_C,Grocery,1,544.38
2022-04-29,Store_C,Grocery,0,507.33
2022-04-30,Store_C,Grocery,0,397.8
2022-05-01,Store_C,Grocery,0,361.64
2022-05-02,Store_C,Grocery,0,332.89
2022-05-03,Store_C,Grocery,0,397.93
2022-05-04,Store_C,Grocery,0,460.72
2022-05-05,Store_C,Grocery,0,379.82
2022-05-06,Store_C,Grocery,1,520.22
2022-05-07,Store_C,Grocery,0,479.89
2022-05-08,Store_C,Grocery,1,439.89
2022-05-09,Store_C,Grocery,0,364.62
2022-05-10,Store_C,Grocery,0,475.86
2022-05-11,Store_C,Grocery,0,412.17
2022-05-12,Store_C,Grocery,0,424.35
2022-05-13,Store_C,Grocery,0,456.75
2022-05-14,Store_C,Grocery,0,443.28
2022-05-15,Store_C,Grocery,0,310.32
2022-05-16,Store_C,Grocery,0,358.75
2022-05-17,Store_C,Grocery,0,404.64
2022-05-18,Store_C,Grocery,0,408.0
2022-05-19,Store_C,Grocery,0,429.16
2022-05-20,Store_C,Grocery,0,447.02
2022-05-21,Store_C,Grocery,0,422.55
2022-05-22,Store_C,Grocery,0,287.96
2022-05-23,Store_C,Grocery,0,382.16
2022-05-24,Store_C,Grocery,0,462.3
2022-05-25,Store_C,Grocery,0,494.07
2022-05-26,Store_C,Grocery,0,379.38
2022-05-27,Store_C,Grocery,0,454.62
2022-05-28,Store_C,Grocery,0,370.83
2022-05-29,Store_C,Grocery,0,280.03
2022-05-30,Store_C,Grocery,0,321.16
2022-05-31,Store_C,Grocery,0,448.19
2022-06-01,Store_C,Grocery,0,402.37
2022-06-02,Store_C,Grocery,1,470.89
2022-06-03,Store_C,Grocery,1,545.77
2022-06-04,Store_C,Grocery,1,452.25
2022-06-05,Store_C,Grocery,0,334.48
2022-06-06,Store_C,Grocery,0,351.6
2022-06-07,Store_C,Grocery,1,568.39
2022-06-08,Store_C,Grocery,0,393.64
2022-06-09,Store_C,Grocery,0,373.34
2022-06-10,Store_C,Grocery,0,363.86
2022-06-11,Store_C,Grocery,1,557.23
2022-06-12,Store_C,Grocery,0,300.3
2022-06-13,Store_C,Grocery,1,511.67
2022-06-14,Store_C,Grocery,1,440.56
2022-06-15,Store_C,Grocery,0,409.24
2022-06-16,Store_C,Grocery,0,439.06
2022-06-17,Store_C,Grocery,0,383.12
2022-06-18,Store_C,Grocery,1,484.94
2022-06-19,Store_C,Grocery,0,348.67
2022-06-20,Store_C,Grocery,0,334.23
2022-06-21,Store_C,Grocery,0,338.2
2022-06-22,Store_C,Grocery,0,378.7
2022-06-23,Store_C,Grocery,0,374.92
2022-06-24,Store_C,Grocery,0,406.69
2022-06-25,Store_C,Grocery,0,391.19
2022-06-26,Store_C,Grocery,0,273.18
2022-06-27,Store_C,Grocery,1,508.64
2022-06-28,Store_C,Grocery,0,354.19
2022-06-29,Store_C,Grocery,0,392.23
2022-06-30,Store_C,Grocery,0,371.55
2022-07-01,Store_C,Grocery,1,504.63
2022-07-02,Store_C,Grocery,0,329.14
2022-07-03,Store_C,Grocery,0,340.28
2022-07-04,Store_C,Grocery,0,319.12
2022-07-05,Store_C,Grocery,0,390.02
2022-07-06,Store_C,Grocery,0,392.51
2022-07-07,Store_C,Grocery,0,363.83
2022-07-08,Store_C,Grocery,0,340.72
2022-07-09,Store_C,Grocery,0,341.8
2022-07-10,Store_C,Grocery,0,306.5
2022-07-11,Store_C,Grocery,0,285.83
2022-07-12,Store_C,Grocery,0,366.85
2022-07-13,Store_C,Grocery,0,387.28
2022-07-14,Store_C,Grocery,0,376.1
2022-07-15,Store_C,Grocery,0,390.92
2022-07-16,Store_C,Grocery,0,353.7
2022-07-17,Store_C,Grocery,0,299.7
2022-07-18,Store_C,Grocery,1,428.19
2022-07-19,Store_C,Grocery,0,344.79
2022-07-20,Store_C,Grocery,0,366.81
2022-07-21,Store_C,Grocery,1,471.45
2022-07-22,Store_C,Grocery,0,381.67
2022-07-23,Store_C,Grocery,0,443.84
2022-07-24,Store_C,Grocery,0,254.79
2022-07-25,Store_C,Grocery,0,343.97
2022-07-26,Store_C,Grocery,0,389.93
2022-07-27,Store_C,Grocery,0,385.16
2022-07-28,Store_C,Grocery,0,345.05
2022-07-29,Store_C,Grocery,0,387.53
2022-07-30,Store_C,Grocery,0,359.82
2022-07-31,Store_C,Grocery,0,344.08
2022-08-01,Store_C,Grocery,0,276.44
2022-08-02,Store_C,Grocery,0,345.68
2022-08-03,Store_C,Grocery,0,392.99
2022-08-04,Store_C,Grocery,0,391.19
2022-08-05,Store_C,Grocery,0,363.32
2022-08-06,Store_C,Grocery,0,327.72
2022-08-07,Store_C,Grocery,0,290.37
2022-08-08,Store_C,Grocery,0,307.52
2022-08-09,Store_C,Grocery,0,372.83
2022-08-10,Store_C,Grocery,0,359.76
2022-08-11,Store_C,Grocery,0,381.35
2022-08-12,Store_C,Grocery,1,470.41
2022-08-13,Store_C,Grocery,0,313.69
2022-08-14,Store_C,Grocery,0,319.98
2022-08-15,Store_C,Grocery,0,339.89
2022-08-16,Store_C,Grocery,0,367.7
2022-08-17,Store_C,Grocery,0,379.29
2022-08-18,Store_C,Grocery,1,472.06
2022-08-19,Store_C,Grocery,0,363.4
2022-08-20,Store_C,Grocery,0,326.83
2022-08-21,Store_C,Grocery,0,276.3
2022-08-22,Store_C,Grocery,0,334.97
2022-08-23,Store_C,Grocery,0,356.86
2022-08-24,Store_C,Grocery,0,448.61
2022-08-25,Store_C,Grocery,0,342.86
2022-08-26,Store_C,Grocery,0,405.03
2022-08-27,Store_C,Grocery,0,391.5
2022-08-28,Store_C,Grocery,0,348.3
2022-08-29,Store_C,Grocery,0,408.46
2022-08-30,Store_C,Grocery,1,568.71
2022-08-31,Store_C,Grocery,0,440.77
2022-09-01,Store_C,Grocery,0,407.86
2022-09-02,Store_C,Grocery,0,377.83
2022-09-03,Store_C,Grocery,0,400.44
2022-09-04,Store_C,Grocery,0,308.39
2022-09-05,Store_C,Grocery,0,350.47
2022-09-06,Store_C,Grocery,0,386.91
2022-09-07,Store_C,Grocery,0,377.94
2022-09-08,Store_C,Grocery,0,366.11
2022-09-09,Store_C,Grocery,0,389.73
2022-09-10,Store_C,Grocery,0,334.52
2022-09-11,Store_C,Grocery,0,369.09
2022-09-12,Store_C,Grocery,0,367.25
2022-09-13,Store_C,Grocery,0,410.45
2022-09-14,Store_C,Grocery,0,417.5
2022-09-15,Store_C,Grocery,0,427.03
2022-09-16,Store_C,Grocery,0,432.0
2022-09-17,Store_C,Grocery,0,445.91
2022-09-18,Store_C,Grocery,0,353.98
2022-09-19,Store_C,Grocery,0,352.16
2022-09-20,Store_C,Grocery,0,457.39
2022-09-21,Store_C,Grocery,0,439.63
2022-09-22,Store_C,Grocery,0,399.33
2022-09-23,Store_C,Grocery,0,466.44
2022-09-24,Store_C,Grocery,0,410.92
2022-09-25,Store_C,Grocery,0,366.62
2022-09-26,Store_C,Grocery,0,347.55
2022-09-27,Store_C,Grocery,0,429.3
2022-09-28,Store_C,Grocery,0,417.55
2022-09-29,Store_C,Grocery,0,482.91
2022-09-30,Store_C,Grocery,0,489.72
2022-10-01,Store_C,Grocery,0,426.95
2022-10-02,Store_C,Grocery,0,393.11
2022-10-03,Store_C,Grocery,0,374.85
2022-10-04,Store_C,Grocery,0,423.47
2022-10-05,Store_C,Grocery,0,387.3
2022-10-06,Store_C,Grocery,0,444.45
2022-10-07,Store_C,Grocery,0,392.24
2022-10-08,Store_C,Grocery,0,413.13
2022-10-09,Store_C,Grocery,0,325.63
2022-10-10,Store_C,Grocery,0,439.85
2022-10-11,Store_C,Grocery,0,515.15
2022-10-12,Store_C,Grocery,0,487.34
2022-10-13,Store_C,Grocery,0,454.48
2022-10-14,Store_C,Grocery,0,475.59
2022-10-15,Store_C,Grocery,0,446.17
2022-10-16,Store_C,Grocery,0,349.09
2022-10-17,Store_C,Grocery,0,369.06
2022-10-18,Store_C,Grocery,0,463.63
2022-10-19,Store_C,Grocery,1,586.61
2022-10-20,Store_C,Grocery,0,455.87
2022-10-21,Store_C,Grocery,0,495.04
2022-10-22,Store_C,Grocery,0,477.09
2022-10-23,Store_C,Grocery,0,388.93
2022-10-24,Store_C,Grocery,0,399.64
2022-10-25,Store_C,Grocery,0,485.53
2022-10-26,Store_C,Grocery,0,504.7
2022-10-27,Store_C,Grocery,0,446.97
2022-10-28,Store_C,Grocery,0,512.76
2022-10-29,Store_C,Grocery,0,468.24
2022-10-30,Store_C,Grocery,0,364.25
2022-10-31,Store_C,Grocery,0,519.88
2022-11-01,Store_C,Grocery,0,471.46
2022-11-02,Store_C,Grocery,0,462.5
2022-11-03,Store_C,Grocery,0,445.62
2022-11-04,Store_C,Grocery,0,429.56
2022-11-05,Store_C,Grocery,0,466.9
2022-11-06,Store_C,Grocery,0,453.81
2022-11-07,Store_C,Grocery,0,457.82
2022-11-08,Store_C,Grocery,0,468.6
2022-11-09,Store_C,Grocery,0,503.65
2022-11-10,Store_C,Grocery,0,416.18
2022-11-11,Store_C,Grocery,0,511.72
2022-11-12,Store_C,Grocery,0,475.98
2022-11-13,Store_C,Grocery,0,450.54
2022-11-14,Store_C,Grocery,0,473.14
2022-11-15,Store_C,Grocery,0,473.78
2022-11-16,Store_C,Grocery,0,545.33
2022-11-17,Store_C,Grocery,0,529.99
2022-11-18,Store_C,Grocery,0,535.51
2022-11-19,Store_C,Grocery,1,593.42
2022-11-20,Store_C,Grocery,0,413.12
2022-11-21,Store_C,Grocery,1,629.11
2022-11-22,Store_C,Grocery,1,627.76
2022-11-23,Store_C,Grocery,0,528.64
2022-11-24,Store_C,Grocery,0,462.01
2022-11-25,Store_C,Grocery,1,609.57
2022-11-26,Store_C,Grocery,0,461.37
2022-11-27,Store_C,Grocery,0,432.05
2022-11-28,Store_C,Grocery,0,464.04
2022-11-29,Store_C,Grocery,0,528.16
2022-11-30,Store_C,Grocery,0,571.07
2022-12-01,Store_C,Grocery,0,529.99
2022-12-02,Store_C,Grocery,0,570.74
2022-12-03,Store_C,Grocery,0,550.5
2022-12-04,Store_C,Grocery,0,423.36
2022-12-05,Store_C,Grocery,0,477.6
2022-12-06,Store_C,Grocery,1,619.12
2022-12-07,Store_C,Grocery,0,567.12
2022-12-08,Store_C,Grocery,0,478.64
2022-12-09,Store_C,Grocery,1,700.87
2022-12-10,Store_C,Grocery,0,509.43
2022-12-11,Store_C,Grocery,0,420.68
2022-12-12,Store_C,Grocery,0,485.54
2022-12-13,Store_C,Grocery,0,529.27
2022-12-14,Store_C,Grocery,0,544.66
2022-12-15,Store_C,Grocery,0,713.93
2022-12-16,Store_C,Grocery,1,891.57
2022-12-17,Store_C,Grocery,1,839.65
2022-12-18,Store_C,Grocery,0,622.29
2022-12-19,Store_C,Grocery,0,688.78
2022-12-20,Store_C,Grocery,0,723.59
2022-12-21,Store_C,Grocery,0,754.14
2022-12-22,Store_C,Grocery,0,722.26
2022-12-23,Store_C,Grocery,0,816.6
2022-12-24,Store_C,Grocery,0,759.96
2022-12-25,Store_C,Grocery,0,682.95
2022-12-26,Store_C,Grocery,0,641.14
2022-12-27,Store_C,Grocery,0,774.14
2022-12-28,Store_C,Grocery,0,702.12
2022-12-29,Store_C,Grocery,0,715.19
2022-12-30,Store_C,Grocery,0,752.55
2022-12-31,Store_C,Grocery,0,769.93
2023-01-01,Store_C,Grocery,0,442.77
2023-01-02,Store_C,Grocery,0,509.22
2023-01-03,Store_C,Grocery,0,513.94
2023-01-04,Store_C,Grocery,0,583.12
2023-01-05,Store_C,Grocery,0,524.63
2023-01-06,Store_C,Grocery,0,577.89
2023-01-07,Store_C,Grocery,0,462.97
2023-01-08,Store_C,Grocery,0,442.85
2023-01-09,Store_C,Grocery,0,524.68
2023-01-10,Store_C,Grocery,0,580.33
2023-01-11,Store_C,Grocery,0,617.06
2023-01-12,Store_C,Grocery,0,583.54
2023-01-13,Store_C,Grocery,0,556.01
2023-01-14,Store_C,Grocery,0,551.99
2023-01-15,Store_C,Grocery,0,504.17
2023-01-16,Store_C,Grocery,0,530.19
2023-01-17,Store_C,Grocery,0,550.39
2023-01-18,Store_C,Grocery,1,681.55
2023-01-19,Store_C,Grocery,0,587.81
2023-01-20,Store_C,Grocery,0,575.13
2023-01-21,Store_C,Grocery,0,565.19
2023-01-22,Store_C,Grocery,0,488.64
2023-01-23,Store_C,Grocery,0,500.28
2023-01-24,Store_C,Grocery,0,595.26
2023-01-25,Store_C,Grocery,1,675.37
2023-01-26,Store_C,Grocery,0,532.3
2023-01-27,Store_C,Grocery,0,584.16
2023-01-28,Store_C,Grocery,0,585.66
2023-01-29,Store_C,Grocery,0,485.72
2023-01-30,Store_C,Grocery,0,525.61
2023-01-31,Store_C,Grocery,0,576.67
2023-02-01,Store_C,Grocery,0,594.14
2023-02-02,Store_C,Grocery,0,534.34
2023-02-03,Store_C,Grocery,1,674.77
2023-02-04,Store_C,Grocery,0,536.18
2023-02-05,Store_C,Grocery,0,493.66
2023-02-06,Store_C,Grocery,0,518.08
2023-02-07,Store_C,Grocery,0,506.79
2023-02-08,Store_C,Grocery,0,569.57
2023-02-09,Store_C,Grocery,0,542.04
2023-02-10,Store_C,Grocery,0,533.54
2023-02-11,Store_C,Grocery,0,564.07
2023-02-12,Store_C,Grocery,0,466.15
2023-02-13,Store_C,Grocery,0,515.22
2023-02-14,Store_C,Grocery,0,540.91
2023-02-15,Store_C,Grocery,0,533.5
2023-02-16,Store_C,Grocery,0,541.54
2023-02-17,Store_C,Grocery,0,581.79
2023-02-18,Store_C,Grocery,0,618.51
2023-02-19,Store_C,Grocery,0,453.86
2023-02-20,Store_C,Grocery,0,536.63
2023-02-21,Store_C,Grocery,0,541.12
2023-02-22,Store_C,Grocery,0,588.83
2023-02-23,Store_C,Grocery,0,549.66
2023-02-24,Store_C,Grocery,1,650.61
2023-02-25,Store_C,Grocery,0,500.5
2023-02-26,Store_C,Grocery,0,422.63
2023-02-27,Store_C,Grocery,0,537.42
2023-02-28,Store_C,Grocery,0,518.37
2023-03-01,Store_C,Grocery,0,506.69
2023-03-02,Store_C,Grocery,0,556.47
2023-03-03,Store_C,Grocery,0,558.47
2023-03-04,Store_C,Grocery,0,520.3
2023-03-05,Store_C,Grocery,0,482.22
2023-03-06,Store_C,Grocery,0,489.09
2023-03-07,Store_C,Grocery,0,558.27
2023-03-08,Store_C,Grocery,0,530.6
2023-03-09,Store_C,Grocery,0,561.72
2023-03-10,Store_C,Grocery,1,632.6
2023-03-11,Store_C,Grocery,0,541.08
2023-03-12,Store_C,Grocery,0,488.21
2023-03-13,Store_C,Grocery,0,401.41
2023-03-14,Store_C,Grocery,0,547.66
2023-03-15,Store_C,Grocery,0,518.67
2023-03-16,Store_C,Grocery,0,533.04
2023-03-17,Store_C,Grocery,0,549.84
2023-03-18,Store_C,Grocery,1,632.39
2023-03-19,Store_C,Grocery,0,442.21
2023-03-20,Store_C,Grocery,0,521.57
2023-03-21,Store_C,Grocery,0,480.17
2023-03-22,Store_C,Grocery,0,565.74
2023-03-23,Store_C,Grocery,0,431.06
2023-03-24,Store_C,Grocery,0,516.58
2023-03-25,Store_C,Grocery,0,446.11
2023-03-26,Store_C,Grocery,0,436.62
2023-03-27,Store_C,Grocery,0,453.67
2023-03-28,Store_C,Grocery,0,527.39
2023-03-29,Store_C,Grocery,1,643.2
2023-03-30,Store_C,Grocery,0,487.89
2023-03-31,Store_C,Grocery,0,539.52
2023-04-01,Store_C,Grocery,0,503.73
2023-04-02,Store_C,Grocery,0,426.32
2023-04-03,Store_C,Grocery,0,458.67
2023-04-04,Store_C,Grocery,0,419.34
2023-04-05,Store_C,Grocery,0,497.04
2023-04-06,Store_C,Grocery,1,643.9
2023-04-07,Store_C,Grocery,0,513.7
2023-04-08,Store_C,Grocery,0,495.08
2023-04-09,Store_C,Grocery,1,539.52
2023-04-10,Store_C,Grocery,0,445.84
2023-04-11,Store_C,Grocery,0,506.25
2023-04-12,Store_C,Grocery,0,555.48
2023-04-13,Store_C,Grocery,0,450.01
2023-04-14,Store_C,Grocery,0,557.2
2023-04-15,Store_C,Grocery,0,496.88
2023-04-16,Store_C,Grocery,0,387.0
2023-04-17,Store_C,Grocery,0,419.66
2023-04-18,Store_C,Grocery,0,536.13
2023-04-19,Store_C,Grocery,0,522.94
2023-04-20,Store_C,Grocery,0,457.82
2023-04-21,Store_C,Grocery,0,479.0
2023-04-22,Store_C,Grocery,1,549.95
2023-04-23,Store_C,Grocery,0,388.53
2023-04-24,Store_C,Grocery,0,430.5
2023-04-25,Store_C,Grocery,0,477.68
2023-04-26,Store_C,Grocery,0,452.23
2023-04-27,Store_C,Grocery,0,432.32
2023-04-28,Store_C,Grocery,0,475.46
2023-04-29,Store_C,Grocery,0,519.92
2023-04-30,Store_C,Grocery,0,392.12
2023-05-01,Store_C,Grocery,0,383.13
2023-05-02,Store_C,Grocery,0,424.95
2023-05-03,Store_C,Grocery,0,443.01
2023-05-04,Store_C,Grocery,0,493.25
2023-05-05,Store_C,Grocery,0,510.18
2023-05-06,Store_C,Grocery,0,431.28
2023-05-07,Store_C,Grocery,0,388.72
2023-05-08,Store_C,Grocery,0,424.1
2023-05-09,Store_C,Grocery,0,451.67
2023-05-10,Store_C,Grocery,1,540.0
2023-05-11,Store_C,Grocery,1,483.02
2023-05-12,Store_C,Grocery,0,489.35
2023-05-13,Store_C,Grocery,0,444.87
2023-05-14,Store_C,Grocery,0,339.33
2023-05-15,Store_C,Grocery,0,438.59
2023-05-16,Store_C,Grocery,0,492.36
2023-05-17,Store_C,Grocery,0,457.5
2023-05-18,Store_C,Grocery,0,419.59
2023-05-19,Store_C,Grocery,0,407.33
2023-05-20,Store_C,Grocery,0,417.18
2023-05-21,Store_C,Grocery,0,321.9
2023-05-22,Store_C,Grocery,0,388.86
2023-05-23,Store_C,Grocery,0,464.38
2023-05-24,Store_C,Grocery,0,460.49
2023-05-25,Store_C,Grocery,0,490.57
2023-05-26,Store_C,Grocery,0,480.18
2023-05-27,Store_C,Grocery,0,405.44
2023-05-28,Store_C,Grocery,0,306.16
2023-05-29,Store_C,Grocery,0,374.39
2023-05-30,Store_C,Grocery,0,430.55
2023-05-31,Store_C,Grocery,1,574.81
2023-06-01,Store_C,Grocery,1,532.66
2023-06-02,Store_C,Grocery,1,489.3
2023-06-03,Store_C,Grocery,0,411.48
2023-06-04,Store_C,Grocery,0,367.97
2023-06-05,Store_C,Grocery,0,416.84
2023-06-06,Store_C,Grocery,0,449.75
2023-06-07,Store_C,Grocery,0,403.26
2023-06-08,Store_C,Grocery,0,375.51
2023-06-09,Store_C,Grocery,0,483.29
2023-06-10,Store_C,Grocery,0,383.95
2023-06-11,Store_C,Grocery,0,378.69
2023-06-12,Store_C,Grocery,0,340.84
2023-06-13,Store_C,Grocery,0,403.95
2023-06-14,Store_C,Grocery,0,356.66
2023-06-15,Store_C,Grocery,0,381.83
2023-06-16,Store_C,Grocery,0,395.03
2023-06-17,Store_C,Grocery,0,410.78
2023-06-18,Store_C,Grocery,0,341.68
2023-06-19,Store_C,Grocery,0,375.36
2023-06-20,Store_C,Grocery,0,378.21
2023-06-21,Store_C,Grocery,0,448.31
2023-06-22,Store_C,Grocery,1,487.3
2023-06-23,Store_C,Grocery,0,436.76
2023-06-24,Store_C,Grocery,0,420.16
2023-06-25,Store_C,Grocery,0,321.35
2023-06-26,Store_C,Grocery,0,315.77
2023-06-27,Store_C,Grocery,0,404.91
2023-06-28,Store_C,Grocery,0,400.32
2023-06-29,Store_C,Grocery,0,350.99
2023-06-30,Store_C,Grocery,0,455.45
2023-07-01,Store_C,Grocery,0,371.82
2023-07-02,Store_C,Grocery,0,330.05
2023-07-03,Store_C,Grocery,0,305.21
2023-07-04,Store_C,Grocery,0,417.96
2023-07-05,Store_C,Grocery,0,410.62
2023-07-06,Store_C,Grocery,0,361.34
2023-07-07,Store_C,Grocery,0,362.46
2023-07-08,Store_C,Grocery,0,390.84
2023-07-09,Store_C,Grocery,0,300.59
2023-07-10,Store_C,Grocery,0,405.31
2023-07-11,Store_C,Grocery,0,369.99
2023-07-12,Store_C,Grocery,0,340.22
2023-07-13,Store_C,Grocery,0,337.14
2023-07-14,Store_C,Grocery,0,438.72
2023-07-15,Store_C,Grocery,0,402.1
2023-07-16,Store_C,Grocery,0,353.22
2023-07-17,Store_C,Grocery,0,342.96
2023-07-18,Store_C,Grocery,0,410.61
2023-07-19,Store_C,Grocery,0,405.46
2023-07-20,Store_C,Grocery,0,352.5
2023-07-21,Store_C,Grocery,0,404.38
2023-07-22,Store_C,Grocery,0,364.28
2023-07-23,Store_C,Grocery,0,350.65
2023-07-24,Store_C,Grocery,0,329.77
2023-07-25,Store_C,Grocery,0,437.38
2023-07-26,Store_C,Grocery,0,378.8
2023-07-27,Store_C,Grocery,0,359.93
2023-07-28,Store_C,Grocery,0,406.38
2023-07-29,Store_C,Grocery,0,354.58
2023-07-30,Store_C,Grocery,0,310.4
2023-07-31,Store_C,Grocery,0,355.41
2023-08-01,Store_C,Grocery,0,431.38
2023-08-02,Store_C,Grocery,0,340.26
2023-08-03,Store_C,Grocery,0,352.7
2023-08-04,Store_C,Grocery,0,459.2
2023-08-05,Store_C,Grocery,0,366.4
2023-08-06,Store_C,Grocery,0,298.83
2023-08-07,Store_C,Grocery,1,433.82
2023-08-08,Store_C,Grocery,0,413.69
2023-08-09,Store_C,Grocery,0,357.3
2023-08-10,Store_C,Grocery,0,386.96
2023-08-11,Store_C,Grocery,0,467.95
2023-08-12,Store_C,Grocery,0,328.85
2023-08-13,Store_C,Grocery,0,335.38
2023-08-14,Store_C,Grocery,0,319.23
2023-08-15,Store_C,Grocery,0,409.86
2023-08-16,Store_C,Grocery,0,417.78
2023-08-17,Store_C,Grocery,0,403.46
2023-08-18,Store_C,Grocery,0,397.82
2023-08-19,Store_C,Grocery,1,475.91
2023-08-20,Store_C,Grocery,0,343.33
2023-08-21,Store_C,Grocery,0,344.36
2023-08-22,Store_C,Grocery,0,430.15
2023-08-23,Store_C,Grocery,0,345.22
2023-08-24,Store_C,Grocery,0,393.71
2023-08-25,Store_C,Grocery,0,445.22
2023-08-26,Store_C,Grocery,0,386.33
2023-08-27,Store_C,Grocery,0,367.4
2023-08-28,Store_C,Grocery,0,351.69
2023-08-29,Store_C,Grocery,0,415.12
2023-08-30,Store_C,Grocery,0,450.84
2023-08-31,Store_C,Grocery,0,358.61
2023-09-01,Store_C,Grocery,1,564.61
2023-09-02,Store_C,Grocery,0,409.5
2023-09-03,Store_C,Grocery,0,308.61
2023-09-04,Store_C,Grocery,0,372.83
2023-09-05,Store_C,Grocery,0,389.67
2023-09-06,Store_C,Grocery,0,444.97
2023-09-07,Store_C,Grocery,0,391.45
2023-09-08,Store_C,Grocery,0,421.74
2023-09-09,Store_C,Grocery,0,426.09
2023-09-10,Store_C,Grocery,0,333.56
2023-09-11,Store_C,Grocery,0,382.48
2023-09-12,Store_C,Grocery,0,339.7
2023-09-13,Store_C,Grocery,0,433.45
2023-09-14,Store_C,Grocery,0,346.65
2023-09-15,Store_C,Grocery,0,400.51
2023-09-16,Store_C,Grocery,0,395.52
2023-09-17,Store_C,Grocery,0,330.9
2023-09-18,Store_C,Grocery,0,326.91
2023-09-19,Store_C,Grocery,0,433.4
2023-09-20,Store_C,Grocery,0,440.12
2023-09-21,Store_C,Grocery,0,421.52
2023-09-22,Store_C,Grocery,0,441.66
2023-09-23,Store_C,Grocery,0,471.88
2023-09-24,Store_C,Grocery,0,373.77
2023-09-25,Store_C,Grocery,0,452.18
2023-09-26,Store_C,Grocery,0,408.99
2023-09-27,Store_C,Grocery,0,443.2
2023-09-28,Store_C,Grocery,0,410.02
2023-09-29,Store_C,Grocery,0,413.75
2023-09-30,Store_C,Grocery,0,429.48
2023-10-01,Store_C,Grocery,0,303.17
2023-10-02,Store_C,Grocery,1,532.78
2023-10-03,Store_C,Grocery,0,490.6
2023-10-04,Store_C,Grocery,1,561.12
2023-10-05,Store_C,Grocery,0,441.71
2023-10-06,Store_C,Grocery,0,510.32
2023-10-07,Store_C,Grocery,0,417.2
2023-10-08,Store_C,Grocery,0,331.05
2023-10-09,Store_C,Grocery,0,355.42
2023-10-10,Store_C,Grocery,0,438.21
2023-10-11,Store_C,Grocery,0,454.49
2023-10-12,Store_C,Grocery,0,469.28
2023-10-13,Store_C,Grocery,0,442.83
2023-10-14,Store_C,Grocery,0,407.35
2023-10-15,Store_C,Grocery,1,520.56
2023-10-16,Store_C,Grocery,0,413.63
2023-10-17,Store_C,Grocery,0,478.9
2023-10-18,Store_C,Grocery,0,508.99
2023-10-19,Store_C,Grocery,0,541.97
2023-10-20,Store_C,Grocery,0,505.76
2023-10-21,Store_C,Grocery,0,445.81
2023-10-22,Store_C,Grocery,0,427.09
2023-10-23,Store_C,Grocery,1,517.57
2023-10-24,Store_C,Grocery,0,523.63
2023-10-25,Store_C,Grocery,0,473.66
2023-10-26,Store_C,Grocery,0,435.7
2023-10-27,Store_C,Grocery,0,505.82
2023-10-28,Store_C,Grocery,0,489.47
2023-10-29,Store_C,Grocery,0,378.49
2023-10-30,Store_C,Grocery,0,435.24
2023-10-31,Store_C,Grocery,0,511.21
2023-11-01,Store_C,Grocery,0,513.82
2023-11-02,Store_C,Grocery,0,494.41
2023-11-03,Store_C,Grocery,0,555.04
2023-11-04,Store_C,Grocery,0,498.54
2023-11-05,Store_C,Grocery,1,575.76
2023-11-06,Store_C,Grocery,0,493.58
2023-11-07,Store_C,Grocery,1,593.16
2023-11-08,Store_C,Grocery,0,559.79
2023-11-09,Store_C,Grocery,0,500.21
2023-11-10,Store_C,Grocery,0,561.72
2023-11-11,Store_C,Grocery,1,617.74
2023-11-12,Store_C,Grocery,0,491.74
2023-11-13,Store_C,Grocery,0,441.32
2023-11-14,Store_C,Grocery,0,510.98
2023-11-15,Store_C,Grocery,0,549.05
2023-11-16,Store_C,Grocery,0,507.19
2023-11-17,Store_C,Grocery,0,508.11
2023-11-18,Store_C,Grocery,0,564.44
2023-11-19,Store_C,Grocery,0,441.34
2023-11-20,Store_C,Grocery,0,517.48
2023-11-21,Store_C,Grocery,0,544.98
2023-11-22,Store_C,Grocery,0,564.7
2023-11-23,Store_C,Grocery,0,476.41
2023-11-24,Store_C,Grocery,0,545.73
2023-11-25,Store_C,Grocery,0,546.3
2023-11-26,Store_C,Grocery,0,484.85
2023-11-27,Store_C,Grocery,0,523.64
2023-11-28,Store_C,Grocery,0,514.71
2023-11-29,Store_C,Grocery,0,497.77
2023-11-30,Store_C,Grocery,0,482.13
2023-12-01,Store_C,Grocery,1,660.51
2023-12-02,Store_C,Grocery,0,532.75
2023-12-03,Store_C,Grocery,0,462.76
2023-12-04,Store_C,Grocery,0,468.92
2023-12-05,Store_C,Grocery,0,529.19
2023-12-06,Store_C,Grocery,0,611.15
2023-12-07,Store_C,Grocery,0,542.21
2023-12-08,Store_C,Grocery,0,562.67
2023-12-09,Store_C,Grocery,0,590.27
2023-12-10,Store_C,Grocery,0,532.14
2023-12-11,Store_C,Grocery,0,498.35
2023-12-12,Store_C,Grocery,0,566.05
2023-12-13,Store_C,Grocery,0,519.22
2023-12-14,Store_C,Grocery,0,484.62
2023-12-15,Store_C,Grocery,0,759.84
2023-12-16,Store_C,Grocery,0,702.55
2023-12-17,Store_C,Grocery,0,655.74
2023-12-18,Store_C,Grocery,0,723.03
2023-12-19,Store_C,Grocery,0,800.44
2023-12-20,Store_C,Grocery,0,779.71
2023-12-21,Store_C,Grocery,0,725.88
2023-12-22,Store_C,Grocery,0,837.12
2023-12-23,Store_C,Grocery,0,748.66
2023-12-24,Store_C,Grocery,1,814.55
2023-12-25,Store_C,Grocery,0,755.04
2023-12-26,Store_C,Grocery,0,759.55
2023-12-27,Store_C,Grocery,0,697.51
2023-12-28,Store_C,Grocery,0,692.28
2023-12-29,Store_C,Grocery,0,757.81
2023-12-30,Store_C,Grocery,0,731.73
2023-12-31,Store_C,Grocery,0,682.72
2024-01-01,Store_C,Grocery,0,522.07
2024-01-02,Store_C,Grocery,0,484.9
2024-01-03,Store_C,Grocery,0,575.55
2024-01-04,Store_C,Grocery,1,659.29
2024-01-05,Store_C,Grocery,0,594.46
2024-01-06,Store_C,Grocery,1,612.1
2024-01-07,Store_C,Grocery,0,498.72
2024-01-08,Store_C,Grocery,0,555.82
2024-01-09,Store_C,Grocery,1,742.98
2024-01-10,Store_C,Grocery,0,590.06
2024-01-11,Store_C,Grocery,0,586.65
2024-01-12,Store_C,Grocery,0,609.5
2024-01-13,Store_C,Grocery,1,754.61
2024-01-14,Store_C,Grocery,0,470.51
2024-01-15,Store_C,Grocery,1,646.84
2024-01-16,Store_C,Grocery,1,729.84
2024-01-17,Store_C,Grocery,0,634.01
2024-01-18,Store_C,Grocery,0,605.97
2024-01-19,Store_C,Grocery,1,788.67
2024-01-20,Store_C,Grocery,0,585.56
2024-01-21,Store_C,Grocery,0,482.84
2024-01-22,Store_C,Grocery,0,559.17
2024-01-23,Store_C,Grocery,0,548.6
2024-01-24,Store_C,Grocery,0,603.86
2024-01-25,Store_C,Grocery,0,528.77
2024-01-26,Store_C,Grocery,0,570.86
2024-01-27,Store_C,Grocery,0,508.87
2024-01-28,Store_C,Grocery,0,509.67
2024-01-29,Store_C,Grocery,0,581.24
2024-01-30,Store_C,Grocery,0,581.8
2024-01-31,Store_C,Grocery,0,587.39
2024-02-01,Store_C,Grocery,0,539.29
2024-02-02,Store_C,Grocery,0,623.66
2024-02-03,Store_C,Grocery,1,705.18
2024-02-04,Store_C,Grocery,0,449.42
2024-02-05,Store_C,Grocery,0,542.45
2024-02-06,Store_C,Grocery,0,606.25
2024-02-07,Store_C,Grocery,0,570.95
2024-02-08,Store_C,Grocery,0,506.71
2024-02-09,Store_C,Grocery,0,556.36
2024-02-10,Store_C,Grocery,0,610.82
2024-02-11,Store_C,Grocery,1,632.7
2024-02-12,Store_C,Grocery,0,573.53
2024-02-13,Store_C,Grocery,0,531.51
2024-02-14,Store_C,Grocery,0,612.15
2024-02-15,Store_C,Grocery,0,605.93
2024-02-16,Store_C,Grocery,0,563.63
2024-02-17,Store_C,Grocery,0,550.46
2024-02-18,Store_C,Grocery,0,496.55
2024-02-19,Store_C,Grocery,0,541.93
2024-02-20,Store_C,Grocery,0,555.28
2024-02-21,Store_C,Grocery,0,611.65
2024-02-22,Store_C,Grocery,0,567.76
2024-02-23,Store_C,Grocery,0,510.76
2024-02-24,Store_C,Grocery,0,523.59
2024-02-25,Store_C,Grocery,0,514.68
2024-02-26,Store_C,Grocery,0,518.64
2024-02-27,Store_C,Grocery,0,583.23
2024-02-28,Store_C,Grocery,0,546.08
2024-02-29,Store_C,Grocery,0,518.74
2024-03-01,Store_C,Grocery,0,522.15
2024-03-02,Store_C,Grocery,1,688.43
2024-03-03,Store_C,Grocery,0,504.72
2024-03-04,Store_C,Grocery,0,524.74
2024-03-05,Store_C,Grocery,0,513.63
2024-03-06,Store_C,Grocery,0,609.94
2024-03-07,Store_C,Grocery,0,555.69
2024-03-08,Store_C,Grocery,0,554.58
2024-03-09,Store_C,Grocery,0,549.92
2024-03-10,Store_C,Grocery,0,464.22
2024-03-11,Store_C,Grocery,0,528.75
2024-03-12,Store_C,Grocery,0,517.36
2024-03-13,Store_C,Grocery,0,492.45
2024-03-14,Store_C,Grocery,0,544.55
2024-03-15,Store_C,Grocery,1,685.58
2024-03-16,Store_C,Grocery,0,477.61
2024-03-17,Store_C,Grocery,0,385.2
2024-03-18,Store_C,Grocery,0,509.23
2024-03-19,Store_C,Grocery,0,557.71
2024-03-20,Store_C,Grocery,0,542.22
2024-03-21,Store_C,Grocery,0,490.18
2024-03-22,Store_C,Grocery,0,614.07
2024-03-23,Store_C,Grocery,0,536.01
2024-03-24,Store_C,Grocery,0,490.33
2024-03-25,Store_C,Grocery,0,455.2
2024-03-26,Store_C,Grocery,0,574.45
2024-03-27,Store_C,Grocery,0,552.72
2024-03-28,Store_C,Grocery,0,568.83
2024-03-29,Store_C,Grocery,0,561.84
2024-03-30,Store_C,Grocery,0,515.09
2024-03-31,Store_C,Grocery,0,439.92
2024-04-01,Store_C,Grocery,0,460.54
2024-04-02,Store_C,Grocery,0,518.72
2024-04-03,Store_C,Grocery,0,550.61
2024-04-04,Store_C,Grocery,0,545.94
2024-04-05,Store_C,Grocery,0,558.39
2024-04-06,Store_C,Grocery,0,475.81
2024-04-07,Store_C,Grocery,0,386.53
2024-04-08,Store_C,Grocery,0,481.94
2024-04-09,Store_C,Grocery,0,456.36
2024-04-10,Store_C,Grocery,0,517.7
2024-04-11,Store_C,Grocery,0,447.64
2024-04-12,Store_C,Grocery,0,546.53
2024-04-13,Store_C,Grocery,0,478.06
2024-04-14,Store_C,Grocery,1,516.45
2024-04-15,Store_C,Grocery,0,413.39
2024-04-16,Store_C,Grocery,0,534.64
2024-04-17,Store_C,Grocery,1,619.42
2024-04-18,Store_C,Grocery,0,486.96
2024-04-19,Store_C,Grocery,0,469.7
2024-04-20,Store_C,Grocery,0,423.72
2024-04-21,Store_C,Grocery,0,385.05
2024-04-22,Store_C,Grocery,0,436.3
2024-04-23,Store_C,Grocery,0,462.42
2024-04-24,Store_C,Grocery,1,661.12
2024-04-25,Store_C,Grocery,0,503.8
2024-04-26,Store_C,Grocery,0,498.97
2024-04-27,Store_C,Grocery,1,550.13
2024-04-28,Store_C,Grocery,0,364.97
2024-04-29,Store_C,Grocery,0,437.52
2024-04-30,Store_C,Grocery,0,487.84
2024-05-01,Store_C,Grocery,0,471.66
2024-05-02,Store_C,Grocery,0,471.44
2024-05-03,Store_C,Grocery,0,471.0
2024-05-04,Store_C,Grocery,0,423.55
2024-05-05,Store_C,Grocery,0,403.82
2024-05-06,Store_C,Grocery,0,371.21
2024-05-07,Store_C,Grocery,0,422.43
2024-05-08,Store_C,Grocery,0,445.92
2024-05-09,Store_C,Grocery,0,426.83
2024-05-10,Store_C,Grocery,0,499.96
2024-05-11,Store_C,Grocery,0,401.68
2024-05-12,Store_C,Grocery,0,370.52
2024-05-13,Store_C,Grocery,0,428.43
2024-05-14,Store_C,Grocery,0,464.83
2024-05-15,Store_C,Grocery,0,488.09
2024-05-16,Store_C,Grocery,1,533.01
2024-05-17,Store_C,Grocery,0,447.33
2024-05-18,Store_C,Grocery,0,480.31
2024-05-19,Store_C,Grocery,0,347.32
2024-05-20,Store_C,Grocery,0,382.42
2024-05-21,Store_C,Grocery,0,419.59
2024-05-22,Store_C,Grocery,0,427.22
2024-05-23,Store_C,Grocery,0,477.41
2024-05-24,Store_C,Grocery,0,515.35
2024-05-25,Store_C,Grocery,0,455.43
2024-05-26,Store_C,Grocery,0,375.94
2024-05-27,Store_C,Grocery,0,373.38
2024-05-28,Store_C,Grocery,0,423.45
2024-05-29,Store_C,Grocery,0,397.08
2024-05-30,Store_C,Grocery,0,410.08
2024-05-31,Store_C,Grocery,1,511.69
2024-06-01,Store_C,Grocery,1,529.67
2024-06-02,Store_C,Grocery,0,327.75
2024-06-03,Store_C,Grocery,0,398.79
2024-06-04,Store_C,Grocery,0,346.72
2024-06-05,Store_C,Grocery,0,410.7
2024-06-06,Store_C,Grocery,0,354.96
2024-06-07,Store_C,Grocery,0,408.48
2024-06-08,Store_C,Grocery,0,423.49
2024-06-09,Store_C,Grocery,0,356.65
2024-06-10,Store_C,Grocery,0,392.88
2024-06-11,Store_C,Grocery,0,427.83
2024-06-12,Store_C,Grocery,0,432.42
2024-06-13,Store_C,Grocery,1,527.13
2024-06-14,Store_C,Grocery,1,464.7
2024-06-15,Store_C,Grocery,0,454.63
2024-06-16,Store_C,Grocery,0,328.22
2024-06-17,Store_C,Grocery,0,397.25
2024-06-18,Store_C,Grocery,0,317.86
2024-06-19,Store_C,Grocery,0,423.51
2024-06-20,Store_C,Grocery,0,372.83
2024-06-21,Store_C,Grocery,0,417.82
2024-06-22,Store_C,Grocery,0,365.18
2024-06-23,Store_C,Grocery,0,301.13
2024-06-24,Store_C,Grocery,0,385.96
2024-06-25,Store_C,Grocery,0,416.91
2024-06-26,Store_C,Grocery,0,362.74
2024-06-27,Store_C,Grocery,0,362.82
2024-06-28,Store_C,Grocery,0,415.33
2024-06-29,Store_C,Grocery,0,393.4
2024-06-30,Store_C,Grocery,0,389.97
2024-07-01,Store_C,Grocery,0,371.79
2024-07-02,Store_C,Grocery,0,345.25
2024-07-03,Store_C,Grocery,0,416.38
2024-07-04,Store_C,Grocery,0,347.0
2024-07-05,Store_C,Grocery,0,413.27
2024-07-06,Store_C,Grocery,0,458.9
2024-07-07,Store_C,Grocery,0,306.88
2024-07-08,Store_C,Grocery,0,392.24
2024-07-09,Store_C,Grocery,0,403.63
2024-07-10,Store_C,Grocery,0,461.16
2024-07-11,Store_C,Grocery,0,402.66
2024-07-12,Store_C,Grocery,0,451.08
2024-07-13,Store_C,Grocery,0,400.54
2024-07-14,Store_C,Grocery,0,304.55
2024-07-15,Store_C,Grocery,0,404.77
2024-07-16,Store_C,Grocery,0,409.64
2024-07-17,Store_C,Grocery,1,501.45
2024-07-18,Store_C,Grocery,0,360.58
2024-07-19,Store_C,Grocery,0,425.3
2024-07-20,Store_C,Grocery,0,424.96
2024-07-21,Store_C,Grocery,0,334.59
2024-07-22,Store_C,Grocery,0,348.89
2024-07-23,Store_C,Grocery,0,414.69
2024-07-24,Store_C,Grocery,0,437.32
2024-07-25,Store_C,Grocery,0,333.36
2024-07-26,Store_C,Grocery,0,376.81
2024-07-27,Store_C,Grocery,0,411.0
2024-07-28,Store_C,Grocery,0,279.9
2024-07-29,Store_C,Grocery,0,355.4
2024-07-30,Store_C,Grocery,0,406.14
2024-07-31,Store_C,Grocery,0,381.29
2024-08-01,Store_C,Grocery,0,380.01
2024-08-02,Store_C,Grocery,0,422.26
2024-08-03,Store_C,Grocery,0,428.95
2024-08-04,Store_C,Grocery,0,357.45
2024-08-05,Store_C,Grocery,0,372.81
2024-08-06,Store_C,Grocery,0,385.83
2024-08-07,Store_C,Grocery,0,450.83
2024-08-08,Store_C,Grocery,0,424.42
2024-08-09,Store_C,Grocery,0,397.7
2024-08-10,Store_C,Grocery,0,399.58
2024-08-11,Store_C,Grocery,0,311.99
2024-08-12,Store_C,Grocery,0,377.43
2024-08-13,Store_C,Grocery,0,382.98
2024-08-14,Store_C,Grocery,0,444.63
2024-08-15,Store_C,Grocery,0,402.08
2024-08-16,Store_C,Grocery,0,399.78
2024-08-17,Store_C,Grocery,0,420.21
2024-08-18,Store_C,Grocery,0,311.32
2024-08-19,Store_C,Grocery,0,315.97
2024-08-20,Store_C,Grocery,0,381.4
2024-08-21,Store_C,Grocery,0,453.46
2024-08-22,Store_C,Grocery,0,449.63
2024-08-23,Store_C,Grocery,0,484.32
2024-08-24,Store_C,Grocery,0,385.92
2024-08-25,Store_C,Grocery,0,330.11
2024-08-26,Store_C,Grocery,0,364.43
2024-08-27,Store_C,Grocery,0,418.91
2024-08-28,Store_C,Grocery,0,388.6
2024-08-29,Store_C,Grocery,0,386.67
2024-08-30,Store_C,Grocery,0,443.43
2024-08-31,Store_C,Grocery,0,439.45
2024-09-01,Store_C,Grocery,0,352.17
2024-09-02,Store_C,Grocery,0,377.24
2024-09-03,Store_C,Grocery,0,395.31
2024-09-04,Store_C,Grocery,0,469.22
2024-09-05,Store_C,Grocery,0,365.02
2024-09-06,Store_C,Grocery,0,404.62
2024-09-07,Store_C,Grocery,0,436.51
2024-09-08,Store_C,Grocery,0,374.32
2024-09-09,Store_C,Grocery,0,318.48
2024-09-10,Store_C,Grocery,0,427.35
2024-09-11,Store_C,Grocery,0,385.37
2024-09-12,Store_C,Grocery,0,413.61
2024-09-13,Store_C,Grocery,0,441.1
2024-09-14,Store_C,Grocery,0,470.49
2024-09-15,Store_C,Grocery,1,477.43
2024-09-16,Store_C,Grocery,0,416.48
2024-09-17,Store_C,Grocery,0,481.45
2024-09-18,Store_C,Grocery,0,494.2
2024-09-19,Store_C,Grocery,1,536.61
2024-09-20,Store_C,Grocery,0,442.4
2024-09-21,Store_C,Grocery,0,463.22
2024-09-22,Store_C,Grocery,0,394.91
2024-09-23,Store_C,Grocery,0,429.7
2024-09-24,Store_C,Grocery,0,457.57
2024-09-25,Store_C,Grocery,0,459.07
2024-09-26,Store_C,Grocery,1,581.42
2024-09-27,Store_C,Grocery,0,460.28
2024-09-28,Store_C,Grocery,0,424.34
2024-09-29,Store_C,Grocery,0,371.61
2024-09-30,Store_C,Grocery,0,395.31
2024-10-01,Store_C,Grocery,0,489.53
2024-10-02,Store_C,Grocery,0,479.46
2024-10-03,Store_C,Grocery,0,389.69
2024-10-04,Store_C,Grocery,0,496.88
2024-10-05,Store_C,Grocery,0,449.71
2024-10-06,Store_C,Grocery,0,390.38
2024-10-07,Store_C,Grocery,0,440.32
2024-10-08,Store_C,Grocery,0,458.53
2024-10-09,Store_C,Grocery,0,464.22
2024-10-10,Store_C,Grocery,0,478.01
2024-10-11,Store_C,Grocery,0,457.09
2024-10-12,Store_C,Grocery,0,437.84
2024-10-13,Store_C,Grocery,0,377.35
2024-10-14,Store_C,Grocery,0,474.2
2024-10-15,Store_C,Grocery,1,630.22
2024-10-16,Store_C,Grocery,0,473.22
2024-10-17,Store_C,Grocery,0,441.6
2024-10-18,Store_C,Grocery,0,508.93
2024-10-19,Store_C,Grocery,0,471.78
2024-10-20,Store_C,Grocery,0,438.68
2024-10-21,Store_C,Grocery,0,470.27
2024-10-22,Store_C,Grocery,0,552.61
2024-10-23,Store_C,Grocery,0,410.43
2024-10-24,Store_C,Grocery,0,454.12
2024-10-25,Store_C,Grocery,0,542.26
2024-10-26,Store_C,Grocery,0,477.62
2024-10-27,Store_C,Grocery,0,392.66
2024-10-28,Store_C,Grocery,0,453.0
2024-10-29,Store_C,Grocery,0,498.39
2024-10-30,Store_C,Grocery,0,556.84
2024-10-31,Store_C,Grocery,1,549.45
2024-11-01,Store_C,Grocery,0,504.38
2024-11-02,Store_C,Grocery,0,503.23
2024-11-03,Store_C,Grocery,0,401.88
2024-11-04,Store_C,Grocery,0,528.65
2024-11-05,Store_C,Grocery,0,576.83
2024-11-06,Store_C,Grocery,0,530.31
2024-11-07,Store_C,Grocery,0,522.59
2024-11-08,Store_C,Grocery,0,583.77
2024-11-09,Store_C,Grocery,0,507.08
2024-11-10,Store_C,Grocery,0,461.94
2024-11-11,Store_C,Grocery,0,451.35
2024-11-12,Store_C,Grocery,0,471.68
2024-11-13,Store_C,Grocery,0,571.18
2024-11-14,Store_C,Grocery,0,511.78
2024-11-15,Store_C,Grocery,1,709.57
2024-11-16,Store_C,Grocery,0,503.62
2024-11-17,Store_C,Grocery,0,417.22
2024-11-18,Store_C,Grocery,0,524.24
2024-11-19,Store_C,Grocery,0,593.29
2024-11-20,Store_C,Grocery,0,515.49
2024-11-21,Store_C,Grocery,0,496.53
2024-11-22,Store_C,Grocery,0,602.78
2024-11-23,Store_C,Grocery,0,600.63
2024-11-24,Store_C,Grocery,0,482.4
2024-11-25,Store_C,Grocery,0,486.27
2024-11-26,Store_C,Grocery,0,590.01
2024-11-27,Store_C,Grocery,0,551.9
2024-11-28,Store_C,Grocery,0,513.69
2024-11-29,Store_C,Grocery,0,552.1
2024-11-30,Store_C,Grocery,0,563.12
2024-12-01,Store_C,Grocery,0,476.07
2024-12-02,Store_C,Grocery,0,531.43
2024-12-03,Store_C,Grocery,0,585.77
2024-12-04,Store_C,Grocery,0,562.25
2024-12-05,Store_C,Grocery,0,574.47
2024-12-06,Store_C,Grocery,0,576.96
2024-12-07,Store_C,Grocery,0,534.04
2024-12-08,Store_C,Grocery,0,438.05
2024-12-09,Store_C,Grocery,0,515.93
2024-12-10,Store_C,Grocery,0,614.11
2024-12-11,Store_C,Grocery,0,603.02
2024-12-12,Store_C,Grocery,0,565.06
2024-12-13,Store_C,Grocery,0,550.75
2024-12-14,Store_C,Grocery,0,540.47
2024-12-15,Store_C,Grocery,0,705.77
2024-12-16,Store_C,Grocery,0,755.62
2024-12-17,Store_C,Grocery,0,794.7
2024-12-18,Store_C,Grocery,0,787.36
2024-12-19,Store_C,Grocery,0,727.48
2024-12-20,Store_C,Grocery,0,814.74
2024-12-21,Store_C,Grocery,0,741.62
2024-12-22,Store_C,Grocery,0,720.79
2024-12-23,Store_C,Grocery,0,724.17
2024-12-24,Store_C,Grocery,0,828.81
2024-12-25,Store_C,Grocery,0,773.12
2024-12-26,Store_C,Grocery,1,849.12
2024-12-27,Store_C,Grocery,0,788.68
2024-12-28,Store_C,Grocery,0,739.6
2024-12-29,Store_C,Grocery,0,666.96
2024-12-30,Store_C,Grocery,0,712.58
2024-12-31,Store_C,Grocery,0,821.42
2021-01-01,Store_C,Electronics,0,316.48
2021-01-02,Store_C,Electronics,0,309.02
2021-01-03,Store_C,Electronics,0,319.51
2021-01-04,Store_C,Electronics,0,319.16
2021-01-05,Store_C,Electronics,0,344.1
2021-01-06,Store_C,Electronics,0,372.55
2021-01-07,Store_C,Electronics,0,313.04
2021-01-08,Store_C,Electronics,0,300.98
2021-01-09,Store_C,Electronics,0,334.88
2021-01-10,Store_C,Electronics,0,272.75
2021-01-11,Store_C,Electronics,1,410.87
2021-01-12,Store_C,Electronics,0,290.64
2021-01-13,Store_C,Electronics,0,315.61
2021-01-14,Store_C,Electronics,0,305.48
2021-01-15,Store_C,Electronics,0,335.23
2021-01-16,Store_C,Electronics,1,358.47
2021-01-17,Store_C,Electronics,0,285.09
2021-01-18,Store_C,Electronics,0,291.05
2021-01-19,Store_C,Electronics,0,348.47
2021-01-20,Store_C,Electronics,0,362.2
2021-01-21,Store_C,Electronics,0,310.79
2021-01-22,Store_C,Electronics,0,347.78
2021-01-23,Store_C,Electronics,0,320.15
2021-01-24,Store_C,Electronics,0,276.85
2021-01-25,Store_C,Electronics,0,276.7
2021-01-26,Store_C,Electronics,0,325.75
2021-01-27,Store_C,Electronics,1,416.37
2021-01-28,Store_C,Electronics,0,324.61
2021-01-29,Store_C,Electronics,0,319.52
2021-01-30,Store_C,Electronics,0,293.27
2021-01-31,Store_C,Electronics,0,274.57
2021-02-01,Store_C,Electronics,0,288.23
2021-02-02,Store_C,Electronics,0,315.15
2021-02-03,Store_C,Electronics,0,319.41
2021-02-04,Store_C,Electronics,0,316.31
2021-02-05,Store_C,Electronics,0,347.84
2021-02-06,Store_C,Electronics,0,303.41
2021-02-07,Store_C,Electronics,0,260.56
2021-02-08,Store_C,Electronics,0,277.52
2021-02-09,Store_C,Electronics,0,329.42
2021-02-10,Store_C,Electronics,0,349.31
2021-02-11,Store_C,Electronics,0,312.02
2021-02-12,Store_C,Electronics,0,346.07
2021-02-13,Store_C,Electronics,0,339.76
2021-02-14,Store_C,Electronics,0,279.1
2021-02-15,Store_C,Electronics,0,281.83
2021-02-16,Store_C,Electronics,0,304.5
2021-02-17,Store_C,Electronics,0,313.31
2021-02-18,Store_C,Electronics,0,348.27
2021-02-19,Store_C,Electronics,0,374.91
2021-02-20,Store_C,Electronics,1,370.65
2021-02-21,Store_C,Electronics,0,293.6
2021-02-22,Store_C,Electronics,0,322.12
2021-02-23,Store_C,Electronics,0,294.41
2021-02-24,Store_C,Electronics,0,361.39
2021-02-25,Store_C,Electronics,0,303.58
2021-02-26,Store_C,Electronics,0,322.34
2021-02-27,Store_C,Electronics,0,287.31
2021-02-28,Store_C,Electronics,0,304.68
2021-03-01,Store_C,Electronics,0,293.81
2021-03-02,Store_C,Electronics,0,351.02
2021-03-03,Store_C,Electronics,0,347.05
2021-03-04,Store_C,Electronics,0,297.75
2021-03-05,Store_C,Electronics,0,326.2
2021-03-06,Store_C,Electronics,0,293.51
2021-03-07,Store_C,Electronics,0,253.21
2021-03-08,Store_C,Electronics,0,296.91
2021-03-09,Store_C,Electronics,0,327.6
2021-03-10,Store_C,Electronics,0,282.84
2021-03-11,Store_C,Electronics,0,265.32
2021-03-12,Store_C,Electronics,0,309.5
2021-03-13,Store_C,Electronics,0,307.2
2021-03-14,Store_C,Electronics,0,285.43
2021-03-15,Store_C,Electronics,1,348.37
2021-03-16,Store_C,Electronics,1,366.57
2021-03-17,Store_C,Electronics,0,324.52
2021-03-18,Store_C,Electronics,0,277.44
2021-03-19,Store_C,Electronics,0,315.98
2021-03-20,Store_C,Electronics,0,293.64
2021-03-21,Store_C,Electronics,0,256.8
2021-03-22,Store_C,Electronics,0,301.36
2021-03-23,Store_C,Electronics,0,269.96
2021-03-24,Store_C,Electronics,0,305.92
2021-03-25,Store_C,Electronics,0,304.38
2021-03-26,Store_C,Electronics,0,318.87
2021-03-27,Store_C,Electronics,0,259.96
2021-03-28,Store_C,Electronics,0,213.19
2021-03-29,Store_C,Electronics,0,285.57
2021-03-30,Store_C,Electronics,0,236.71
2021-03-31,Store_C,Electronics,0,270.19
2021-04-01,Store_C,Electronics,0,285.39
2021-04-02,Store_C,Electronics,0,324.7
2021-04-03,Store_C,Electronics,0,257.2
2021-04-04,Store_C,Electronics,0,276.17
2021-04-05,Store_C,Electronics,0,278.74
2021-04-06,Store_C,Electronics,0,347.01
2021-04-07,Store_C,Electronics,0,286.0
2021-04-08,Store_C,Electronics,1,368.7
2021-04-09,Store_C,Electronics,0,289.13
2021-04-10,Store_C,Electronics,0,279.01
2021-04-11,Store_C,Electronics,0,222.44
2021-04-12,Store_C,Electronics,0,259.43
2021-04-13,Store_C,Electronics,0,302.55
2021-04-14,Store_C,Electronics,1,388.14
2021-04-15,Store_C,Electronics,0,253.88
2021-04-16,Store_C,Electronics,0,293.73
2021-04-17,Store_C,Electronics,0,260.97
2021-04-18,Store_C,Electronics,0,233.78
2021-04-19,Store_C,Electronics,0,275.14
2021-04-20,Store_C,Electronics,0,267.94
2021-04-21,Store_C,Electronics,1,355.59
2021-04-22,Store_C,Electronics,0,246.2
2021-04-23,Store_C,Electronics,0,307.35
2021-04-24,Store_C,Electronics,0,281.04
2021-04-25,Store_C,Electronics,0,207.5
2021-04-26,Store_C,Electronics,0,231.14
2021-04-27,Store_C,Electronics,0,299.49
2021-04-28,Store_C,Electronics,0,317.8
2021-04-29,Store_C,Electronics,0,243.44
2021-04-30,Store_C,Electronics,0,295.89
2021-05-01,Store_C,Electronics,0,252.07
2021-05-02,Store_C,Electronics,1,308.83
2021-05-03,Store_C,Electronics,1,298.38
2021-05-04,Store_C,Electronics,0,278.17
2021-05-05,Store_C,Electronics,0,272.43
2021-05-06,Store_C,Electronics,0,211.12
2021-05-07,Store_C,Electronics,0,253.78
2021-05-08,Store_C,Electronics,0,265.9
2021-05-09,Store_C,Electronics,0,220.55
2021-05-10,Store_C,Electronics,0,239.3
2021-05-11,Store_C,Electronics,0,293.79
2021-05-12,Store_C,Electronics,0,280.47
2021-05-13,Store_C,Electronics,1,323.5
2021-05-14,Store_C,Electronics,0,223.92
2021-05-15,Store_C,Electronics,1,328.54
2021-05-16,Store_C,Electronics,0,173.61
2021-05-17,Store_C,Electronics,0,227.32
2021-05-18,Store_C,Electronics,0,222.13
2021-05-19,Store_C,Electronics,0,266.66
2021-05-20,Store_C,Electronics,0,261.79
2021-05-21,Store_C,Electronics,0,256.44
2021-05-22,Store_C,Electronics,0,238.94
2021-05-23,Store_C,Electronics,0,179.05
2021-05-24,Store_C,Electronics,0,244.23
2021-05-25,Store_C,Electronics,1,281.97
2021-05-26,Store_C,Electronics,0,254.32
2021-05-27,Store_C,Electronics,0,231.11
2021-05-28,Store_C,Electronics,0,260.2
2021-05-29,Store_C,Electronics,0,250.86
2021-05-30,Store_C,Electronics,0,188.77
2021-05-31,Store_C,Electronics,0,234.93
2021-06-01,Store_C,Electronics,0,239.76
2021-06-02,Store_C,Electronics,0,252.84
2021-06-03,Store_C,Electronics,0,206.39
2021-06-04,Store_C,Electronics,0,239.21
2021-06-05,Store_C,Electronics,0,197.97
2021-06-06,Store_C,Electronics,0,188.19
2021-06-07,Store_C,Electronics,0,226.41
2021-06-08,Store_C,Electronics,0,231.54
2021-06-09,Store_C,Electronics,0,239.29
2021-06-10,Store_C,Electronics,0,231.22
2021-06-11,Store_C,Electronics,0,253.05
2021-06-12,Store_C,Electronics,0,192.73
2021-06-13,Store_C,Electronics,0,170.69
2021-06-14,Store_C,Electronics,0,177.33
2021-06-15,Store_C,Electronics,0,223.64
2021-06-16,Store_C,Electronics,0,268.38
2021-06-17,Store_C,Electronics,0,234.57
2021-06-18,Store_C,Electronics,0,238.67
2021-06-19,Store_C,Electronics,0,258.84
2021-06-20,Store_C,Electronics,0,184.7
2021-06-21,Store_C,Electronics,1,317.61
2021-06-22,Store_C,Electronics,1,294.46
2021-06-23,Store_C,Electronics,0,221.59
2021-06-24,Store_C,Electronics,0,192.82
2021-06-25,Store_C,Electronics,0,248.61
2021-06-26,Store_C,Electronics,0,209.85
2021-06-27,Store_C,Electronics,0,178.22
2021-06-28,Store_C,Electronics,0,209.82
2021-06-29,Store_C,Electronics,0,208.1
2021-06-30,Store_C,Electronics,0,236.33
2021-07-01,Store_C,Electronics,0,209.24
2021-07-02,Store_C,Electronics,0,204.33
2021-07-03,Store_C,Electronics,0,226.03
2021-07-04,Store_C,Electronics,0,186.62
2021-07-05,Store_C,Electronics,1,288.6
2021-07-06,Store_C,Electronics,0,200.32
2021-07-07,Store_C,Electronics,0,271.15
2021-07-08,Store_C,Electronics,0,196.15
2021-07-09,Store_C,Electronics,0,275.23
2021-07-10,Store_C,Electronics,0,175.33
2021-07-11,Store_C,Electronics,0,172.21
2021-07-12,Store_C,Electronics,0,204.03
2021-07-13,Store_C,Electronics,0,218.29
2021-07-14,Store_C,Electronics,1,268.7
2021-07-15,Store_C,Electronics,0,200.47
2021-07-16,Store_C,Electronics,0,236.41
2021-07-17,Store_C,Electronics,0,258.94
2021-07-18,Store_C,Electronics,0,148.98
2021-07-19,Store_C,Electronics,0,183.61
2021-07-20,Store_C,Electronics,0,194.24
2021-07-21,Store_C,Electronics,0,219.03
2021-07-22,Store_C,Electronics,0,207.87
2021-07-23,Store_C,Electronics,0,249.94
2021-07-24,Store_C,Electronics,0,219.27
2021-07-25,Store_C,Electronics,0,200.92
2021-07-26,Store_C,Electronics,0,195.02
2021-07-27,Store_C,Electronics,0,166.03
2021-07-28,Store_C,Electronics,0,234.9
2021-07-29,Store_C,Electronics,0,176.35
2021-07-30,Store_C,Electronics,0,249.79
2021-07-31,Store_C,Electronics,0,212.41
2021-08-01,Store_C,Electronics,1,222.58
2021-08-02,Store_C,Electronics,0,172.66
2021-08-03,Store_C,Electronics,0,211.65
2021-08-04,Store_C,Electronics,0,226.62
2021-08-05,Store_C,Electronics,0,249.92
2021-08-06,Store_C,Electronics,0,228.33
2021-08-07,Store_C,Electronics,0,219.0
2021-08-08,Store_C,Electronics,0,170.84
2021-08-09,Store_C,Electronics,0,202.81
2021-08-10,Store_C,Electronics,0,226.9
2021-08-11,Store_C,Electronics,0,229.82
2021-08-12,Store_C,Electronics,0,199.7
2021-08-13,Store_C,Electronics,0,247.68
2021-08-14,Store_C,Electronics,0,195.12
2021-08-15,Store_C,Electronics,0,185.25
2021-08-16,Store_C,Electronics,0,215.13
2021-08-17,Store_C,Electronics,0,189.11
2021-08-18,Store_C,Electronics,1,273.43
2021-08-19,Store_C,Electronics,0,181.03
2021-08-20,Store_C,Electronics,0,262.34
2021-08-21,Store_C,Electronics,0,208.92
2021-08-22,Store_C,Electronics,0,202.9
2021-08-23,Store_C,Electronics,0,197.05
2021-08-24,Store_C,Electronics,0,209.31
2021-08-25,Store_C,Electronics,0,221.83
2021-08-26,Store_C,Electronics,0,222.37
2021-08-27,Store_C,Electronics,0,254.39
2021-08-28,Store_C,Electronics,0,223.88
2021-08-29,Store_C,Electronics,1,265.06
2021-08-30,Store_C,Electronics,0,204.2
2021-08-31,Store_C,Electronics,0,232.03
2021-09-01,Store_C,Electronics,1,288.74
2021-09-02,Store_C,Electronics,0,206.09
2021-09-03,Store_C,Electronics,0,260.14
2021-09-04,Store_C,Electronics,0,206.31
2021-09-05,Store_C,Electronics,0,179.78
2021-09-06,Store_C,Electronics,0,229.11
2021-09-07,Store_C,Electronics,0,206.36
2021-09-08,Store_C,Electronics,0,271.4
2021-09-09,Store_C,Electronics,0,208.56
2021-09-10,Store_C,Electronics,0,275.88
2021-09-11,Store_C,Electronics,0,211.27
2021-09-12,Store_C,Electronics,0,207.36
2021-09-13,Store_C,Electronics,0,206.21
2021-09-14,Store_C,Electronics,0,283.23
2021-09-15,Store_C,Electronics,0,245.39
2021-09-16,Store_C,Electronics,0,209.86
2021-09-17,Store_C,Electronics,0,264.82
2021-09-18,Store_C,Electronics,0,229.07
2021-09-19,Store_C,Electronics,0,209.45
2021-09-20,Store_C,Electronics,0,249.32
2021-09-21,Store_C,Electronics,0,265.27
2021-09-22,Store_C,Electronics,0,223.31
2021-09-23,Store_C,Electronics,0,217.72
2021-09-24,Store_C,Electronics,0,265.86
2021-09-25,Store_C,Electronics,0,251.53
2021-09-26,Store_C,Electronics,0,154.93
2021-09-27,Store_C,Electronics,0,203.57
2021-09-28,Store_C,Electronics,0,235.0
2021-09-29,Store_C,Electronics,0,290.17
2021-09-30,Store_C,Electronics,0,232.38
2021-10-01,Store_C,Electronics,0,281.09
2021-10-02,Store_C,Electronics,0,273.34
2021-10-03,Store_C,Electronics,0,195.56
2021-10-04,Store_C,Electronics,0,233.57
2021-10-05,Store_C,Electronics,1,339.79
2021-10-06,Store_C,Electronics,0,235.86
2021-10-07,Store_C,Electronics,0,246.43
2021-10-08,Store_C,Electronics,0,298.65
2021-10-09,Store_C,Electronics,1,327.97
2021-10-10,Store_C,Electronics,0,223.35
2021-10-11,Store_C,Electronics,0,261.37
2021-10-12,Store_C,Electronics,0,256.75
2021-10-13,Store_C,Electronics,0,254.69
2021-10-14,Store_C,Electronics,0,264.73
2021-10-15,Store_C,Electronics,0,270.19
2021-10-16,Store_C,Electronics,1,316.63
2021-10-17,Store_C,Electronics,0,201.82
2021-10-18,Store_C,Electronics,0,259.04
2021-10-19,Store_C,Electronics,0,270.9
2021-10-20,Store_C,Electronics,0,261.39
2021-10-21,Store_C,Electronics,0,286.41
2021-10-22,Store_C,Electronics,0,280.07
2021-10-23,Store_C,Electronics,0,281.29
2021-10-24,Store_C,Electronics,0,263.54
2021-10-25,Store_C,Electronics,0,276.09
2021-10-26,Store_C,Electronics,0,312.8
2021-10-27,Store_C,Electronics,0,308.81
2021-10-28,Store_C,Electronics,0,267.08
2021-10-29,Store_C,Electronics,0,277.6
2021-10-30,Store_C,Electronics,0,270.97
2021-10-31,Store_C,Electronics,0,231.5
2021-11-01,Store_C,Electronics,0,288.99
2021-11-02,Store_C,Electronics,0,279.26
2021-11-03,Store_C,Electronics,0,270.62
2021-11-04,Store_C,Electronics,0,284.19
2021-11-05,Store_C,Electronics,0,301.83
2021-11-06,Store_C,Electronics,0,268.95
2021-11-07,Store_C,Electronics,0,235.69
2021-11-08,Store_C,Electronics,0,301.16
2021-11-09,Store_C,Electronics,0,305.43
2021-11-10,Store_C,Electronics,0,296.23
2021-11-11,Store_C,Electronics,0,270.65
2021-11-12,Store_C,Electronics,0,350.8
2021-11-13,Store_C,Electronics,0,327.51
2021-11-14,Store_C,Electronics,0,268.34
2021-11-15,Store_C,Electronics,0,271.64
2021-11-16,Store_C,Electronics,0,285.5
2021-11-17,Store_C,Electronics,0,293.26
2021-11-18,Store_C,Electronics,0,287.99
2021-11-19,Store_C,Electronics,1,368.15
2021-11-20,Store_C,Electronics,0,296.99
2021-11-21,Store_C,Electronics,0,255.08
2021-11-22,Store_C,Electronics,0,262.94
2021-11-23,Store_C,Electronics,0,289.43
2021-11-24,Store_C,Electronics,0,308.93
2021-11-25,Store_C,Electronics,1,360.86
2021-11-26,Store_C,Electronics,0,349.27
2021-11-27,Store_C,Electronics,0,308.98
2021-11-28,Store_C,Electronics,0,267.21
2021-11-29,Store_C,Electronics,0,294.59
2021-11-30,Store_C,Electronics,0,337.45
2021-12-01,Store_C,Electronics,0,400.01
2021-12-02,Store_C,Electronics,0,293.19
2021-12-03,Store_C,Electronics,0,366.56
2021-12-04,Store_C,Electronics,0,280.89
2021-12-05,Store_C,Electronics,0,261.58
2021-12-06,Store_C,Electronics,0,272.15
2021-12-07,Store_C,Electronics,0,332.69
2021-12-08,Store_C,Electronics,0,345.47
2021-12-09,Store_C,Electronics,0,284.03
2021-12-10,Store_C,Electronics,0,352.51
2021-12-11,Store_C,Electronics,1,384.63
2021-12-12,Store_C,Electronics,0,289.24
2021-12-13,Store_C,Electronics,0,323.65
2021-12-14,Store_C,Electronics,0,337.96
2021-12-15,Store_C,Electronics,0,421.9
2021-12-16,Store_C,Electronics,0,425.85
2021-12-17,Store_C,Electronics,0,428.25
2021-12-18,Store_C,Electronics,0,399.46
2021-12-19,Store_C,Electronics,0,374.27
2021-12-20,Store_C,Electronics,0,415.73
2021-12-21,Store_C,Electronics,1,551.02
2021-12-22,Store_C,Electronics,0,453.8
2021-12-23,Store_C,Electronics,0,444.83
2021-12-24,Store_C,Electronics,0,447.87
2021-12-25,Store_C,Electronics,0,437.3
2021-12-26,Store_C,Electronics,0,401.46
2021-12-27,Store_C,Electronics,0,420.33
2021-12-28,Store_C,Electronics,0,462.47
2021-12-29,Store_C,Electronics,0,445.14
2021-12-30,Store_C,Electronics,0,413.07
2021-12-31,Store_C,Electronics,0,429.9
2022-01-01,Store_C,Electronics,0,342.27
2022-01-02,Store_C,Electronics,0,235.74
2022-01-03,Store_C,Electronics,0,303.83
2022-01-04,Store_C,Electronics,1,376.02
2022-01-05,Store_C,Electronics,0,352.39
2022-01-06,Store_C,Electronics,0,323.14
2022-01-07,Store_C,Electronics,0,344.14
2022-01-08,Store_C,Electronics,0,328.77
2022-01-09,Store_C,Electronics,0,286.51
2022-01-10,Store_C,Electronics,0,282.55
2022-01-11,Store_C,Electronics,0,326.08
2022-01-12,Store_C,Electronics,0,324.65
2022-01-13,Store_C,Electronics,1,374.67
2022-01-14,Store_C,Electronics,0,346.88
2022-01-15,Store_C,Electronics,1,409.86
2022-01-16,Store_C,Electronics,0,303.38
2022-01-17,Store_C,Electronics,0,316.49
2022-01-18,Store_C,Electronics,0,328.16
2022-01-19,Store_C,Electronics,0,343.18
2022-01-20,Store_C,Electronics,0,339.78
2022-01-21,Store_C,Electronics,0,331.59
2022-01-22,Store_C,Electronics,0,328.07
2022-01-23,Store_C,Electronics,1,340.01
2022-01-24,Store_C,Electronics,0,297.22
2022-01-25,Store_C,Electronics,0,335.07
2022-01-26,Store_C,Electronics,0,334.58
2022-01-27,Store_C,Electronics,0,331.0
2022-01-28,Store_C,Electronics,0,337.64
2022-01-29,Store_C,Electronics,0,324.79
2022-01-30,Store_C,Electronics,0,258.5
2022-01-31,Store_C,Electronics,0,326.42
2022-02-01,Store_C,Electronics,0,351.7
2022-02-02,Store_C,Electronics,0,324.8
2022-02-03,Store_C,Electronics,0,308.9
2022-02-04,Store_C,Electronics,0,347.4
2022-02-05,Store_C,Electronics,0,317.12
2022-02-06,Store_C,Electronics,0,289.97
2022-02-07,Store_C,Electronics,1,401.21
2022-02-08,Store_C,Electronics,0,318.21
2022-02-09,Store_C,Electronics,0,357.43
2022-02-10,Store_C,Electronics,0,303.38
2022-02-11,Store_C,Electronics,0,328.69
2022-02-12,Store_C,Electronics,0,328.17
2022-02-13,Store_C,Electronics,0,294.22
2022-02-14,Store_C,Electronics,0,334.4
2022-02-15,Store_C,Electronics,0,366.64
2022-02-16,Store_C,Electronics,0,331.97
2022-02-17,Store_C,Electronics,0,319.87
2022-02-18,Store_C,Electronics,0,346.27
2022-02-19,Store_C,Electronics,0,321.1
2022-02-20,Store_C,Electronics,0,273.9
2022-02-21,Store_C,Electronics,0,293.71
2022-02-22,Store_C,Electronics,0,340.89
2022-02-23,Store_C,Electronics,0,361.99
2022-02-24,Store_C,Electronics,0,287.56
2022-02-25,Store_C,Electronics,0,332.16
2022-02-26,Store_C,Electronics,0,289.84
2022-02-27,Store_C,Electronics,0,287.06
2022-02-28,Store_C,Electronics,0,286.76
2022-03-01,Store_C,Electronics,0,349.36
2022-03-02,Store_C,Electronics,0,327.95
2022-03-03,Store_C,Electronics,0,323.97
2022-03-04,Store_C,Electronics,0,316.35
2022-03-05,Store_C,Electronics,0,317.35
2022-03-06,Store_C,Electronics,0,274.68
2022-03-07,Store_C,Electronics,0,304.38
2022-03-08,Store_C,Electronics,0,309.07
2022-03-09,Store_C,Electronics,0,281.01
2022-03-10,Store_C,Electronics,0,330.61
2022-03-11,Store_C,Electronics,0,334.63
2022-03-12,Store_C,Electronics,0,336.3
2022-03-13,Store_C,Electronics,0,240.67
2022-03-14,Store_C,Electronics,0,294.67
2022-03-15,Store_C,Electronics,0,312.47
2022-03-16,Store_C,Electronics,0,356.89
2022-03-17,Store_C,Electronics,0,315.95
2022-03-18,Store_C,Electronics,0,322.34
2022-03-19,Store_C,Electronics,0,316.06
2022-03-20,Store_C,Electronics,0,253.94
2022-03-21,Store_C,Electronics,0,295.1
2022-03-22,Store_C,Electronics,0,358.73
2022-03-23,Store_C,Electronics,0,305.31
2022-03-24,Store_C,Electronics,0,300.53
2022-03-25,Store_C,Electronics,0,302.69
2022-03-26,Store_C,Electronics,0,281.45
2022-03-27,Store_C,Electronics,0,274.31
2022-03-28,Store_C,Electronics,0,258.73
2022-03-29,Store_C,Electronics,0,313.22
2022-03-30,Store_C,Electronics,0,326.64
2022-03-31,Store_C,Electronics,0,284.53
2022-04-01,Store_C,Electronics,0,336.92
2022-04-02,Store_C,Electronics,0,316.69
2022-04-03,Store_C,Electronics,1,306.9
2022-04-04,Store_C,Electronics,0,249.94
2022-04-05,Store_C,Electronics,0,308.66
2022-04-06,Store_C,Electronics,0,302.91
2022-04-07,Store_C,Electronics,0,289.6
2022-04-08,Store_C,Electronics,0,314.83
2022-04-09,Store_C,Electronics,0,259.15
2022-04-10,Store_C,Electronics,0,235.55
2022-04-11,Store_C,Electronics,0,301.12
2022-04-12,Store_C,Electronics,0,296.77
2022-04-13,Store_C,Electronics,0,308.69
2022-04-14,Store_C,Electronics,0,282.08
2022-04-15,Store_C,Electronics,0,309.14
2022-04-16,Store_C,Electronics,0,303.48
2022-04-17,Store_C,Electronics,0,200.92
2022-04-18,Store_C,Electronics,0,276.81
2022-04-19,Store_C,Electronics,0,285.02
2022-04-20,Store_C,Electronics,0,309.69
2022-04-21,Store_C,Electronics,0,266.01
2022-04-22,Store_C,Electronics,0,284.56
2022-04-23,Store_C,Electronics,1,315.24
2022-04-24,Store_C,Electronics,0,230.79
2022-04-25,Store_C,Electronics,0,231.45
2022-04-26,Store_C,Electronics,0,277.24
2022-04-27,Store_C,Electronics,0,288.3
2022-04-28,Store_C,Electronics,0,253.06
2022-04-29,Store_C,Electronics,1,319.9
2022-04-30,Store_C,Electronics,0,233.48
2022-05-01,Store_C,Electronics,0,206.03
2022-05-02,Store_C,Electronics,0,213.66
2022-05-03,Store_C,Electronics,0,275.99
2022-05-04,Store_C,Electronics,0,326.84
2022-05-05,Store_C,Electronics,0,236.83
2022-05-06,Store_C,Electronics,0,334.22
2022-05-07,Store_C,Electronics,0,263.35
2022-05-08,Store_C,Electronics,0,224.6
2022-05-09,Store_C,Electronics,1,277.6
2022-05-10,Store_C,Electronics,0,270.5
2022-05-11,Store_C,Electronics,0,261.87
2022-05-12,Store_C,Electronics,0,284.74
2022-05-13,Store_C,Electronics,0,238.97
2022-05-14,Store_C,Electronics,0,245.15
2022-05-15,Store_C,Electronics,0,196.33
2022-05-16,Store_C,Electronics,0,243.35
2022-05-17,Store_C,Electronics,0,216.65
2022-05-18,Store_C,Electronics,0,296.09
2022-05-19,Store_C,Electronics,0,253.87
2022-05-20,Store_C,Electronics,0,271.85
2022-05-21,Store_C,Electronics,1,290.52
2022-05-22,Store_C,Electronics,0,222.17
2022-05-23,Store_C,Electronics,0,244.15
2022-05-24,Store_C,Electronics,0,279.46
2022-05-25,Store_C,Electronics,0,254.28
2022-05-26,Store_C,Electronics,0,211.84
2022-05-27,Store_C,Electronics,0,248.67
2022-05-28,Store_C,Electronics,0,262.44
2022-05-29,Store_C,Electronics,0,191.14
2022-05-30,Store_C,Electronics,0,265.27
2022-05-31,Store_C,Electronics,0,265.69
2022-06-01,Store_C,Electronics,0,291.37
2022-06-02,Store_C,Electronics,1,292.1
2022-06-03,Store_C,Electronics,0,265.0
2022-06-04,Store_C,Electronics,0,219.5
2022-06-05,Store_C,Electronics,0,213.25
2022-06-06,Store_C,Electronics,0,230.35
2022-06-07,Store_C,Electronics,0,259.54
2022-06-08,Store_C,Electronics,0,242.98
2022-06-09,Store_C,Electronics,1,298.94
2022-06-10,Store_C,Electronics,0,253.48
2022-06-11,Store_C,Electronics,0,226.78
2022-06-12,Store_C,Electronics,0,195.36
2022-06-13,Store_C,Electronics,0,223.22
2022-06-14,Store_C,Electronics,0,251.32
2022-06-15,Store_C,Electronics,0,238.35
2022-06-16,Store_C,Electronics,0,244.13
2022-06-17,Store_C,Electronics,0,262.39
2022-06-18,Store_C,Electronics,0,241.3
2022-06-19,Store_C,Electronics,0,205.31
2022-06-20,Store_C,Electronics,0,208.8
2022-06-21,Store_C,Electronics,0,215.12
2022-06-22,Store_C,Electronics,0,257.04
2022-06-23,Store_C,Electronics,0,213.64
2022-06-24,Store_C,Electronics,0,214.75
2022-06-25,Store_C,Electronics,0,216.18
2022-06-26,Store_C,Electronics,0,187.79
2022-06-27,Store_C,Electronics,0,236.99
2022-06-28,Store_C,Electronics,0,290.76
2022-06-29,Store_C,Electronics,0,246.9
2022-06-30,Store_C,Electronics,0,239.34
2022-07-01,Store_C,Electronics,0,255.87
2022-07-02,Store_C,Electronics,0,230.49
2022-07-03,Store_C,Electronics,0,177.03
2022-07-04,Store_C,Electronics,0,187.5
2022-07-05,Store_C,Electronics,0,274.36
2022-07-06,Store_C,Electronics,0,227.32
2022-07-07,Store_C,Electronics,0,214.47
2022-07-08,Store_C,Electronics,0,237.71
2022-07-09,Store_C,Electronics,0,211.75
2022-07-10,Store_C,Electronics,1,254.47
2022-07-11,Store_C,Electronics,0,194.88
2022-07-12,Store_C,Electronics,0,224.18
2022-07-13,Store_C,Electronics,0,224.35
2022-07-14,Store_C,Electronics,0,212.35
2022-07-15,Store_C,Electronics,0,216.18
2022-07-16,Store_C,Electronics,1,258.72
2022-07-17,Store_C,Electronics,1,276.05
2022-07-18,Store_C,Electronics,0,221.84
2022-07-19,Store_C,Electronics,0,258.05
2022-07-20,Store_C,Electronics,0,266.3
2022-07-21,Store_C,Electronics,0,200.99
2022-07-22,Store_C,Electronics,0,266.05
2022-07-23,Store_C,Electronics,0,242.25
2022-07-24,Store_C,Electronics,0,172.84
2022-07-25,Store_C,Electronics,0,211.38
2022-07-26,Store_C,Electronics,0,246.14
2022-07-27,Store_C,Electronics,0,247.62
2022-07-28,Store_C,Electronics,0,216.4
2022-07-29,Store_C,Electronics,0,242.28
2022-07-30,Store_C,Electronics,0,231.0
2022-07-31,Store_C,Electronics,0,172.93
2022-08-01,Store_C,Electronics,0,216.73
2022-08-02,Store_C,Electronics,0,217.02
2022-08-03,Store_C,Electronics,0,265.13
2022-08-04,Store_C,Electronics,0,239.73
2022-08-05,Store_C,Electronics,0,257.21
2022-08-06,Store_C,Electronics,0,230.95
2022-08-07,Store_C,Electronics,0,186.3
2022-08-08,Store_C,Electronics,0,227.68
2022-08-09,Store_C,Electronics,0,211.13
2022-08-10,Store_C,Electronics,0,223.02
2022-08-11,Store_C,Electronics,0,233.63
2022-08-12,Store_C,Electronics,0,241.77
2022-08-13,Store_C,Electronics,0,214.56
2022-08-14,Store_C,Electronics,0,206.32
2022-08-15,Store_C,Electronics,0,212.0
2022-08-16,Store_C,Electronics,0,241.47
2022-08-17,Store_C,Electronics,1,328.29
2022-08-18,Store_C,Electronics,0,221.86
2022-08-19,Store_C,Electronics,0,284.96
2022-08-20,Store_C,Electronics,0,208.65
2022-08-21,Store_C,Electronics,0,209.19
2022-08-22,Store_C,Electronics,0,202.74
2022-08-23,Store_C,Electronics,0,256.58
2022-08-24,Store_C,Electronics,0,231.41
2022-08-25,Store_C,Electronics,0,200.84
2022-08-26,Store_C,Electronics,0,267.56
2022-08-27,Store_C,Electronics,1,289.33
2022-08-28,Store_C,Electronics,0,164.27
2022-08-29,Store_C,Electronics,0,236.2
2022-08-30,Store_C,Electronics,0,246.39
2022-08-31,Store_C,Electronics,0,242.04
2022-09-01,Store_C,Electronics,0,239.77
2022-09-02,Store_C,Electronics,0,250.12
2022-09-03,Store_C,Electronics,0,231.13
2022-09-04,Store_C,Electronics,0,211.27
2022-09-05,Store_C,Electronics,0,225.47
2022-09-06,Store_C,Electronics,0,232.06
2022-09-07,Store_C,Electronics,0,253.33
2022-09-08,Store_C,Electronics,0,252.63
2022-09-09,Store_C,Electronics,0,237.43
2022-09-10,Store_C,Electronics,1,329.5
2022-09-11,Store_C,Electronics,0,204.05
2022-09-12,Store_C,Electronics,0,228.28
2022-09-13,Store_C,Electronics,0,255.05
2022-09-14,Store_C,Electronics,0,292.11
2022-09-15,Store_C,Electronics,0,242.16
2022-09-16,Store_C,Electronics,0,256.66
2022-09-17,Store_C,Electronics,0,302.09
2022-09-18,Store_C,Electronics,0,203.18
2022-09-19,Store_C,Electronics,0,250.29
2022-09-20,Store_C,Electronics,0,269.98
2022-09-21,Store_C,Electronics,0,264.7
2022-09-22,Store_C,Electronics,0,292.61
2022-09-23,Store_C,Electronics,0,279.91
2022-09-24,Store_C,Electronics,0,235.73
2022-09-25,Store_C,Electronics,1,238.24
2022-09-26,Store_C,Electronics,0,250.43
2022-09-27,Store_C,Electronics,0,258.25
2022-09-28,Store_C,Electronics,1,306.8
2022-09-29,Store_C,Electronics,0,252.31
2022-09-30,Store_C,Electronics,1,353.57
2022-10-01,Store_C,Electronics,0,255.65
2022-10-02,Store_C,Electronics,0,217.34
2022-10-03,Store_C,Electronics,0,205.09
2022-10-04,Store_C,Electronics,0,282.82
2022-10-05,Store_C,Electronics,0,245.54
2022-10-06,Store_C,Electronics,0,249.53
2022-10-07,Store_C,Electronics,0,287.46
2022-10-08,Store_C,Electronics,0,250.57
2022-10-09,Store_C,Electronics,0,213.22
2022-10-10,Store_C,Electronics,0,225.05
2022-10-11,Store_C,Electronics,0,281.29
2022-10-12,Store_C,Electronics,0,290.02
2022-10-13,Store_C,Electronics,0,268.28
2022-10-14,Store_C,Electronics,0,248.19
2022-10-15,Store_C,Electronics,0,237.04
2022-10-16,Store_C,Electronics,0,250.17
2022-10-17,Store_C,Electronics,1,314.25
2022-10-18,Store_C,Electronics,0,332.48
2022-10-19,Store_C,Electronics,0,295.39
2022-10-20,Store_C,Electronics,0,313.48
2022-10-21,Store_C,Electronics,0,291.95
2022-10-22,Store_C,Electronics,0,269.64
2022-10-23,Store_C,Electronics,0,251.51
2022-10-24,Store_C,Electronics,0,287.36
2022-10-25,Store_C,Electronics,0,286.91
2022-10-26,Store_C,Electronics,0,309.99
2022-10-27,Store_C,Electronics,0,249.78
2022-10-28,Store_C,Electronics,0,285.49
2022-10-29,Store_C,Electronics,0,294.37
2022-10-30,Store_C,Electronics,0,238.17
2022-10-31,Store_C,Electronics,0,276.79
2022-11-01,Store_C,Electronics,0,305.86
2022-11-02,Store_C,Electronics,0,316.52
2022-11-03,Store_C,Electronics,0,306.28
2022-11-04,Store_C,Electronics,0,328.0
2022-11-05,Store_C,Electronics,0,272.05
2022-11-06,Store_C,Electronics,0,248.96
2022-11-07,Store_C,Electronics,0,274.33
2022-11-08,Store_C,Electronics,0,302.87
2022-11-09,Store_C,Electronics,0,305.76
2022-11-10,Store_C,Electronics,0,294.87
2022-11-11,Store_C,Electronics,0,265.89
2022-11-12,Store_C,Electronics,0,287.51
2022-11-13,Store_C,Electronics,1,339.43
2022-11-14,Store_C,Electronics,0,293.21
2022-11-15,Store_C,Electronics,0,298.3
2022-11-16,Store_C,Electronics,0,318.1
2022-11-17,Store_C,Electronics,0,359.47
2022-11-18,Store_C,Electronics,0,358.91
2022-11-19,Store_C,Electronics,0,285.97
2022-11-20,Store_C,Electronics,0,248.58
2022-11-21,Store_C,Electronics,0,308.59
2022-11-22,Store_C,Electronics,1,411.78
2022-11-23,Store_C,Electronics,0,330.07
2022-11-24,Store_C,Electronics,0,308.99
2022-11-25,Store_C,Electronics,0,305.14
2022-11-26,Store_C,Electronics,0,303.17
2022-11-27,Store_C,Electronics,0,261.2
2022-11-28,Store_C,Electronics,1,352.18
2022-11-29,Store_C,Electronics,0,308.19
2022-11-30,Store_C,Electronics,0,305.18
2022-12-01,Store_C,Electronics,0,326.27
2022-12-02,Store_C,Electronics,0,341.5
2022-12-03,Store_C,Electronics,0,293.15
2022-12-04,Store_C,Electronics,1,341.05
2022-12-05,Store_C,Electronics,0,295.94
2022-12-06,Store_C,Electronics,0,361.69
2022-12-07,Store_C,Electronics,0,359.74
2022-12-08,Store_C,Electronics,0,351.82
2022-12-09,Store_C,Electronics,0,330.04
2022-12-10,Store_C,Electronics,0,288.77
2022-12-11,Store_C,Electronics,0,259.78
2022-12-12,Store_C,Electronics,0,298.26
2022-12-13,Store_C,Electronics,0,327.78
2022-12-14,Store_C,Electronics,0,373.63
2022-12-15,Store_C,Electronics,0,459.29
2022-12-16,Store_C,Electronics,0,471.07
2022-12-17,Store_C,Electronics,0,472.14
2022-12-18,Store_C,Electronics,0,416.51
2022-12-19,Store_C,Electronics,0,446.43
2022-12-20,Store_C,Electronics,1,514.54
2022-12-21,Store_C,Electronics,0,435.48
2022-12-22,Store_C,Electronics,0,415.23
2022-12-23,Store_C,Electronics,0,436.23
2022-12-24,Store_C,Electronics,0,463.53
2022-12-25,Store_C,Electronics,0,393.49
2022-12-26,Store_C,Electronics,0,428.63
2022-12-27,Store_C,Electronics,0,434.28
2022-12-28,Store_C,Electronics,0,489.0
2022-12-29,Store_C,Electronics,1,513.53
2022-12-30,Store_C,Electronics,1,538.97
2022-12-31,Store_C,Electronics,0,460.02
2023-01-01,Store_C,Electronics,0,301.11
2023-01-02,Store_C,Electronics,0,340.99
2023-01-03,Store_C,Electronics,0,356.63
2023-01-04,Store_C,Electronics,0,330.28
2023-01-05,Store_C,Electronics,0,315.8
2023-01-06,Store_C,Electronics,0,408.23
2023-01-07,Store_C,Electronics,0,355.11
2023-01-08,Store_C,Electronics,0,339.47
2023-01-09,Store_C,Electronics,0,314.87
2023-01-10,Store_C,Electronics,0,375.7
2023-01-11,Store_C,Electronics,0,360.79
2023-01-12,Store_C,Electronics,0,339.81
2023-01-13,Store_C,Electronics,0,354.95
2023-01-14,Store_C,Electronics,0,353.55
2023-01-15,Store_C,Electronics,0,306.17
2023-01-16,Store_C,Electronics,0,317.18
2023-01-17,Store_C,Electronics,0,334.49
2023-01-18,Store_C,Electronics,0,349.17
2023-01-19,Store_C,Electronics,0,334.86
2023-01-20,Store_C,Electronics,0,347.41
2023-01-21,Store_C,Electronics,0,320.71
2023-01-22,Store_C,Electronics,0,297.41
2023-01-23,Store_C,Electronics,0,329.22
2023-01-24,Store_C,Electronics,0,351.5
2023-01-25,Store_C,Electronics,0,330.56
2023-01-26,Store_C,Electronics,0,368.53
2023-01-27,Store_C,Electronics,0,394.51
2023-01-28,Store_C,Electronics,1,414.38
2023-01-29,Store_C,Electronics,0,312.63
2023-01-30,Store_C,Electronics,0,325.39
2023-01-31,Store_C,Electronics,0,352.59
2023-02-01,Store_C,Electronics,0,319.36
2023-02-02,Store_C,Electronics,0,332.36
2023-02-03,Store_C,Electronics,0,352.71
2023-02-04,Store_C,Electronics,0,375.33
2023-02-05,Store_C,Electronics,0,289.03
2023-02-06,Store_C,Electronics,0,352.69
2023-02-07,Store_C,Electronics,0,344.8
2023-02-08,Store_C,Electronics,0,341.79
2023-02-09,Store_C,Electronics,0,301.34
2023-02-10,Store_C,Electronics,0,359.23
2023-02-11,Store_C,Electronics,0,320.22
2023-02-12,Store_C,Electronics,0,263.63
2023-02-13,Store_C,Electronics,0,330.04
2023-02-14,Store_C,Electronics,0,349.65
2023-02-15,Store_C,Electronics,1,421.23
2023-02-16,Store_C,Electronics,0,330.65
2023-02-17,Store_C,Electronics,0,337.11
2023-02-18,Store_C,Electronics,0,312.83
2023-02-19,Store_C,Electronics,0,320.24
2023-02-20,Store_C,Electronics,0,329.04
2023-02-21,Store_C,Electronics,0,358.95
2023-02-22,Store_C,Electronics,0,342.33
2023-02-23,Store_C,Electronics,0,311.93
2023-02-24,Store_C,Electronics,0,329.72
2023-02-25,Store_C,Electronics,0,330.91
2023-02-26,Store_C,Electronics,0,272.26
2023-02-27,Store_C,Electronics,0,277.31
2023-02-28,Store_C,Electronics,0,347.24
2023-03-01,Store_C,Electronics,0,361.02
2023-03-02,Store_C,Electronics,0,313.1
2023-03-03,Store_C,Electronics,0,313.32
2023-03-04,Store_C,Electronics,0,328.74
2023-03-05,Store_C,Electronics,0,279.86
2023-03-06,Store_C,Electronics,0,300.02
2023-03-07,Store_C,Electronics,0,340.41
2023-03-08,Store_C,Electronics,0,339.57
2023-03-09,Store_C,Electronics,1,391.17
2023-03-10,Store_C,Electronics,0,340.25
2023-03-11,Store_C,Electronics,1,370.09
2023-03-12,Store_C,Electronics,0,262.26
2023-03-13,Store_C,Electronics,1,366.88
2023-03-14,Store_C,Electronics,0,344.81
2023-03-15,Store_C,Electronics,1,398.29
2023-03-16,Store_C,Electronics,0,301.71
2023-03-17,Store_C,Electronics,0,337.1
2023-03-18,Store_C,Electronics,1,383.83
2023-03-19,Store_C,Electronics,0,258.6
2023-03-20,Store_C,Electronics,0,336.33
2023-03-21,Store_C,Electronics,0,338.39
2023-03-22,Store_C,Electronics,0,324.28
2023-03-23,Store_C,Electronics,0,345.89
2023-03-24,Store_C,Electronics,0,334.97
2023-03-25,Store_C,Electronics,0,315.14
2023-03-26,Store_C,Electronics,0,295.07
2023-03-27,Store_C,Electronics,0,308.64
2023-03-28,Store_C,Electronics,0,325.39
2023-03-29,Store_C,Electronics,0,313.37
2023-03-30,Store_C,Electronics,1,367.03
2023-03-31,Store_C,Electronics,0,319.35
2023-04-01,Store_C,Electronics,0,291.97
2023-04-02,Store_C,Electronics,0,308.33
2023-04-03,Store_C,Electronics,0,302.79
2023-04-04,Store_C,Electronics,0,306.01
2023-04-05,Store_C,Electronics,0,322.5
2023-04-06,Store_C,Electronics,0,294.03
2023-04-07,Store_C,Electronics,0,301.03
2023-04-08,Store_C,Electronics,0,263.63
2023-04-09,Store_C,Electronics,0,264.39
2023-04-10,Store_C,Electronics,0,279.99
2023-04-11,Store_C,Electronics,0,326.31
2023-04-12,Store_C,Electronics,0,298.39
2023-04-13,Store_C,Electronics,0,313.37
2023-04-14,Store_C,Electronics,0,335.21
2023-04-15,Store_C,Electronics,0,263.21
2023-04-16,Store_C,Electronics,0,268.5
2023-04-17,Store_C,Electronics,0,288.83
2023-04-18,Store_C,Electronics,0,295.65
2023-04-19,Store_C,Electronics,0,324.69
2023-04-20,Store_C,Electronics,0,302.71
2023-04-21,Store_C,Electronics,0,305.89
2023-04-22,Store_C,Electronics,0,255.85
2023-04-23,Store_C,Electronics,0,237.51
2023-04-24,Store_C,Electronics,0,286.33
2023-04-25,Store_C,Electronics,0,296.72
2023-04-26,Store_C,Electronics,0,287.15
2023-04-27,Store_C,Electronics,0,278.71
2023-04-28,Store_C,Electronics,0,299.27
2023-04-29,Store_C,Electronics,0,262.63
2023-04-30,Store_C,Electronics,1,290.59
2023-05-01,Store_C,Electronics,0,304.51
2023-05-02,Store_C,Electronics,0,236.09
2023-05-03,Store_C,Electronics,0,290.21
2023-05-04,Store_C,Electronics,0,290.88
2023-05-05,Store_C,Electronics,0,290.95
2023-05-06,Store_C,Electronics,0,260.89
2023-05-07,Store_C,Electronics,0,223.06
2023-05-08,Store_C,Electronics,0,291.08
2023-05-09,Store_C,Electronics,0,290.89
2023-05-10,Store_C,Electronics,0,294.87
2023-05-11,Store_C,Electronics,0,263.1
2023-05-12,Store_C,Electronics,0,289.08
2023-05-13,Store_C,Electronics,0,246.9
2023-05-14,Store_C,Electronics,0,262.18
2023-05-15,Store_C,Electronics,0,294.52
2023-05-16,Store_C,Electronics,0,286.09
2023-05-17,Store_C,Electronics,0,277.51
2023-05-18,Store_C,Electronics,0,262.18
2023-05-19,Store_C,Electronics,0,288.12
2023-05-20,Store_C,Electronics,0,240.72
2023-05-21,Store_C,Electronics,0,211.83
2023-05-22,Store_C,Electronics,0,222.84
2023-05-23,Store_C,Electronics,0,280.08
2023-05-24,Store_C,Electronics,1,310.3
2023-05-25,Store_C,Electronics,1,299.45
2023-05-26,Store_C,Electronics,0,289.44
2023-05-27,Store_C,Electronics,0,259.28
2023-05-28,Store_C,Electronics,0,246.27
2023-05-29,Store_C,Electronics,0,230.27
2023-05-30,Store_C,Electronics,0,257.66
2023-05-31,Store_C,Electronics,0,294.79
2023-06-01,Store_C,Electronics,0,270.41
2023-06-02,Store_C,Electronics,0,284.63
2023-06-03,Store_C,Electronics,0,235.08
2023-06-04,Store_C,Electronics,0,194.05
2023-06-05,Store_C,Electronics,0,229.91
2023-06-06,Store_C,Electronics,0,253.75
2023-06-07,Store_C,Electronics,0,193.3
2023-06-08,Store_C,Electronics,0,229.1
2023-06-09,Store_C,Electronics,0,255.83
2023-06-10,Store_C,Electronics,0,243.97
2023-06-11,Store_C,Electronics,0,223.52
2023-06-12,Store_C,Electronics,0,253.82
2023-06-13,Store_C,Electronics,1,328.43
2023-06-14,Store_C,Electronics,1,292.94
2023-06-15,Store_C,Electronics,0,262.95
2023-06-16,Store_C,Electronics,0,271.92
2023-06-17,Store_C,Electronics,0,258.65
2023-06-18,Store_C,Electronics,0,185.39
2023-06-19,Store_C,Electronics,0,252.5
2023-06-20,Store_C,Electronics,0,243.74
2023-06-21,Store_C,Electronics,0,238.77
2023-06-22,Store_C,Electronics,0,250.43
2023-06-23,Store_C,Electronics,0,253.94
2023-06-24,Store_C,Electronics,0,249.99
2023-06-25,Store_C,Electronics,0,188.01
2023-06-26,Store_C,Electronics,0,198.76
2023-06-27,Store_C,Electronics,0,236.75
2023-06-28,Store_C,Electronics,0,225.28
2023-06-29,Store_C,Electronics,0,245.77
2023-06-30,Store_C,Electronics,0,206.98
2023-07-01,Store_C,Electronics,0,257.19
2023-07-02,Store_C,Electronics,0,169.02
2023-07-03,Store_C,Electronics,0,236.86
2023-07-04,Store_C,Electronics,1,316.64
2023-07-05,Store_C,Electronics,0,209.58
2023-07-06,Store_C,Electronics,0,233.99
2023-07-07,Store_C,Electronics,0,224.35
2023-07-08,Store_C,Electronics,0,236.53
2023-07-09,Store_C,Electronics,0,177.96
2023-07-10,Store_C,Electronics,0,177.53
2023-07-11,Store_C,Electronics,0,249.94
2023-07-12,Store_C,Electronics,0,244.41
2023-07-13,Store_C,Electronics,0,228.87
2023-07-14,Store_C,Electronics,0,213.77
2023-07-15,Store_C,Electronics,0,194.6
2023-07-16,Store_C,Electronics,1,247.82
2023-07-17,Store_C,Electronics,0,233.54
2023-07-18,Store_C,Electronics,0,253.2
2023-07-19,Store_C,Electronics,0,254.58
2023-07-20,Store_C,Electronics,0,253.88
2023-07-21,Store_C,Electronics,0,236.75
2023-07-22,Store_C,Electronics,0,241.36
2023-07-23,Store_C,Electronics,0,158.16
2023-07-24,Store_C,Electronics,0,259.97
2023-07-25,Store_C,Electronics,0,224.4
2023-07-26,Store_C,Electronics,0,254.28
2023-07-27,Store_C,Electronics,0,262.06
2023-07-28,Store_C,Electronics,0,241.03
2023-07-29,Store_C,Electronics,0,239.67
2023-07-30,Store_C,Electronics,0,193.23
2023-07-31,Store_C,Electronics,0,206.36
2023-08-01,Store_C,Electronics,0,227.4
2023-08-02,Store_C,Electronics,0,222.67
2023-08-03,Store_C,Electronics,0,175.95
2023-08-04,Store_C,Electronics,0,246.36
2023-08-05,Store_C,Electronics,1,282.27
2023-08-06,Store_C,Electronics,0,132.51
2023-08-07,Store_C,Electronics,0,200.74
2023-08-08,Store_C,Electronics,0,253.45
2023-08-09,Store_C,Electronics,0,250.24
2023-08-10,Store_C,Electronics,0,251.77
2023-08-11,Store_C,Electronics,0,242.93
2023-08-12,Store_C,Electronics,0,212.36
2023-08-13,Store_C,Electronics,0,205.36
2023-08-14,Store_C,Electronics,0,231.84
2023-08-15,Store_C,Electronics,0,249.53
2023-08-16,Store_C,Electronics,0,234.49
2023-08-17,Store_C,Electronics,0,234.18
2023-08-18,Store_C,Electronics,0,231.22
2023-08-19,Store_C,Electronics,0,222.83
2023-08-20,Store_C,Electronics,0,219.74
2023-08-21,Store_C,Electronics,0,211.21
2023-08-22,Store_C,Electronics,0,265.14
2023-08-23,Store_C,Electronics,0,260.53
2023-08-24,Store_C,Electronics,0,270.25
2023-08-25,Store_C,Electronics,1,288.34
2023-08-26,Store_C,Electronics,0,246.94
2023-08-27,Store_C,Electronics,0,204.38
2023-08-28,Store_C,Electronics,0,194.5
2023-08-29,Store_C,Electronics,0,236.83
2023-08-30,Store_C,Electronics,0,252.06
2023-08-31,Store_C,Electronics,0,283.33
2023-09-01,Store_C,Electronics,0,249.13
2023-09-02,Store_C,Electronics,0,223.25
2023-09-03,Store_C,Electronics,0,176.22
2023-09-04,Store_C,Electronics,0,198.35
2023-09-05,Store_C,Electronics,0,298.65
2023-09-06,Store_C,Electronics,1,329.36
2023-09-07,Store_C,Electronics,0,225.95
2023-09-08,Store_C,Electronics,0,293.09
2023-09-09,Store_C,Electronics,0,286.47
2023-09-10,Store_C,Electronics,1,254.05
2023-09-11,Store_C,Electronics,0,225.27
2023-09-12,Store_C,Electronics,0,283.17
2023-09-13,Store_C,Electronics,0,280.97
2023-09-14,Store_C,Electronics,0,247.02
2023-09-15,Store_C,Electronics,0,295.23
2023-09-16,Store_C,Electronics,0,223.93
2023-09-17,Store_C,Electronics,1,223.92
2023-09-18,Store_C,Electronics,0,217.48
2023-09-19,Store_C,Electronics,0,250.91
2023-09-20,Store_C,Electronics,0,255.7
2023-09-21,Store_C,Electronics,0,214.17
2023-09-22,Store_C,Electronics,0,269.44
2023-09-23,Store_C,Electronics,0,271.69
2023-09-24,Store_C,Electronics,1,300.79
2023-09-25,Store_C,Electronics,0,260.95
2023-09-26,Store_C,Electronics,0,293.25
2023-09-27,Store_C,Electronics,0,287.15
2023-09-28,Store_C,Electronics,0,251.14
2023-09-29,Store_C,Electronics,0,248.26
2023-09-30,Store_C,Electronics,0,231.45
2023-10-01,Store_C,Electronics,0,228.3
2023-10-02,Store_C,Electronics,0,233.91
2023-10-03,Store_C,Electronics,0,279.17
2023-10-04,Store_C,Electronics,0,261.03
2023-10-05,Store_C,Electronics,0,294.75
2023-10-06,Store_C,Electronics,0,282.85
2023-10-07,Store_C,Electronics,0,268.03
2023-10-08,Store_C,Electronics,0,228.92
2023-10-09,Store_C,Electronics,0,200.25
2023-10-10,Store_C,Electronics,0,307.97
2023-10-11,Store_C,Electronics,0,269.93
2023-10-12,Store_C,Electronics,0,272.17
2023-10-13,Store_C,Electronics,0,297.21
2023-10-14,Store_C,Electronics,0,263.93
2023-10-15,Store_C,Electronics,0,250.93
2023-10-16,Store_C,Electronics,0,286.15
2023-10-17,Store_C,Electronics,0,256.07
2023-10-18,Store_C,Electronics,0,312.3
2023-10-19,Store_C,Electronics,1,307.58
2023-10-20,Store_C,Electronics,0,287.19
2023-10-21,Store_C,Electronics,0,275.74
2023-10-22,Store_C,Electronics,0,235.46
2023-10-23,Store_C,Electronics,0,296.87
2023-10-24,Store_C,Electronics,0,288.72
2023-10-25,Store_C,Electronics,0,295.86
2023-10-26,Store_C,Electronics,0,262.67
2023-10-27,Store_C,Electronics,1,379.85
2023-10-28,Store_C,Electronics,0,289.31
2023-10-29,Store_C,Electronics,0,262.47
2023-10-30,Store_C,Electronics,0,252.39
2023-10-31,Store_C,Electronics,0,339.56
2023-11-01,Store_C,Electronics,0,327.58
2023-11-02,Store_C,Electronics,0,367.6
2023-11-03,Store_C,Electronics,0,317.57
2023-11-04,Store_C,Electronics,0,320.32
2023-11-05,Store_C,Electronics,0,295.02
2023-11-06,Store_C,Electronics,0,291.91
2023-11-07,Store_C,Electronics,0,307.84
2023-11-08,Store_C,Electronics,0,309.06
2023-11-09,Store_C,Electronics,0,296.16
2023-11-10,Store_C,Electronics,0,326.91
2023-11-11,Store_C,Electronics,0,302.48
2023-11-12,Store_C,Electronics,0,279.91
2023-11-13,Store_C,Electronics,0,320.85
2023-11-14,Store_C,Electronics,1,358.95
2023-11-15,Store_C,Electronics,0,301.95
2023-11-16,Store_C,Electronics,0,299.83
2023-11-17,Store_C,Electronics,0,295.14
2023-11-18,Store_C,Electronics,0,346.49
2023-11-19,Store_C,Electronics,0,294.77
2023-11-20,Store_C,Electronics,0,294.53
2023-11-21,Store_C,Electronics,0,322.19
2023-11-22,Store_C,Electronics,0,338.25
2023-11-23,Store_C,Electronics,0,299.33
2023-11-24,Store_C,Electronics,0,329.13
2023-11-25,Store_C,Electronics,0,305.22
2023-11-26,Store_C,Electronics,0,279.64
2023-11-27,Store_C,Electronics,0,306.02
2023-11-28,Store_C,Electronics,0,327.49
2023-11-29,Store_C,Electronics,0,357.2
2023-11-30,Store_C,Electronics,0,318.2
2023-12-01,Store_C,Electronics,0,340.42
2023-12-02,Store_C,Electronics,0,295.75
2023-12-03,Store_C,Electronics,0,297.07
2023-12-04,Store_C,Electronics,0,312.85
2023-12-05,Store_C,Electronics,0,350.85
2023-12-06,Store_C,Electronics,0,325.22
2023-12-07,Store_C,Electronics,0,303.87
2023-12-08,Store_C,Electronics,1,405.9
2023-12-09,Store_C,Electronics,0,292.58
2023-12-10,Store_C,Electronics,0,323.41
2023-12-11,Store_C,Electronics,0,309.18
2023-12-12,Store_C,Electronics,0,293.43
2023-12-13,Store_C,Electronics,0,336.91
2023-12-14,Store_C,Electronics,0,326.99
2023-12-15,Store_C,Electronics,0,500.25
2023-12-16,Store_C,Electronics,0,455.54
2023-12-17,Store_C,Electronics,0,385.37
2023-12-18,Store_C,Electronics,0,446.15
2023-12-19,Store_C,Electronics,0,465.17
2023-12-20,Store_C,Electronics,0,467.05
2023-12-21,Store_C,Electronics,0,447.1
2023-12-22,Store_C,Electronics,0,493.78
2023-12-23,Store_C,Electronics,0,458.45
2023-12-24,Store_C,Electronics,0,415.86
2023-12-25,Store_C,Electronics,0,466.11
2023-12-26,Store_C,Electronics,0,484.04
2023-12-27,Store_C,Electronics,0,481.96
2023-12-28,Store_C,Electronics,0,444.04
2023-12-29,Store_C,Electronics,0,472.32
2023-12-30,Store_C,Electronics,0,459.63
2023-12-31,Store_C,Electronics,0,394.14
2024-01-01,Store_C,Electronics,0,315.68
2024-01-02,Store_C,Electronics,0,351.69
2024-01-03,Store_C,Electronics,0,368.94
2024-01-04,Store_C,Electronics,0,351.06
2024-01-05,Store_C,Electronics,1,392.12
2024-01-06,Store_C,Electronics,0,336.67
2024-01-07,Store_C,Electronics,0,286.41
2024-01-08,Store_C,Electronics,0,291.52
2024-01-09,Store_C,Electronics,0,350.08
2024-01-10,Store_C,Electronics,0,349.21
2024-01-11,Store_C,Electronics,0,342.32
2024-01-12,Store_C,Electronics,0,373.46
2024-01-13,Store_C,Electronics,0,352.59
2024-01-14,Store_C,Electronics,0,341.7
2024-01-15,Store_C,Electronics,0,332.04
2024-01-16,Store_C,Electronics,0,382.17
2024-01-17,Store_C,Electronics,0,339.36
2024-01-18,Store_C,Electronics,0,349.98
2024-01-19,Store_C,Electronics,0,349.53
2024-01-20,Store_C,Electronics,0,341.14
2024-01-21,Store_C,Electronics,0,320.99
2024-01-22,Store_C,Electronics,0,324.23
2024-01-23,Store_C,Electronics,0,375.05
2024-01-24,Store_C,Electronics,1,411.3
2024-01-25,Store_C,Electronics,0,321.65
2024-01-26,Store_C,Electronics,0,367.84
2024-01-27,Store_C,Electronics,0,351.38
2024-01-28,Store_C,Electronics,0,297.79
2024-01-29,Store_C,Electronics,0,341.6
2024-01-30,Store_C,Electronics,0,315.32
2024-01-31,Store_C,Electronics,0,341.12
2024-02-01,Store_C,Electronics,0,351.07
2024-02-02,Store_C,Electronics,0,358.3
2024-02-03,Store_C,Electronics,0,332.73
2024-02-04,Store_C,Electronics,0,306.04
2024-02-05,Store_C,Electronics,0,346.94
2024-02-06,Store_C,Electronics,0,359.81
2024-02-07,Store_C,Electronics,0,374.0
2024-02-08,Store_C,Electronics,0,349.23
2024-02-09,Store_C,Electronics,0,385.54
2024-02-10,Store_C,Electronics,0,333.72
2024-02-11,Store_C,Electronics,0,321.77
2024-02-12,Store_C,Electronics,0,294.59
2024-02-13,Store_C,Electronics,0,327.42
2024-02-14,Store_C,Electronics,0,368.68
2024-02-15,Store_C,Electronics,0,314.54
2024-02-16,Store_C,Electronics,1,416.47
2024-02-17,Store_C,Electronics,0,365.17
2024-02-18,Store_C,Electronics,0,277.69
2024-02-19,Store_C,Electronics,1,404.62
2024-02-20,Store_C,Electronics,0,340.76
2024-02-21,Store_C,Electronics,0,331.05
2024-02-22,Store_C,Electronics,0,336.03
2024-02-23,Store_C,Electronics,0,378.29
2024-02-24,Store_C,Electronics,0,312.99
2024-02-25,Store_C,Electronics,0,269.69
2024-02-26,Store_C,Electronics,0,331.49
2024-02-27,Store_C,Electronics,0,333.87
2024-02-28,Store_C,Electronics,0,388.56
2024-02-29,Store_C,Electronics,0,337.71
2024-03-01,Store_C,Electronics,0,370.88
2024-03-02,Store_C,Electronics,0,338.77
2024-03-03,Store_C,Electronics,0,267.17
2024-03-04,Store_C,Electronics,0,298.54
2024-03-05,Store_C,Electronics,0,325.34
2024-03-06,Store_C,Electronics,0,355.32
2024-03-07,Store_C,Electronics,0,327.41
2024-03-08,Store_C,Electronics,0,312.72
2024-03-09,Store_C,Electronics,1,406.76
2024-03-10,Store_C,Electronics,0,330.08
2024-03-11,Store_C,Electronics,0,290.01
2024-03-12,Store_C,Electronics,0,316.9
2024-03-13,Store_C,Electronics,0,328.17
2024-03-14,Store_C,Electronics,0,320.21
2024-03-15,Store_C,Electronics,0,322.59
2024-03-16,Store_C,Electronics,0,348.43
2024-03-17,Store_C,Electronics,0,313.89
2024-03-18,Store_C,Electronics,0,308.18
2024-03-19,Store_C,Electronics,1,392.84
2024-03-20,Store_C,Electronics,0,302.99
2024-03-21,Store_C,Electronics,0,294.76
2024-03-22,Store_C,Electronics,0,296.1
2024-03-23,Store_C,Electronics,0,306.94
2024-03-24,Store_C,Electronics,0,267.58
2024-03-25,Store_C,Electronics,0,311.81
2024-03-26,Store_C,Electronics,0,326.96
2024-03-27,Store_C,Electronics,0,314.0
2024-03-28,Store_C,Electronics,0,324.28
2024-03-29,Store_C,Electronics,0,378.54
2024-03-30,Store_C,Electronics,0,326.56
2024-03-31,Store_C,Electronics,0,260.06
2024-04-01,Store_C,Electronics,0,298.89
2024-04-02,Store_C,Electronics,0,298.24
2024-04-03,Store_C,Electronics,0,301.63
2024-04-04,Store_C,Electronics,0,339.59
2024-04-05,Store_C,Electronics,1,393.77
2024-04-06,Store_C,Electronics,0,326.67
2024-04-07,Store_C,Electronics,1,322.53
2024-04-08,Store_C,Electronics,0,265.81
2024-04-09,Store_C,Electronics,0,286.53
2024-04-10,Store_C,Electronics,1,363.82
2024-04-11,Store_C,Electronics,0,306.7
2024-04-12,Store_C,Electronics,0,289.28
2024-04-13,Store_C,Electronics,0,300.8
2024-04-14,Store_C,Electronics,0,267.64
2024-04-15,Store_C,Electronics,0,258.71
2024-04-16,Store_C,Electronics,0,325.6
2024-04-17,Store_C,Electronics,0,358.26
2024-04-18,Store_C,Electronics,0,309.93
2024-04-19,Store_C,Electronics,0,309.27
2024-04-20,Store_C,Electronics,0,279.06
2024-04-21,Store_C,Electronics,0,256.56
2024-04-22,Store_C,Electronics,0,279.98
2024-04-23,Store_C,Electronics,0,300.09
2024-04-24,Store_C,Electronics,0,310.7
2024-04-25,Store_C,Electronics,0,266.85
2024-04-26,Store_C,Electronics,0,318.98
2024-04-27,Store_C,Electronics,0,260.32
2024-04-28,Store_C,Electronics,0,217.44
2024-04-29,Store_C,Electronics,0,229.0
2024-04-30,Store_C,Electronics,0,303.77
2024-05-01,Store_C,Electronics,0,304.79
2024-05-02,Store_C,Electronics,0,278.82
2024-05-03,Store_C,Electronics,0,286.19
2024-05-04,Store_C,Electronics,0,271.18
2024-05-05,Store_C,Electronics,0,218.05
2024-05-06,Store_C,Electronics,0,266.62
2024-05-07,Store_C,Electronics,0,243.89
2024-05-08,Store_C,Electronics,0,256.0
2024-05-09,Store_C,Electronics,1,318.16
2024-05-10,Store_C,Electronics,0,294.67
2024-05-11,Store_C,Electronics,0,272.01
2024-05-12,Store_C,Electronics,0,257.47
2024-05-13,Store_C,Electronics,0,249.89
2024-05-14,Store_C,Electronics,0,295.16
2024-05-15,Store_C,Electronics,0,286.36
2024-05-16,Store_C,Electronics,0,227.2
2024-05-17,Store_C,Electronics,0,264.17
2024-05-18,Store_C,Electronics,0,248.4
2024-05-19,Store_C,Electronics,0,209.83
2024-05-20,Store_C,Electronics,1,305.93
2024-05-21,Store_C,Electronics,0,294.51
2024-05-22,Store_C,Electronics,0,274.86
2024-05-23,Store_C,Electronics,0,247.66
2024-05-24,Store_C,Electronics,0,297.33
2024-05-25,Store_C,Electronics,1,343.06
2024-05-26,Store_C,Electronics,0,174.45
2024-05-27,Store_C,Electronics,0,241.69
2024-05-28,Store_C,Electronics,0,291.78
2024-05-29,Store_C,Electronics,0,268.29
2024-05-30,Store_C,Electronics,0,234.37
2024-05-31,Store_C,Electronics,0,290.36
2024-06-01,Store_C,Electronics,0,233.27
2024-06-02,Store_C,Electronics,0,216.16
2024-06-03,Store_C,Electronics,0,233.26
2024-06-04,Store_C,Electronics,0,230.73
2024-06-05,Store_C,Electronics,0,288.29
2024-06-06,Store_C,Electronics,0,257.06
2024-06-07,Store_C,Electronics,0,297.18
2024-06-08,Store_C,Electronics,0,250.07
2024-06-09,Store_C,Electronics,0,189.91
2024-06-10,Store_C,Electronics,0,203.23
2024-06-11,Store_C,Electronics,0,275.81
2024-06-12,Store_C,Electronics,0,242.58
2024-06-13,Store_C,Electronics,0,293.72
2024-06-14,Store_C,Electronics,0,301.27
2024-06-15,Store_C,Electronics,0,247.78
2024-06-16,Store_C,Electronics,0,198.78
2024-06-17,Store_C,Electronics,0,214.53
2024-06-18,Store_C,Electronics,1,305.21
2024-06-19,Store_C,Electronics,0,302.75
2024-06-20,Store_C,Electronics,0,232.67
2024-06-21,Store_C,Electronics,0,270.19
2024-06-22,Store_C,Electronics,0,253.94
2024-06-23,Store_C,Electronics,0,220.72
2024-06-24,Store_C,Electronics,0,233.01
2024-06-25,Store_C,Electronics,0,249.51
2024-06-26,Store_C,Electronics,0,239.82
2024-06-27,Store_C,Electronics,0,248.4
2024-06-28,Store_C,Electronics,0,263.82
2024-06-29,Store_C,Electronics,1,295.47
2024-06-30,Store_C,Electronics,1,270.65
2024-07-01,Store_C,Electronics,0,220.65
2024-07-02,Store_C,Electronics,0,253.39
2024-07-03,Store_C,Electronics,0,267.6
2024-07-04,Store_C,Electronics,0,238.73
2024-07-05,Store_C,Electronics,0,271.94
2024-07-06,Store_C,Electronics,0,240.78
2024-07-07,Store_C,Electronics,0,216.03
2024-07-08,Store_C,Electronics,0,214.57
2024-07-09,Store_C,Electronics,0,226.19
2024-07-10,Store_C,Electronics,1,320.67
2024-07-11,Store_C,Electronics,0,267.58
2024-07-12,Store_C,Electronics,0,272.02
2024-07-13,Store_C,Electronics,0,269.92
2024-07-14,Store_C,Electronics,1,250.01
2024-07-15,Store_C,Electronics,1,283.3
2024-07-16,Store_C,Electronics,0,226.2
2024-07-17,Store_C,Electronics,0,227.07
2024-07-18,Store_C,Electronics,0,263.15
2024-07-19,Store_C,Electronics,0,280.95
2024-07-20,Store_C,Electronics,0,248.69
2024-07-21,Store_C,Electronics,0,185.9
2024-07-22,Store_C,Electronics,0,234.4
2024-07-23,Store_C,Electronics,0,269.91
2024-07-24,Store_C,Electronics,0,286.86
2024-07-25,Store_C,Electronics,1,269.75
2024-07-26,Store_C,Electronics,0,247.95
2024-07-27,Store_C,Electronics,0,228.86
2024-07-28,Store_C,Electronics,0,191.82
2024-07-29,Store_C,Electronics,0,230.92
2024-07-30,Store_C,Electronics,0,208.27
2024-07-31,Store_C,Electronics,0,242.55
2024-08-01,Store_C,Electronics,0,227.24
2024-08-02,Store_C,Electronics,0,257.37
2024-08-03,Store_C,Electronics,0,242.73
2024-08-04,Store_C,Electronics,0,192.75
2024-08-05,Store_C,Electronics,0,262.47
2024-08-06,Store_C,Electronics,0,245.03
2024-08-07,Store_C,Electronics,0,263.81
2024-08-08,Store_C,Electronics,0,250.35
2024-08-09,Store_C,Electronics,0,240.1
2024-08-10,Store_C,Electronics,0,224.08
2024-08-11,Store_C,Electronics,0,212.79
2024-08-12,Store_C,Electronics,0,251.17
2024-08-13,Store_C,Electronics,0,284.88
2024-08-14,Store_C,Electronics,1,303.47
2024-08-15,Store_C,Electronics,0,259.77
2024-08-16,Store_C,Electronics,0,260.22
2024-08-17,Store_C,Electronics,0,269.62
2024-08-18,Store_C,Electronics,0,209.35
2024-08-19,Store_C,Electronics,0,239.03
2024-08-20,Store_C,Electronics,0,283.21
2024-08-21,Store_C,Electronics,0,292.29
2024-08-22,Store_C,Electronics,0,245.85
2024-08-23,Store_C,Electronics,0,232.73
2024-08-24,Store_C,Electronics,0,233.19
2024-08-25,Store_C,Electronics,0,249.2
2024-08-26,Store_C,Electronics,0,243.71
2024-08-27,Store_C,Electronics,0,239.74
2024-08-28,Store_C,Electronics,0,252.56
2024-08-29,Store_C,Electronics,0,269.36
2024-08-30,Store_C,Electronics,0,307.01
2024-08-31,Store_C,Electronics,0,252.06
2024-09-01,Store_C,Electronics,0,236.03
2024-09-02,Store_C,Electronics,0,255.2
2024-09-03,Store_C,Electronics,0,268.7
2024-09-04,Store_C,Electronics,0,283.21
2024-09-05,Store_C,Electronics,1,322.05
2024-09-06,Store_C,Electronics,0,299.37
2024-09-07,Store_C,Electronics,0,272.12
2024-09-08,Store_C,Electronics,1,249.8
2024-09-09,Store_C,Electronics,0,237.42
2024-09-10,Store_C,Electronics,0,248.88
2024-09-11,Store_C,Electronics,0,276.43
2024-09-12,Store_C,Electronics,0,252.49
2024-09-13,Store_C,Electronics,0,266.06
2024-09-14,Store_C,Electronics,0,237.96
2024-09-15,Store_C,Electronics,0,180.31
2024-09-16,Store_C,Electronics,0,272.48
2024-09-17,Store_C,Electronics,0,298.28
2024-09-18,Store_C,Electronics,0,254.87
2024-09-19,Store_C,Electronics,0,269.37
2024-09-20,Store_C,Electronics,0,249.96
2024-09-21,Store_C,Electronics,0,251.98
2024-09-22,Store_C,Electronics,0,220.49
2024-09-23,Store_C,Electronics,0,238.97
2024-09-24,Store_C,Electronics,0,290.09
2024-09-25,Store_C,Electronics,0,235.02
2024-09-26,Store_C,Electronics,0,252.81
2024-09-27,Store_C,Electronics,0,307.63
2024-09-28,Store_C,Electronics,0,238.22
2024-09-29,Store_C,Electronics,0,218.68
2024-09-30,Store_C,Electronics,0,279.17
2024-10-01,Store_C,Electronics,0,326.06
2024-10-02,Store_C,Electronics,0,317.74
2024-10-03,Store_C,Electronics,0,268.82
2024-10-04,Store_C,Electronics,0,337.78
2024-10-05,Store_C,Electronics,0,298.39
2024-10-06,Store_C,Electronics,0,215.31
2024-10-07,Store_C,Electronics,0,232.16
2024-10-08,Store_C,Electronics,0,307.6
2024-10-09,Store_C,Electronics,0,295.39
2024-10-10,Store_C,Electronics,0,257.38
2024-10-11,Store_C,Electronics,0,299.23
2024-10-12,Store_C,Electronics,0,309.09
2024-10-13,Store_C,Electronics,0,232.86
2024-10-14,Store_C,Electronics,0,258.32
2024-10-15,Store_C,Electronics,0,293.8
2024-10-16,Store_C,Electronics,0,303.62
2024-10-17,Store_C,Electronics,0,280.94
2024-10-18,Store_C,Electronics,0,322.21
2024-10-19,Store_C,Electronics,0,308.22
2024-10-20,Store_C,Electronics,0,250.69
2024-10-21,Store_C,Electronics,0,264.55
2024-10-22,Store_C,Electronics,0,294.26
2024-10-23,Store_C,Electronics,0,340.34
2024-10-24,Store_C,Electronics,0,336.62
2024-10-25,Store_C,Electronics,0,289.28
2024-10-26,Store_C,Electronics,0,277.53
2024-10-27,Store_C,Electronics,0,248.73
2024-10-28,Store_C,Electronics,0,314.65
2024-10-29,Store_C,Electronics,0,303.84
2024-10-30,Store_C,Electronics,0,331.01
2024-10-31,Store_C,Electronics,0,298.64
2024-11-01,Store_C,Electronics,0,313.21
2024-11-02,Store_C,Electronics,0,302.27
2024-11-03,Store_C,Electronics,0,242.12
2024-11-04,Store_C,Electronics,0,307.23
2024-11-05,Store_C,Electronics,0,303.93
2024-11-06,Store_C,Electronics,0,313.15
2024-11-07,Store_C,Electronics,0,292.25
2024-11-08,Store_C,Electronics,0,362.79
2024-11-09,Store_C,Electronics,0,304.76
2024-11-10,Store_C,Electronics,0,277.44
2024-11-11,Store_C,Electronics,0,257.55
2024-11-12,Store_C,Electronics,0,273.87
2024-11-13,Store_C,Electronics,0,308.27
2024-11-14,Store_C,Electronics,0,336.39
2024-11-15,Store_C,Electronics,0,339.83
2024-11-16,Store_C,Electronics,0,355.35
2024-11-17,Store_C,Electronics,0,303.58
2024-11-18,Store_C,Electronics,1,352.91
2024-11-19,Store_C,Electronics,0,327.56
2024-11-20,Store_C,Electronics,0,366.07
2024-11-21,Store_C,Electronics,0,316.17
2024-11-22,Store_C,Electronics,0,356.96
2024-11-23,Store_C,Electronics,0,299.33
2024-11-24,Store_C,Electronics,0,292.26
2024-11-25,Store_C,Electronics,0,310.76
2024-11-26,Store_C,Electronics,0,320.94
2024-11-27,Store_C,Electronics,0,341.17
2024-11-28,Store_C,Electronics,1,397.98
2024-11-29,Store_C,Electronics,0,368.54
2024-11-30,Store_C,Electronics,0,365.15
2024-12-01,Store_C,Electronics,0,307.9
2024-12-02,Store_C,Electronics,0,342.27
2024-12-03,Store_C,Electronics,0,323.72
2024-12-04,Store_C,Electronics,0,327.46
2024-12-05,Store_C,Electronics,0,344.22
2024-12-06,Store_C,Electronics,0,327.98
2024-12-07,Store_C,Electronics,0,332.38
2024-12-08,Store_C,Electronics,0,312.48
2024-12-09,Store_C,Electronics,0,351.02
2024-12-10,Store_C,Electronics,0,354.85
2024-12-11,Store_C,Electronics,0,333.8
2024-12-12,Store_C,Electronics,1,402.03
2024-12-13,Store_C,Electronics,0,361.22
2024-12-14,Store_C,Electronics,0,327.81
2024-12-15,Store_C,Electronics,0,389.13
2024-12-16,Store_C,Electronics,0,463.06
2024-12-17,Store_C,Electronics,0,467.48
2024-12-18,Store_C,Electronics,0,492.25
2024-12-19,Store_C,Electronics,0,467.05
2024-12-20,Store_C,Electronics,0,478.33
2024-12-21,Store_C,Electronics,0,458.68
2024-12-22,Store_C,Electronics,0,423.24
2024-12-23,Store_C,Electronics,0,461.06
2024-12-24,Store_C,Electronics,0,429.6
2024-12-25,Store_C,Electronics,1,556.62
2024-12-26,Store_C,Electronics,0,474.07
2024-12-27,Store_C,Electronics,0,502.51
2024-12-28,Store_C,Electronics,0,499.42
2024-12-29,Store_C,Electronics,0,414.04
2024-12-30,Store_C,Electronics,0,424.24
2024-12-31,Store_C,Electronics,0,482.41
2021-01-01,Store_C,Clothing,0,418.62
2021-01-02,Store_C,Clothing,0,386.15
2021-01-03,Store_C,Clothing,0,354.44
2021-01-04,Store_C,Clothing,0,359.02
2021-01-05,Store_C,Clothing,0,400.72
2021-01-06,Store_C,Clothing,1,507.04
2021-01-07,Store_C,Clothing,0,384.88
2021-01-08,Store_C,Clothing,0,421.34
2021-01-09,Store_C,Clothing,0,389.32
2021-01-10,Store_C,Clothing,1,399.68
2021-01-11,Store_C,Clothing,0,396.86
2021-01-12,Store_C,Clothing,0,425.91
2021-01-13,Store_C,Clothing,0,433.0
2021-01-14,Store_C,Clothing,0,391.21
2021-01-15,Store_C,Clothing,0,442.41
2021-01-16,Store_C,Clothing,0,422.14
2021-01-17,Store_C,Clothing,0,273.3
2021-01-18,Store_C,Clothing,0,412.0
2021-01-19,Store_C,Clothing,0,406.26
2021-01-20,Store_C,Clothing,0,421.52
2021-01-21,Store_C,Clothing,0,369.87
2021-01-22,Store_C,Clothing,0,458.57
2021-01-23,Store_C,Clothing,0,391.85
2021-01-24,Store_C,Clothing,0,315.09
2021-01-25,Store_C,Clothing,0,413.07
2021-01-26,Store_C,Clothing,0,405.41
2021-01-27,Store_C,Clothing,0,465.7
2021-01-28,Store_C,Clothing,1,476.41
2021-01-29,Store_C,Clothing,0,402.53
2021-01-30,Store_C,Clothing,0,419.84
2021-01-31,Store_C,Clothing,0,340.79
2021-02-01,Store_C,Clothing,0,393.22
2021-02-02,Store_C,Clothing,0,391.83
2021-02-03,Store_C,Clothing,0,428.84
2021-02-04,Store_C,Clothing,0,384.65
2021-02-05,Store_C,Clothing,0,438.45
2021-02-06,Store_C,Clothing,0,395.36
2021-02-07,Store_C,Clothing,0,349.0
2021-02-08,Store_C,Clothing,0,309.19
2021-02-09,Store_C,Clothing,0,400.58
2021-02-10,Store_C,Clothing,0,413.08
2021-02-11,Store_C,Clothing,0,410.72
2021-02-12,Store_C,Clothing,0,390.67
2021-02-13,Store_C,Clothing,0,402.08
2021-02-14,Store_C,Clothing,0,405.71
2021-02-15,Store_C,Clothing,1,483.46
2021-02-16,Store_C,Clothing,0,400.11
2021-02-17,Store_C,Clothing,0,413.82
2021-02-18,Store_C,Clothing,0,377.67
2021-02-19,Store_C,Clothing,0,428.4
2021-02-20,Store_C,Clothing,0,359.84
2021-02-21,Store_C,Clothing,0,328.97
2021-02-22,Store_C,Clothing,0,351.17
2021-02-23,Store_C,Clothing,0,389.66
2021-02-24,Store_C,Clothing,0,413.0
2021-02-25,Store_C,Clothing,0,329.59
2021-02-26,Store_C,Clothing,0,402.33
2021-02-27,Store_C,Clothing,0,374.78
2021-02-28,Store_C,Clothing,0,358.64
2021-03-01,Store_C,Clothing,0,342.3
2021-03-02,Store_C,Clothing,0,401.62
2021-03-03,Store_C,Clothing,0,398.68
2021-03-04,Store_C,Clothing,0,406.38
2021-03-05,Store_C,Clothing,0,426.99
2021-03-06,Store_C,Clothing,0,424.5
2021-03-07,Store_C,Clothing,0,356.4
2021-03-08,Store_C,Clothing,0,367.51
2021-03-09,Store_C,Clothing,0,410.51
2021-03-10,Store_C,Clothing,0,390.83
2021-03-11,Store_C,Clothing,0,377.54
2021-03-12,Store_C,Clothing,0,403.05
2021-03-13,Store_C,Clothing,0,354.85
2021-03-14,Store_C,Clothing,0,355.77
2021-03-15,Store_C,Clothing,0,378.8
2021-03-16,Store_C,Clothing,0,419.12
2021-03-17,Store_C,Clothing,0,387.21
2021-03-18,Store_C,Clothing,1,446.46
2021-03-19,Store_C,Clothing,0,376.59
2021-03-20,Store_C,Clothing,0,341.04
2021-03-21,Store_C,Clothing,1,413.99
2021-03-22,Store_C,Clothing,0,319.56
2021-03-23,Store_C,Clothing,0,348.58
2021-03-24,Store_C,Clothing,0,399.56
2021-03-25,Store_C,Clothing,0,365.7
2021-03-26,Store_C,Clothing,0,402.99
2021-03-27,Store_C,Clothing,0,344.01
2021-03-28,Store_C,Clothing,0,355.53
2021-03-29,Store_C,Clothing,0,317.4
2021-03-30,Store_C,Clothing,0,357.21
2021-03-31,Store_C,Clothing,0,358.7
2021-04-01,Store_C,Clothing,0,398.94
2021-04-02,Store_C,Clothing,0,368.43
2021-04-03,Store_C,Clothing,0,331.12
2021-04-04,Store_C,Clothing,0,362.84
2021-04-05,Store_C,Clothing,0,371.98
2021-04-06,Store_C,Clothing,0,392.89
2021-04-07,Store_C,Clothing,0,406.99
2021-04-08,Store_C,Clothing,0,322.76
2021-04-09,Store_C,Clothing,1,492.4
2021-04-10,Store_C,Clothing,0,342.15
2021-04-11,Store_C,Clothing,0,302.8
2021-04-12,Store_C,Clothing,0,323.62
2021-04-13,Store_C,Clothing,0,389.07
2021-04-14,Store_C,Clothing,0,303.31
2021-04-15,Store_C,Clothing,0,311.4
2021-04-16,Store_C,Clothing,0,400.23
2021-04-17,Store_C,Clothing,0,323.73
2021-04-18,Store_C,Clothing,0,319.6
2021-04-19,Store_C,Clothing,0,299.21
2021-04-20,Store_C,Clothing,0,339.88
2021-04-21,Store_C,Clothing,0,401.11
2021-04-22,Store_C,Clothing,0,349.89
2021-04-23,Store_C,Clothing,0,358.81
2021-04-24,Store_C,Clothing,0,344.49
2021-04-25,Store_C,Clothing,0,304.9
2021-04-26,Store_C,Clothing,0,311.16
2021-04-27,Store_C,Clothing,0,353.38
2021-04-28,Store_C,Clothing,0,406.03
2021-04-29,Store_C,Clothing,1,376.58
2021-04-30,Store_C,Clothing,0,350.35
2021-05-01,Store_C,Clothing,0,311.28
2021-05-02,Store_C,Clothing,0,248.34
2021-05-03,Store_C,Clothing,0,303.93
2021-05-04,Store_C,Clothing,0,309.03
2021-05-05,Store_C,Clothing,0,312.22
2021-05-06,Store_C,Clothing,0,311.31
2021-05-07,Store_C,Clothing,0,352.38
2021-05-08,Store_C,Clothing,0,327.49
2021-05-09,Store_C,Clothing,0,259.79
2021-05-10,Store_C,Clothing,1,339.54
2021-05-11,Store_C,Clothing,0,288.44
2021-05-12,Store_C,Clothing,0,338.01
2021-05-13,Store_C,Clothing,1,370.7
2021-05-14,Store_C,Clothing,0,335.88
2021-05-15,Store_C,Clothing,0,309.75
2021-05-16,Store_C,Clothing,0,208.83
2021-05-17,Store_C,Clothing,1,402.6
2021-05-18,Store_C,Clothing,0,280.51
2021-05-19,Store_C,Clothing,0,315.29
2021-05-20,Store_C,Clothing,0,268.53
2021-05-21,Store_C,Clothing,0,306.88
2021-05-22,Store_C,Clothing,0,286.92
2021-05-23,Store_C,Clothing,1,315.86
2021-05-24,Store_C,Clothing,0,271.83
2021-05-25,Store_C,Clothing,0,351.88
2021-05-26,Store_C,Clothing,0,291.61
2021-05-27,Store_C,Clothing,0,306.7
2021-05-28,Store_C,Clothing,0,345.79
2021-05-29,Store_C,Clothing,0,305.61
2021-05-30,Store_C,Clothing,0,275.74
2021-05-31,Store_C,Clothing,1,362.98
2021-06-01,Store_C,Clothing,0,312.56
2021-06-02,Store_C,Clothing,1,418.32
2021-06-03,Store_C,Clothing,0,293.09
2021-06-04,Store_C,Clothing,0,339.53
2021-06-05,Store_C,Clothing,1,374.91
2021-06-06,Store_C,Clothing,0,263.38
2021-06-07,Store_C,Clothing,0,305.66
2021-06-08,Store_C,Clothing,0,285.58
2021-06-09,Store_C,Clothing,0,288.96
2021-06-10,Store_C,Clothing,1,394.81
2021-06-11,Store_C,Clothing,0,332.69
2021-06-12,Store_C,Clothing,0,238.94
2021-06-13,Store_C,Clothing,0,234.13
2021-06-14,Store_C,Clothing,0,306.54
2021-06-15,Store_C,Clothing,1,342.16
2021-06-16,Store_C,Clothing,1,346.04
2021-06-17,Store_C,Clothing,0,257.32
2021-06-18,Store_C,Clothing,0,288.01
2021-06-19,Store_C,Clothing,0,237.57
2021-06-20,Store_C,Clothing,0,196.58
2021-06-21,Store_C,Clothing,0,213.45
2021-06-22,Store_C,Clothing,0,289.88
2021-06-23,Store_C,Clothing,0,296.5
2021-06-24,Store_C,Clothing,0,305.69
2021-06-25,Store_C,Clothing,0,301.61
2021-06-26,Store_C,Clothing,0,287.04
2021-06-27,Store_C,Clothing,0,237.05
2021-06-28,Store_C,Clothing,0,226.92
2021-06-29,Store_C,Clothing,0,254.97
2021-06-30,Store_C,Clothing,0,258.88
2021-07-01,Store_C,Clothing,0,255.64
2021-07-02,Store_C,Clothing,0,278.53
2021-07-03,Store_C,Clothing,0,270.9
2021-07-04,Store_C,Clothing,0,236.13
2021-07-05,Store_C,Clothing,0,262.14
2021-07-06,Store_C,Clothing,0,265.5
2021-07-07,Store_C,Clothing,0,268.67
2021-07-08,Store_C,Clothing,0,249.58
2021-07-09,Store_C,Clothing,0,277.62
2021-07-10,Store_C,Clothing,1,311.62
2021-07-11,Store_C,Clothing,0,222.0
2021-07-12,Store_C,Clothing,0,293.54
2021-07-13,Store_C,Clothing,0,277.01
2021-07-14,Store_C,Clothing,0,285.69
2021-07-15,Store_C,Clothing,0,273.56
2021-07-16,Store_C,Clothing,0,260.12
2021-07-17,Store_C,Clothing,0,249.41
2021-07-18,Store_C,Clothing,0,199.44
2021-07-19,Store_C,Clothing,0,216.21
2021-07-20,Store_C,Clothing,0,317.03
2021-07-21,Store_C,Clothing,0,302.4
2021-07-22,Store_C,Clothing,0,282.69
2021-07-23,Store_C,Clothing,1,358.73
2021-07-24,Store_C,Clothing,0,269.09
2021-07-25,Store_C,Clothing,0,202.83
2021-07-26,Store_C,Clothing,0,239.22
2021-07-27,Store_C,Clothing,0,277.78
2021-07-28,Store_C,Clothing,0,279.87
2021-07-29,Store_C,Clothing,0,263.8
2021-07-30,Store_C,Clothing,0,249.89
2021-07-31,Store_C,Clothing,0,239.47
2021-08-01,Store_C,Clothing,0,203.73
2021-08-02,Store_C,Clothing,0,239.24
2021-08-03,Store_C,Clothing,1,350.75
2021-08-04,Store_C,Clothing,0,299.27
2021-08-05,Store_C,Clothing,0,270.12
2021-08-06,Store_C,Clothing,0,299.47
2021-08-07,Store_C,Clothing,0,253.92
2021-08-08,Store_C,Clothing,0,192.76
2021-08-09,Store_C,Clothing,0,243.34
2021-08-10,Store_C,Clothing,0,296.55
2021-08-11,Store_C,Clothing,0,327.63
2021-08-12,Store_C,Clothing,0,252.9
2021-08-13,Store_C,Clothing,0,332.07
2021-08-14,Store_C,Clothing,0,245.11
2021-08-15,Store_C,Clothing,0,183.06
2021-08-16,Store_C,Clothing,0,243.73
2021-08-17,Store_C,Clothing,0,259.39
2021-08-18,Store_C,Clothing,0,273.81
2021-08-19,Store_C,Clothing,0,293.3
2021-08-20,Store_C,Clothing,1,396.49
2021-08-21,Store_C,Clothing,0,281.05
2021-08-22,Store_C,Clothing,0,227.37
2021-08-23,Store_C,Clothing,1,317.41
2021-08-24,Store_C,Clothing,0,282.7
2021-08-25,Store_C,Clothing,1,367.0
2021-08-26,Store_C,Clothing,0,242.7
2021-08-27,Store_C,Clothing,0,345.51
2021-08-28,Store_C,Clothing,0,271.74
2021-08-29,Store_C,Clothing,0,202.73
2021-08-30,Store_C,Clothing,0,226.1
2021-08-31,Store_C,Clothing,0,303.51
2021-09-01,Store_C,Clothing,0,342.91
2021-09-02,Store_C,Clothing,0,331.5
2021-09-03,Store_C,Clothing,0,303.04
2021-09-04,Store_C,Clothing,0,277.24
2021-09-05,Store_C,Clothing,0,235.59
2021-09-06,Store_C,Clothing,0,267.16
2021-09-07,Store_C,Clothing,1,332.46
2021-09-08,Store_C,Clothing,0,295.77
2021-09-09,Store_C,Clothing,0,293.49
2021-09-10,Store_C,Clothing,0,324.72
2021-09-11,Store_C,Clothing,0,305.93
2021-09-12,Store_C,Clothing,0,241.02
2021-09-13,Store_C,Clothing,0,245.91
2021-09-14,Store_C,Clothing,0,300.99
2021-09-15,Store_C,Clothing,1,424.41
2021-09-16,Store_C,Clothing,0,302.06
2021-09-17,Store_C,Clothing,0,311.97
2021-09-18,Store_C,Clothing,0,352.87
2021-09-19,Store_C,Clothing,0,249.28
2021-09-20,Store_C,Clothing,0,275.43
2021-09-21,Store_C,Clothing,0,328.49
2021-09-22,Store_C,Clothing,0,291.92
2021-09-23,Store_C,Clothing,0,291.96
2021-09-24,Store_C,Clothing,0,322.91
2021-09-25,Store_C,Clothing,0,266.21
2021-09-26,Store_C,Clothing,0,259.1
2021-09-27,Store_C,Clothing,0,299.47
2021-09-28,Store_C,Clothing,0,306.21
2021-09-29,Store_C,Clothing,0,346.35
2021-09-30,Store_C,Clothing,0,334.47
2021-10-01,Store_C,Clothing,0,364.36
2021-10-02,Store_C,Clothing,0,288.01
2021-10-03,Store_C,Clothing,0,266.12
2021-10-04,Store_C,Clothing,0,349.08
2021-10-05,Store_C,Clothing,0,342.72
2021-10-06,Store_C,Clothing,0,339.84
2021-10-07,Store_C,Clothing,0,340.66
2021-10-08,Store_C,Clothing,1,427.9
2021-10-09,Store_C,Clothing,0,295.6
2021-10-10,Store_C,Clothing,0,296.13
2021-10-11,Store_C,Clothing,0,306.05
2021-10-12,Store_C,Clothing,0,376.5
2021-10-13,Store_C,Clothing,0,318.57
2021-10-14,Store_C,Clothing,0,327.51
2021-10-15,Store_C,Clothing,0,389.23
2021-10-16,Store_C,Clothing,0,336.52
2021-10-17,Store_C,Clothing,0,198.91
2021-10-18,Store_C,Clothing,0,331.61
2021-10-19,Store_C,Clothing,0,372.19
2021-10-20,Store_C,Clothing,0,355.03
2021-10-21,Store_C,Clothing,0,313.17
2021-10-22,Store_C,Clothing,0,382.57
2021-10-23,Store_C,Clothing,0,336.06
2021-10-24,Store_C,Clothing,0,241.26
2021-10-25,Store_C,Clothing,0,353.18
2021-10-26,Store_C,Clothing,0,397.45
2021-10-27,Store_C,Clothing,0,347.76
2021-10-28,Store_C,Clothing,1,422.15
2021-10-29,Store_C,Clothing,1,495.12
2021-10-30,Store_C,Clothing,0,386.66
2021-10-31,Store_C,Clothing,1,391.98
2021-11-01,Store_C,Clothing,1,445.19
2021-11-02,Store_C,Clothing,0,356.99
2021-11-03,Store_C,Clothing,0,338.12
2021-11-04,Store_C,Clothing,0,380.04
2021-11-05,Store_C,Clothing,0,376.38
2021-11-06,Store_C,Clothing,0,318.34
2021-11-07,Store_C,Clothing,0,291.69
2021-11-08,Store_C,Clothing,0,331.94
2021-11-09,Store_C,Clothing,0,367.22
2021-11-10,Store_C,Clothing,1,441.67
2021-11-11,Store_C,Clothing,0,334.07
2021-11-12,Store_C,Clothing,0,344.41
2021-11-13,Store_C,Clothing,0,323.14
2021-11-14,Store_C,Clothing,1,392.5
2021-11-15,Store_C,Clothing,0,352.55
2021-11-16,Store_C,Clothing,0,353.19
2021-11-17,Store_C,Clothing,0,422.33
2021-11-18,Store_C,Clothing,1,436.6
2021-11-19,Store_C,Clothing,0,390.11
2021-11-20,Store_C,Clothing,0,368.07
2021-11-21,Store_C,Clothing,0,276.64
2021-11-22,Store_C,Clothing,0,378.48
2021-11-23,Store_C,Clothing,0,400.54
2021-11-24,Store_C,Clothing,0,430.9
2021-11-25,Store_C,Clothing,0,408.34
2021-11-26,Store_C,Clothing,0,411.7
2021-11-27,Store_C,Clothing,1,476.27
2021-11-28,Store_C,Clothing,0,301.94
2021-11-29,Store_C,Clothing,1,431.01
2021-11-30,Store_C,Clothing,0,388.56
2021-12-01,Store_C,Clothing,0,388.69
2021-12-02,Store_C,Clothing,0,414.62
2021-12-03,Store_C,Clothing,0,411.48
2021-12-04,Store_C,Clothing,0,367.18
2021-12-05,Store_C,Clothing,1,446.88
2021-12-06,Store_C,Clothing,0,372.42
2021-12-07,Store_C,Clothing,0,423.33
2021-12-08,Store_C,Clothing,0,381.17
2021-12-09,Store_C,Clothing,0,394.34
2021-12-10,Store_C,Clothing,0,393.06
2021-12-11,Store_C,Clothing,0,398.29
2021-12-12,Store_C,Clothing,0,355.99
2021-12-13,Store_C,Clothing,0,344.16
2021-12-14,Store_C,Clothing,0,404.16
2021-12-15,Store_C,Clothing,0,536.72
2021-12-16,Store_C,Clothing,0,568.2
2021-12-17,Store_C,Clothing,0,570.24
2021-12-18,Store_C,Clothing,0,528.6
2021-12-19,Store_C,Clothing,0,482.65
2021-12-20,Store_C,Clothing,0,517.97
2021-12-21,Store_C,Clothing,1,676.19
2021-12-22,Store_C,Clothing,0,566.69
2021-12-23,Store_C,Clothing,0,568.13
2021-12-24,Store_C,Clothing,0,572.74
2021-12-25,Store_C,Clothing,0,526.1
2021-12-26,Store_C,Clothing,0,486.84
2021-12-27,Store_C,Clothing,0,540.86
2021-12-28,Store_C,Clothing,0,520.22
2021-12-29,Store_C,Clothing,0,585.13
2021-12-30,Store_C,Clothing,0,534.47
2021-12-31,Store_C,Clothing,1,661.39
2022-01-01,Store_C,Clothing,0,393.22
2022-01-02,Store_C,Clothing,0,371.68
2022-01-03,Store_C,Clothing,0,387.01
2022-01-04,Store_C,Clothing,0,434.05
2022-01-05,Store_C,Clothing,0,385.46
2022-01-06,Store_C,Clothing,0,399.83
2022-01-07,Store_C,Clothing,0,412.7
2022-01-08,Store_C,Clothing,0,420.59
2022-01-09,Store_C,Clothing,0,381.91
2022-01-10,Store_C,Clothing,0,412.45
2022-01-11,Store_C,Clothing,0,457.47
2022-01-12,Store_C,Clothing,0,453.63
2022-01-13,Store_C,Clothing,0,401.54
2022-01-14,Store_C,Clothing,0,409.07
2022-01-15,Store_C,Clothing,1,451.62
2022-01-16,Store_C,Clothing,0,334.53
2022-01-17,Store_C,Clothing,0,347.43
2022-01-18,Store_C,Clothing,0,389.52
2022-01-19,Store_C,Clothing,0,435.3
2022-01-20,Store_C,Clothing,0,367.02
2022-01-21,Store_C,Clothing,1,522.28
2022-01-22,Store_C,Clothing,0,397.35
2022-01-23,Store_C,Clothing,0,360.92
2022-01-24,Store_C,Clothing,0,392.82
2022-01-25,Store_C,Clothing,0,459.04
2022-01-26,Store_C,Clothing,0,432.64
2022-01-27,Store_C,Clothing,0,376.67
2022-01-28,Store_C,Clothing,0,410.85
2022-01-29,Store_C,Clothing,0,413.4
2022-01-30,Store_C,Clothing,0,352.33
2022-01-31,Store_C,Clothing,0,393.26
2022-02-01,Store_C,Clothing,0,430.58
2022-02-02,Store_C,Clothing,1,487.29
2022-02-03,Store_C,Clothing,0,417.02
2022-02-04,Store_C,Clothing,0,444.95
2022-02-05,Store_C,Clothing,0,413.58
2022-02-06,Store_C,Clothing,0,403.09
2022-02-07,Store_C,Clothing,0,349.61
2022-02-08,Store_C,Clothing,0,461.06
2022-02-09,Store_C,Clothing,0,417.92
2022-02-10,Store_C,Clothing,0,386.5
2022-02-11,Store_C,Clothing,0,440.8
2022-02-12,Store_C,Clothing,0,393.39
2022-02-13,Store_C,Clothing,0,377.58
2022-02-14,Store_C,Clothing,0,376.27
2022-02-15,Store_C,Clothing,0,442.95
2022-02-16,Store_C,Clothing,0,398.4
2022-02-17,Store_C,Clothing,0,409.01
2022-02-18,Store_C,Clothing,0,406.56
2022-02-19,Store_C,Clothing,0,412.57
2022-02-20,Store_C,Clothing,1,396.74
2022-02-21,Store_C,Clothing,0,349.19
2022-02-22,Store_C,Clothing,0,403.19
2022-02-23,Store_C,Clothing,0,447.64
2022-02-24,Store_C,Clothing,0,359.83
2022-02-25,Store_C,Clothing,0,455.07
2022-02-26,Store_C,Clothing,0,408.43
2022-02-27,Store_C,Clothing,0,372.58
2022-02-28,Store_C,Clothing,0,378.21
2022-03-01,Store_C,Clothing,0,412.21
2022-03-02,Store_C,Clothing,0,409.39
2022-03-03,Store_C,Clothing,0,384.34
2022-03-04,Store_C,Clothing,1,515.02
2022-03-05,Store_C,Clothing,0,369.76
2022-03-06,Store_C,Clothing,0,341.96
2022-03-07,Store_C,Clothing,0,334.17
2022-03-08,Store_C,Clothing,0,371.03
2022-03-09,Store_C,Clothing,0,407.35
2022-03-10,Store_C,Clothing,0,371.42
2022-03-11,Store_C,Clothing,0,406.5
2022-03-12,Store_C,Clothing,0,367.38
2022-03-13,Store_C,Clothing,0,350.7
2022-03-14,Store_C,Clothing,0,336.04
2022-03-15,Store_C,Clothing,0,439.59
2022-03-16,Store_C,Clothing,0,434.98
2022-03-17,Store_C,Clothing,0,392.41
2022-03-18,Store_C,Clothing,0,371.82
2022-03-19,Store_C,Clothing,0,377.6
2022-03-20,Store_C,Clothing,0,342.44
2022-03-21,Store_C,Clothing,0,383.81
2022-03-22,Store_C,Clothing,0,413.94
2022-03-23,Store_C,Clothing,0,415.03
2022-03-24,Store_C,Clothing,0,324.39
2022-03-25,Store_C,Clothing,0,374.07
2022-03-26,Store_C,Clothing,0,394.7
2022-03-27,Store_C,Clothing,1,388.05
2022-03-28,Store_C,Clothing,0,359.61
2022-03-29,Store_C,Clothing,0,427.68
2022-03-30,Store_C,Clothing,1,454.03
2022-03-31,Store_C,Clothing,0,392.7
2022-04-01,Store_C,Clothing,0,399.32
2022-04-02,Store_C,Clothing,0,426.12
2022-04-03,Store_C,Clothing,0,323.28
2022-04-04,Store_C,Clothing,0,331.0
2022-04-05,Store_C,Clothing,0,375.34
2022-04-06,Store_C,Clothing,0,356.18
2022-04-07,Store_C,Clothing,0,376.19
2022-04-08,Store_C,Clothing,0,373.13
2022-04-09,Store_C,Clothing,0,360.51
2022-04-10,Store_C,Clothing,0,335.12
2022-04-11,Store_C,Clothing,0,309.11
2022-04-12,Store_C,Clothing,0,391.35
2022-04-13,Store_C,Clothing,0,337.95
2022-04-14,Store_C,Clothing,0,347.99
2022-04-15,Store_C,Clothing,0,386.68
2022-04-16,Store_C,Clothing,1,451.3
2022-04-17,Store_C,Clothing,0,272.71
2022-04-18,Store_C,Clothing,0,374.3
2022-04-19,Store_C,Clothing,0,371.04
2022-04-20,Store_C,Clothing,0,384.97
2022-04-21,Store_C,Clothing,0,354.95
2022-04-22,Store_C,Clothing,0,341.71
2022-04-23,Store_C,Clothing,0,326.53
2022-04-24,Store_C,Clothing,0,322.39
2022-04-25,Store_C,Clothing,1,433.43
2022-04-26,Store_C,Clothing,0,304.95
2022-04-27,Store_C,Clothing,0,374.29
2022-04-28,Store_C,Clothing,0,331.16
2022-04-29,Store_C,Clothing,0,369.06
2022-04-30,Store_C,Clothing,0,340.28
2022-05-01,Store_C,Clothing,0,286.44
2022-05-02,Store_C,Clothing,0,291.87
2022-05-03,Store_C,Clothing,0,367.5
2022-05-04,Store_C,Clothing,0,335.07
2022-05-05,Store_C,Clothing,0,322.52
2022-05-06,Store_C,Clothing,0,330.44
2022-05-07,Store_C,Clothing,0,327.95
2022-05-08,Store_C,Clothing,0,244.38
2022-05-09,Store_C,Clothing,0,291.52
2022-05-10,Store_C,Clothing,0,359.37
2022-05-11,Store_C,Clothing,0,314.66
2022-05-12,Store_C,Clothing,0,335.16
2022-05-13,Store_C,Clothing,1,390.73
2022-05-14,Store_C,Clothing,0,304.31
2022-05-15,Store_C,Clothing,0,251.3
2022-05-16,Store_C,Clothing,0,318.9
2022-05-17,Store_C,Clothing,0,359.97
2022-05-18,Store_C,Clothing,1,405.52
2022-05-19,Store_C,Clothing,0,280.78
2022-05-20,Store_C,Clothing,0,323.23
2022-05-21,Store_C,Clothing,0,302.41
2022-05-22,Store_C,Clothing,0,246.45
2022-05-23,Store_C,Clothing,0,286.07
2022-05-24,Store_C,Clothing,0,299.58
2022-05-25,Store_C,Clothing,0,297.45
2022-05-26,Store_C,Clothing,0,260.23
2022-05-27,Store_C,Clothing,0,349.01
2022-05-28,Store_C,Clothing,0,309.7
2022-05-29,Store_C,Clothing,1,346.46
2022-05-30,Store_C,Clothing,0,293.26
2022-05-31,Store_C,Clothing,0,311.22
2022-06-01,Store_C,Clothing,0,316.31
2022-06-02,Store_C,Clothing,0,341.86
2022-06-03,Store_C,Clothing,0,309.18
2022-06-04,Store_C,Clothing,0,299.81
2022-06-05,Store_C,Clothing,0,235.56
2022-06-06,Store_C,Clothing,0,252.54
2022-06-07,Store_C,Clothing,0,363.92
2022-06-08,Store_C,Clothing,0,326.7
2022-06-09,Store_C,Clothing,0,275.18
2022-06-10,Store_C,Clothing,0,294.72
2022-06-11,Store_C,Clothing,0,309.9
2022-06-12,Store_C,Clothing,0,267.11
2022-06-13,Store_C,Clothing,0,243.91
2022-06-14,Store_C,Clothing,0,296.93
2022-06-15,Store_C,Clothing,0,308.98
2022-06-16,Store_C,Clothing,1,366.83
2022-06-17,Store_C,Clothing,0,316.11
2022-06-18,Store_C,Clothing,0,281.49
2022-06-19,Store_C,Clothing,0,232.84
2022-06-20,Store_C,Clothing,0,264.83
2022-06-21,Store_C,Clothing,0,268.54
2022-06-22,Store_C,Clothing,0,347.77
2022-06-23,Store_C,Clothing,0,299.77
2022-06-24,Store_C,Clothing,0,331.64
2022-06-25,Store_C,Clothing,0,290.65
2022-06-26,Store_C,Clothing,0,289.52
2022-06-27,Store_C,Clothing,0,201.2
2022-06-28,Store_C,Clothing,0,294.51
2022-06-29,Store_C,Clothing,0,278.45
2022-06-30,Store_C,Clothing,0,281.61
2022-07-01,Store_C,Clothing,0,340.41
2022-07-02,Store_C,Clothing,1,376.89
2022-07-03,Store_C,Clothing,0,227.26
2022-07-04,Store_C,Clothing,0,299.67
2022-07-05,Store_C,Clothing,0,312.7
2022-07-06,Store_C,Clothing,0,310.64
2022-07-07,Store_C,Clothing,0,287.97
2022-07-08,Store_C,Clothing,0,321.51
2022-07-09,Store_C,Clothing,0,264.43
2022-07-10,Store_C,Clothing,0,208.92
2022-07-11,Store_C,Clothing,0,233.13
2022-07-12,Store_C,Clothing,0,275.03
2022-07-13,Store_C,Clothing,1,414.3
2022-07-14,Store_C,Clothing,0,269.49
2022-07-15,Store_C,Clothing,0,338.26
2022-07-16,Store_C,Clothing,0,262.41
2022-07-17,Store_C,Clothing,1,332.83
2022-07-18,Store_C,Clothing,0,289.21
2022-07-19,Store_C,Clothing,0,291.25
2022-07-20,Store_C,Clothing,0,290.17
2022-07-21,Store_C,Clothing,0,254.43
2022-07-22,Store_C,Clothing,1,403.04
2022-07-23,Store_C,Clothing,0,271.27
2022-07-24,Store_C,Clothing,0,215.97
2022-07-25,Store_C,Clothing,0,265.3
2022-07-26,Store_C,Clothing,1,383.47
2022-07-27,Store_C,Clothing,0,275.17
2022-07-28,Store_C,Clothing,0,282.84
2022-07-29,Store_C,Clothing,0,332.39
2022-07-30,Store_C,Clothing,0,253.26
2022-07-31,Store_C,Clothing,0,250.61
2022-08-01,Store_C,Clothing,0,281.85
2022-08-02,Store_C,Clothing,0,315.71
2022-08-03,Store_C,Clothing,0,313.69
2022-08-04,Store_C,Clothing,0,290.9
2022-08-05,Store_C,Clothing,0,324.81
2022-08-06,Store_C,Clothing,0,288.45
2022-08-07,Store_C,Clothing,0,216.91
2022-08-08,Store_C,Clothing,0,247.99
2022-08-09,Store_C,Clothing,0,288.81
2022-08-10,Store_C,Clothing,0,317.75
2022-08-11,Store_C,Clothing,0,276.4
2022-08-12,Store_C,Clothing,0,298.11
2022-08-13,Store_C,Clothing,0,308.97
2022-08-14,Store_C,Clothing,0,234.93
2022-08-15,Store_C,Clothing,0,230.58
2022-08-16,Store_C,Clothing,0,269.77
2022-08-17,Store_C,Clothing,1,355.28
2022-08-18,Store_C,Clothing,0,280.37
2022-08-19,Store_C,Clothing,0,283.62
2022-08-20,Store_C,Clothing,0,280.84
2022-08-21,Store_C,Clothing,0,221.54
2022-08-22,Store_C,Clothing,0,230.38
2022-08-23,Store_C,Clothing,0,273.3
2022-08-24,Store_C,Clothing,0,346.52
2022-08-25,Store_C,Clothing,0,277.21
2022-08-26,Store_C,Clothing,0,301.62
2022-08-27,Store_C,Clothing,0,279.52
2022-08-28,Store_C,Clothing,0,244.93
2022-08-29,Store_C,Clothing,0,270.89
2022-08-30,Store_C,Clothing,0,349.6
2022-08-31,Store_C,Clothing,0,339.85
2022-09-01,Store_C,Clothing,0,336.23
2022-09-02,Store_C,Clothing,0,334.92
2022-09-03,Store_C,Clothing,0,310.74
2022-09-04,Store_C,Clothing,0,218.77
2022-09-05,Store_C,Clothing,0,230.17
2022-09-06,Store_C,Clothing,0,276.64
2022-09-07,Store_C,Clothing,0,282.56
2022-09-08,Store_C,Clothing,0,292.58
2022-09-09,Store_C,Clothing,0,345.42
2022-09-10,Store_C,Clothing,0,286.42
2022-09-11,Store_C,Clothing,1,309.63
2022-09-12,Store_C,Clothing,0,303.32
2022-09-13,Store_C,Clothing,0,294.31
2022-09-14,Store_C,Clothing,1,442.14
2022-09-15,Store_C,Clothing,0,279.26
2022-09-16,Store_C,Clothing,0,352.02
2022-09-17,Store_C,Clothing,1,395.39
2022-09-18,Store_C,Clothing,0,204.25
2022-09-19,Store_C,Clothing,0,270.97
2022-09-20,Store_C,Clothing,0,346.31
2022-09-21,Store_C,Clothing,0,295.77
2022-09-22,Store_C,Clothing,0,300.8
2022-09-23,Store_C,Clothing,0,302.48
2022-09-24,Store_C,Clothing,0,312.37
2022-09-25,Store_C,Clothing,0,274.27
2022-09-26,Store_C,Clothing,0,300.04
2022-09-27,Store_C,Clothing,0,334.5
2022-09-28,Store_C,Clothing,0,341.15
2022-09-29,Store_C,Clothing,0,311.99
2022-09-30,Store_C,Clothing,0,364.04
2022-10-01,Store_C,Clothing,0,288.27
2022-10-02,Store_C,Clothing,0,309.62
2022-10-03,Store_C,Clothing,0,309.0
2022-10-04,Store_C,Clothing,0,304.71
2022-10-05,Store_C,Clothing,0,379.33
2022-10-06,Store_C,Clothing,0,320.93
2022-10-07,Store_C,Clothing,0,339.46
2022-10-08,Store_C,Clothing,0,299.69
2022-10-09,Store_C,Clothing,0,265.33
2022-10-10,Store_C,Clothing,1,414.52
2022-10-11,Store_C,Clothing,0,323.99
2022-10-12,Store_C,Clothing,0,376.47
2022-10-13,Store_C,Clothing,0,325.31
2022-10-14,Store_C,Clothing,0,307.29
2022-10-15,Store_C,Clothing,0,315.54
2022-10-16,Store_C,Clothing,0,275.05
2022-10-17,Store_C,Clothing,0,333.16
2022-10-18,Store_C,Clothing,0,359.4
2022-10-19,Store_C,Clothing,0,403.72
2022-10-20,Store_C,Clothing,0,335.1
2022-10-21,Store_C,Clothing,0,391.98
2022-10-22,Store_C,Clothing,0,345.42
2022-10-23,Store_C,Clothing,0,278.12
2022-10-24,Store_C,Clothing,0,301.6
2022-10-25,Store_C,Clothing,0,355.51
2022-10-26,Store_C,Clothing,0,371.32
2022-10-27,Store_C,Clothing,0,383.59
2022-10-28,Store_C,Clothing,0,418.11
2022-10-29,Store_C,Clothing,0,397.61
2022-10-30,Store_C,Clothing,0,289.16
2022-10-31,Store_C,Clothing,1,396.9
2022-11-01,Store_C,Clothing,0,356.14
2022-11-02,Store_C,Clothing,0,376.23
2022-11-03,Store_C,Clothing,0,319.64
2022-11-04,Store_C,Clothing,0,362.88
2022-11-05,Store_C,Clothing,0,396.18
2022-11-06,Store_C,Clothing,0,321.56
2022-11-07,Store_C,Clothing,0,333.87
2022-11-08,Store_C,Clothing,0,341.76
2022-11-09,Store_C,Clothing,0,394.82
2022-11-10,Store_C,Clothing,1,449.26
2022-11-11,Store_C,Clothing,0,371.17
2022-11-12,Store_C,Clothing,0,391.32
2022-11-13,Store_C,Clothing,0,310.72
2022-11-14,Store_C,Clothing,0,359.15
2022-11-15,Store_C,Clothing,1,507.79
2022-11-16,Store_C,Clothing,0,412.46
2022-11-17,Store_C,Clothing,0,344.47
2022-11-18,Store_C,Clothing,0,418.45
2022-11-19,Store_C,Clothing,0,365.74
2022-11-20,Store_C,Clothing,0,342.69
2022-11-21,Store_C,Clothing,1,465.82
2022-11-22,Store_C,Clothing,0,399.32
2022-11-23,Store_C,Clothing,0,374.28
2022-11-24,Store_C,Clothing,0,336.31
2022-11-25,Store_C,Clothing,0,438.21
2022-11-26,Store_C,Clothing,0,425.81
2022-11-27,Store_C,Clothing,0,320.63
2022-11-28,Store_C,Clothing,0,319.99
2022-11-29,Store_C,Clothing,0,368.61
2022-11-30,Store_C,Clothing,1,480.21
2022-12-01,Store_C,Clothing,0,413.21
2022-12-02,Store_C,Clothing,0,366.76
2022-12-03,Store_C,Clothing,0,428.06
2022-12-04,Store_C,Clothing,0,373.28
2022-12-05,Store_C,Clothing,0,408.35
2022-12-06,Store_C,Clothing,0,384.25
2022-12-07,Store_C,Clothing,0,442.68
2022-12-08,Store_C,Clothing,0,397.89
2022-12-09,Store_C,Clothing,0,396.82
2022-12-10,Store_C,Clothing,0,406.05
2022-12-11,Store_C,Clothing,0,350.94
2022-12-12,Store_C,Clothing,0,348.99
2022-12-13,Store_C,Clothing,0,429.99
2022-12-14,Store_C,Clothing,1,502.4
2022-12-15,Store_C,Clothing,0,543.43
2022-12-16,Store_C,Clothing,0,568.57
2022-12-17,Store_C,Clothing,0,565.97
2022-12-18,Store_C,Clothing,0,494.35
2022-12-19,Store_C,Clothing,0,491.93
2022-12-20,Store_C,Clothing,0,542.72
2022-12-21,Store_C,Clothing,0,577.71
2022-12-22,Store_C,Clothing,0,544.32
2022-12-23,Store_C,Clothing,0,573.94
2022-12-24,Store_C,Clothing,0,538.48
2022-12-25,Store_C,Clothing,0,487.05
2022-12-26,Store_C,Clothing,0,554.95
2022-12-27,Store_C,Clothing,0,577.78
2022-12-28,Store_C,Clothing,1,641.89
2022-12-29,Store_C,Clothing,0,551.22
2022-12-30,Store_C,Clothing,0,605.95
2022-12-31,Store_C,Clothing,0,537.79
2023-01-01,Store_C,Clothing,0,386.62
2023-01-02,Store_C,Clothing,0,391.62
2023-01-03,Store_C,Clothing,0,417.85
2023-01-04,Store_C,Clothing,0,403.2
2023-01-05,Store_C,Clothing,0,479.12
2023-01-06,Store_C,Clothing,0,450.3
2023-01-07,Store_C,Clothing,0,372.37
2023-01-08,Store_C,Clothing,0,371.8
2023-01-09,Store_C,Clothing,0,426.86
2023-01-10,Store_C,Clothing,0,436.64
2023-01-11,Store_C,Clothing,0,457.55
2023-01-12,Store_C,Clothing,0,402.6
2023-01-13,Store_C,Clothing,1,505.04
2023-01-14,Store_C,Clothing,0,413.06
2023-01-15,Store_C,Clothing,0,369.39
2023-01-16,Store_C,Clothing,0,386.51
2023-01-17,Store_C,Clothing,0,426.52
2023-01-18,Store_C,Clothing,0,412.31
2023-01-19,Store_C,Clothing,1,458.06
2023-01-20,Store_C,Clothing,0,422.97
2023-01-21,Store_C,Clothing,0,466.38
2023-01-22,Store_C,Clothing,0,399.8
2023-01-23,Store_C,Clothing,0,406.02
2023-01-24,Store_C,Clothing,0,396.05
2023-01-25,Store_C,Clothing,0,436.58
2023-01-26,Store_C,Clothing,0,420.6
2023-01-27,Store_C,Clothing,0,428.09
2023-01-28,Store_C,Clothing,0,453.57
2023-01-29,Store_C,Clothing,1,411.95
2023-01-30,Store_C,Clothing,0,372.01
2023-01-31,Store_C,Clothing,0,443.75
2023-02-01,Store_C,Clothing,0,410.1
2023-02-02,Store_C,Clothing,0,390.96
2023-02-03,Store_C,Clothing,0,439.05
2023-02-04,Store_C,Clothing,0,367.94
2023-02-05,Store_C,Clothing,0,371.45
2023-02-06,Store_C,Clothing,0,386.16
2023-02-07,Store_C,Clothing,0,424.78
2023-02-08,Store_C,Clothing,0,419.15
2023-02-09,Store_C,Clothing,0,446.44
2023-02-10,Store_C,Clothing,0,461.21
2023-02-11,Store_C,Clothing,0,430.2
2023-02-12,Store_C,Clothing,0,340.44
2023-02-13,Store_C,Clothing,0,411.45
2023-02-14,Store_C,Clothing,0,433.92
2023-02-15,Store_C,Clothing,0,493.8
2023-02-16,Store_C,Clothing,0,375.97
2023-02-17,Store_C,Clothing,0,430.38
2023-02-18,Store_C,Clothing,0,397.28
2023-02-19,Store_C,Clothing,0,369.75
2023-02-20,Store_C,Clothing,0,354.09
2023-02-21,Store_C,Clothing,0,440.68
2023-02-22,Store_C,Clothing,0,391.75
2023-02-23,Store_C,Clothing,0,416.52
2023-02-24,Store_C,Clothing,0,422.99
2023-02-25,Store_C,Clothing,0,388.43
2023-02-26,Store_C,Clothing,0,329.32
2023-02-27,Store_C,Clothing,0,370.63
2023-02-28,Store_C,Clothing,0,409.81
2023-03-01,Store_C,Clothing,0,424.54
2023-03-02,Store_C,Clothing,0,405.27
2023-03-03,Store_C,Clothing,0,422.03
2023-03-04,Store_C,Clothing,0,394.97
2023-03-05,Store_C,Clothing,0,391.98
2023-03-06,Store_C,Clothing,0,398.76
2023-03-07,Store_C,Clothing,0,378.28
2023-03-08,Store_C,Clothing,0,405.63
2023-03-09,Store_C,Clothing,0,394.3
2023-03-10,Store_C,Clothing,0,401.13
2023-03-11,Store_C,Clothing,0,391.05
2023-03-12,Store_C,Clothing,0,313.16
2023-03-13,Store_C,Clothing,0,377.87
2023-03-14,Store_C,Clothing,0,456.61
2023-03-15,Store_C,Clothing,0,416.5
2023-03-16,Store_C,Clothing,0,393.85
2023-03-17,Store_C,Clothing,0,410.2
2023-03-18,Store_C,Clothing,0,364.28
2023-03-19,Store_C,Clothing,0,382.66
2023-03-20,Store_C,Clothing,0,375.31
2023-03-21,Store_C,Clothing,0,413.33
2023-03-22,Store_C,Clothing,0,396.96
2023-03-23,Store_C,Clothing,0,398.25
2023-03-24,Store_C,Clothing,0,451.42
2023-03-25,Store_C,Clothing,0,417.95
2023-03-26,Store_C,Clothing,0,251.48
2023-03-27,Store_C,Clothing,1,473.02
2023-03-28,Store_C,Clothing,0,369.14
2023-03-29,Store_C,Clothing,0,377.26
2023-03-30,Store_C,Clothing,0,344.41
2023-03-31,Store_C,Clothing,0,376.47
2023-04-01,Store_C,Clothing,0,387.84
2023-04-02,Store_C,Clothing,0,327.64
2023-04-03,Store_C,Clothing,0,370.45
2023-04-04,Store_C,Clothing,0,385.06
2023-04-05,Store_C,Clothing,0,368.22
2023-04-06,Store_C,Clothing,0,386.74
2023-04-07,Store_C,Clothing,0,385.7
2023-04-08,Store_C,Clothing,0,388.82
2023-04-09,Store_C,Clothing,0,322.94
2023-04-10,Store_C,Clothing,0,349.18
2023-04-11,Store_C,Clothing,0,425.94
2023-04-12,Store_C,Clothing,0,339.45
2023-04-13,Store_C,Clothing,0,318.31
2023-04-14,Store_C,Clothing,0,368.72
2023-04-15,Store_C,Clothing,1,461.1
2023-04-16,Store_C,Clothing,0,295.67
2023-04-17,Store_C,Clothing,0,332.25
2023-04-18,Store_C,Clothing,0,327.61
2023-04-19,Store_C,Clothing,0,393.29
2023-04-20,Store_C,Clothing,0,312.54
2023-04-21,Store_C,Clothing,0,367.4
2023-04-22,Store_C,Clothing,0,302.83
2023-04-23,Store_C,Clothing,0,324.0
2023-04-24,Store_C,Clothing,0,288.77
2023-04-25,Store_C,Clothing,0,349.73
2023-04-26,Store_C,Clothing,0,351.44
2023-04-27,Store_C,Clothing,0,358.24
2023-04-28,Store_C,Clothing,0,372.22
2023-04-29,Store_C,Clothing,0,392.81
2023-04-30,Store_C,Clothing,0,257.48
2023-05-01,Store_C,Clothing,0,353.03
2023-05-02,Store_C,Clothing,0,388.99
2023-05-03,Store_C,Clothing,0,404.98
2023-05-04,Store_C,Clothing,0,336.43
2023-05-05,Store_C,Clothing,0,329.58
2023-05-06,Store_C,Clothing,0,348.71
2023-05-07,Store_C,Clothing,0,245.47
2023-05-08,Store_C,Clothing,0,341.67
2023-05-09,Store_C,Clothing,0,341.81
2023-05-10,Store_C,Clothing,0,359.17
2023-05-11,Store_C,Clothing,0,374.11
2023-05-12,Store_C,Clothing,0,355.92
2023-05-13,Store_C,Clothing,0,299.22
2023-05-14,Store_C,Clothing,0,273.92
2023-05-15,Store_C,Clothing,0,291.48
2023-05-16,Store_C,Clothing,1,422.8
2023-05-17,Store_C,Clothing,0,333.47
2023-05-18,Store_C,Clothing,0,302.63
2023-05-19,Store_C,Clothing,0,343.29
2023-05-20,Store_C,Clothing,0,290.81
2023-05-21,Store_C,Clothing,0,265.11
2023-05-22,Store_C,Clothing,0,311.8
2023-05-23,Store_C,Clothing,0,367.67
2023-05-24,Store_C,Clothing,0,321.6
2023-05-25,Store_C,Clothing,0,365.83
2023-05-26,Store_C,Clothing,0,346.27
2023-05-27,Store_C,Clothing,0,306.62
2023-05-28,Store_C,Clothing,0,256.25
2023-05-29,Store_C,Clothing,0,232.83
2023-05-30,Store_C,Clothing,0,321.9
2023-05-31,Store_C,Clothing,0,318.06
2023-06-01,Store_C,Clothing,0,289.3
2023-06-02,Store_C,Clothing,0,336.55
2023-06-03,Store_C,Clothing,0,263.88
2023-06-04,Store_C,Clothing,0,234.12
2023-06-05,Store_C,Clothing,0,304.21
2023-06-06,Store_C,Clothing,0,267.54
2023-06-07,Store_C,Clothing,0,332.91
2023-06-08,Store_C,Clothing,0,302.88
2023-06-09,Store_C,Clothing,0,309.52
2023-06-10,Store_C,Clothing,0,213.2
2023-06-11,Store_C,Clothing,0,239.37
2023-06-12,Store_C,Clothing,0,278.42
2023-06-13,Store_C,Clothing,1,401.42
2023-06-14,Store_C,Clothing,0,326.09
2023-06-15,Store_C,Clothing,0,324.15
2023-06-16,Store_C,Clothing,0,326.83
2023-06-17,Store_C,Clothing,0,331.65
2023-06-18,Store_C,Clothing,0,198.9
2023-06-19,Store_C,Clothing,0,303.57
2023-06-20,Store_C,Clothing,0,297.67
2023-06-21,Store_C,Clothing,1,397.13
2023-06-22,Store_C,Clothing,0,306.35
2023-06-23,Store_C,Clothing,0,289.85
2023-06-24,Store_C,Clothing,0,287.6
2023-06-25,Store_C,Clothing,0,271.69
2023-06-26,Store_C,Clothing,0,309.5
2023-06-27,Store_C,Clothing,0,286.23
2023-06-28,Store_C,Clothing,0,323.0
2023-06-29,Store_C,Clothing,0,276.38
2023-06-30,Store_C,Clothing,0,274.75
2023-07-01,Store_C,Clothing,1,406.11
2023-07-02,Store_C,Clothing,0,211.54
2023-07-03,Store_C,Clothing,0,331.3
2023-07-04,Store_C,Clothing,0,266.69
2023-07-05,Store_C,Clothing,0,333.92
2023-07-06,Store_C,Clothing,0,310.51
2023-07-07,Store_C,Clothing,0,298.84
2023-07-08,Store_C,Clothing,0,294.93
2023-07-09,Store_C,Clothing,0,225.01
2023-07-10,Store_C,Clothing,0,245.08
2023-07-11,Store_C,Clothing,0,308.75
2023-07-12,Store_C,Clothing,0,326.07
2023-07-13,Store_C,Clothing,0,265.13
2023-07-14,Store_C,Clothing,1,424.03
2023-07-15,Store_C,Clothing,0,292.7
2023-07-16,Store_C,Clothing,0,233.51
2023-07-17,Store_C,Clothing,0,265.42
2023-07-18,Store_C,Clothing,0,331.33
2023-07-19,Store_C,Clothing,0,296.16
2023-07-20,Store_C,Clothing,0,275.61
2023-07-21,Store_C,Clothing,0,341.89
2023-07-22,Store_C,Clothing,0,322.53
2023-07-23,Store_C,Clothing,0,258.78
2023-07-24,Store_C,Clothing,0,234.6
2023-07-25,Store_C,Clothing,0,347.55
2023-07-26,Store_C,Clothing,0,308.07
2023-07-27,Store_C,Clothing,0,281.37
2023-07-28,Store_C,Clothing,0,333.22
2023-07-29,Store_C,Clothing,0,296.01
2023-07-30,Store_C,Clothing,0,224.23
2023-07-31,Store_C,Clothing,0,306.56
2023-08-01,Store_C,Clothing,0,295.93
2023-08-02,Store_C,Clothing,0,308.51
2023-08-03,Store_C,Clothing,0,324.33
2023-08-04,Store_C,Clothing,0,332.8
2023-08-05,Store_C,Clothing,0,304.25
2023-08-06,Store_C,Clothing,0,224.87
2023-08-07,Store_C,Clothing,0,278.53
2023-08-08,Store_C,Clothing,0,311.76
2023-08-09,Store_C,Clothing,0,319.22
2023-08-10,Store_C,Clothing,0,285.49
2023-08-11,Store_C,Clothing,0,293.88
2023-08-12,Store_C,Clothing,0,317.93
2023-08-13,Store_C,Clothing,0,226.56
2023-08-14,Store_C,Clothing,0,272.45
2023-08-15,Store_C,Clothing,0,246.16
2023-08-16,Store_C,Clothing,0,333.09
2023-08-17,Store_C,Clothing,0,267.31
2023-08-18,Store_C,Clothing,0,327.67
2023-08-19,Store_C,Clothing,0,264.83
2023-08-20,Store_C,Clothing,0,238.64
2023-08-21,Store_C,Clothing,0,268.12
2023-08-22,Store_C,Clothing,0,284.38
2023-08-23,Store_C,Clothing,1,401.34
2023-08-24,Store_C,Clothing,0,259.37
2023-08-25,Store_C,Clothing,0,338.93
2023-08-26,Store_C,Clothing,0,319.48
2023-08-27,Store_C,Clothing,0,227.47
2023-08-28,Store_C,Clothing,0,313.48
2023-08-29,Store_C,Clothing,0,307.7
2023-08-30,Store_C,Clothing,0,295.44
2023-08-31,Store_C,Clothing,0,257.49
2023-09-01,Store_C,Clothing,0,254.01
2023-09-02,Store_C,Clothing,0,336.66
2023-09-03,Store_C,Clothing,0,235.8
2023-09-04,Store_C,Clothing,1,356.5
2023-09-05,Store_C,Clothing,0,306.36
2023-09-06,Store_C,Clothing,0,351.1
2023-09-07,Store_C,Clothing,0,318.4
2023-09-08,Store_C,Clothing,0,334.5
2023-09-09,Store_C,Clothing,0,253.65
2023-09-10,Store_C,Clothing,0,226.26
2023-09-11,Store_C,Clothing,0,332.51
2023-09-12,Store_C,Clothing,0,279.41
2023-09-13,Store_C,Clothing,0,346.26
2023-09-14,Store_C,Clothing,0,326.21
2023-09-15,Store_C,Clothing,0,307.62
2023-09-16,Store_C,Clothing,0,246.81
2023-09-17,Store_C,Clothing,0,240.0
2023-09-18,Store_C,Clothing,0,300.68
2023-09-19,Store_C,Clothing,0,333.64
2023-09-20,Store_C,Clothing,0,316.83
2023-09-21,Store_C,Clothing,0,288.86
2023-09-22,Store_C,Clothing,1,411.53
2023-09-23,Store_C,Clothing,0,317.19
2023-09-24,Store_C,Clothing,0,240.74
2023-09-25,Store_C,Clothing,0,320.55
2023-09-26,Store_C,Clothing,0,354.49
2023-09-27,Store_C,Clothing,0,359.1
2023-09-28,Store_C,Clothing,0,295.04
2023-09-29,Store_C,Clothing,0,338.93
2023-09-30,Store_C,Clothing,0,352.03
2023-10-01,Store_C,Clothing,0,286.2
2023-10-02,Store_C,Clothing,0,347.95
2023-10-03,Store_C,Clothing,0,376.1
2023-10-04,Store_C,Clothing,0,354.64
2023-10-05,Store_C,Clothing,0,320.09
2023-10-06,Store_C,Clothing,0,379.43
2023-10-07,Store_C,Clothing,0,361.62
2023-10-08,Store_C,Clothing,0,313.82
2023-10-09,Store_C,Clothing,0,326.53
2023-10-10,Store_C,Clothing,0,337.08
2023-10-11,Store_C,Clothing,1,455.1
2023-10-12,Store_C,Clothing,0,355.82
2023-10-13,Store_C,Clothing,0,387.0
2023-10-14,Store_C,Clothing,0,336.98
2023-10-15,Store_C,Clothing,0,251.21
2023-10-16,Store_C,Clothing,0,341.95
2023-10-17,Store_C,Clothing,0,326.78
2023-10-18,Store_C,Clothing,0,391.99
2023-10-19,Store_C,Clothing,0,355.17
2023-10-20,Store_C,Clothing,0,362.79
2023-10-21,Store_C,Clothing,0,390.71
2023-10-22,Store_C,Clothing,0,297.69
2023-10-23,Store_C,Clothing,0,343.01
2023-10-24,Store_C,Clothing,0,358.86
2023-10-25,Store_C,Clothing,0,381.85
2023-10-26,Store_C,Clothing,0,373.49
2023-10-27,Store_C,Clothing,0,375.77
2023-10-28,Store_C,Clothing,0,362.05
2023-10-29,Store_C,Clothing,0,334.78
2023-10-30,Store_C,Clothing,0,302.28
2023-10-31,Store_C,Clothing,0,401.43
2023-11-01,Store_C,Clothing,0,415.51
2023-11-02,Store_C,Clothing,0,343.94
2023-11-03,Store_C,Clothing,0,354.44
2023-11-04,Store_C,Clothing,0,344.09
2023-11-05,Store_C,Clothing,0,302.08
2023-11-06,Store_C,Clothing,0,327.93
2023-11-07,Store_C,Clothing,0,403.99
2023-11-08,Store_C,Clothing,0,394.85
2023-11-09,Store_C,Clothing,0,385.05
2023-11-10,Store_C,Clothing,0,427.61
2023-11-11,Store_C,Clothing,0,401.21
2023-11-12,Store_C,Clothing,0,371.32
2023-11-13,Store_C,Clothing,0,393.59
2023-11-14,Store_C,Clothing,0,330.8
2023-11-15,Store_C,Clothing,0,400.39
2023-11-16,Store_C,Clothing,0,396.93
2023-11-17,Store_C,Clothing,0,452.01
2023-11-18,Store_C,Clothing,0,382.19
2023-11-19,Store_C,Clothing,0,353.79
2023-11-20,Store_C,Clothing,0,421.05
2023-11-21,Store_C,Clothing,0,421.49
2023-11-22,Store_C,Clothing,1,469.56
2023-11-23,Store_C,Clothing,0,353.14
2023-11-24,Store_C,Clothing,0,399.61
2023-11-25,Store_C,Clothing,0,394.94
2023-11-26,Store_C,Clothing,0,393.41
2023-11-27,Store_C,Clothing,1,485.15
2023-11-28,Store_C,Clothing,0,402.65
2023-11-29,Store_C,Clothing,0,397.98
2023-11-30,Store_C,Clothing,1,457.08
2023-12-01,Store_C,Clothing,0,480.95
2023-12-02,Store_C,Clothing,0,379.87
2023-12-03,Store_C,Clothing,0,375.16
2023-12-04,Store_C,Clothing,0,405.84
2023-12-05,Store_C,Clothing,0,412.83
2023-12-06,Store_C,Clothing,0,399.69
2023-12-07,Store_C,Clothing,1,498.75
2023-12-08,Store_C,Clothing,0,476.34
2023-12-09,Store_C,Clothing,0,381.5
2023-12-10,Store_C,Clothing,0,363.01
2023-12-11,Store_C,Clothing,0,410.56
2023-12-12,Store_C,Clothing,0,466.32
2023-12-13,Store_C,Clothing,0,388.41
2023-12-14,Store_C,Clothing,0,427.06
2023-12-15,Store_C,Clothing,0,629.4
2023-12-16,Store_C,Clothing,0,588.58
2023-12-17,Store_C,Clothing,0,501.46
2023-12-18,Store_C,Clothing,0,551.58
2023-12-19,Store_C,Clothing,0,604.91
2023-12-20,Store_C,Clothing,0,615.27
2023-12-21,Store_C,Clothing,0,587.95
2023-12-22,Store_C,Clothing,0,544.96
2023-12-23,Store_C,Clothing,0,578.35
2023-12-24,Store_C,Clothing,0,519.16
2023-12-25,Store_C,Clothing,0,581.46
2023-12-26,Store_C,Clothing,1,676.91
2023-12-27,Store_C,Clothing,1,677.12
2023-12-28,Store_C,Clothing,0,554.81
2023-12-29,Store_C,Clothing,0,579.17
2023-12-30,Store_C,Clothing,0,575.5
2023-12-31,Store_C,Clothing,1,620.84
2024-01-01,Store_C,Clothing,0,420.75
2024-01-02,Store_C,Clothing,0,450.84
2024-01-03,Store_C,Clothing,0,449.12
2024-01-04,Store_C,Clothing,0,451.21
2024-01-05,Store_C,Clothing,0,482.18
2024-01-06,Store_C,Clothing,0,403.5
2024-01-07,Store_C,Clothing,0,364.41
2024-01-08,Store_C,Clothing,0,462.76
2024-01-09,Store_C,Clothing,0,438.17
2024-01-10,Store_C,Clothing,1,526.87
2024-01-11,Store_C,Clothing,0,408.45
2024-01-12,Store_C,Clothing,0,479.69
2024-01-13,Store_C,Clothing,0,493.02
2024-01-14,Store_C,Clothing,0,360.53
2024-01-15,Store_C,Clothing,0,439.41
2024-01-16,Store_C,Clothing,0,420.14
2024-01-17,Store_C,Clothing,0,474.36
2024-01-18,Store_C,Clothing,0,406.95
2024-01-19,Store_C,Clothing,0,407.46
2024-01-20,Store_C,Clothing,0,485.61
2024-01-21,Store_C,Clothing,0,369.87
2024-01-22,Store_C,Clothing,0,377.09
2024-01-23,Store_C,Clothing,0,448.55
2024-01-24,Store_C,Clothing,0,467.02
2024-01-25,Store_C,Clothing,0,458.56
2024-01-26,Store_C,Clothing,0,450.15
2024-01-27,Store_C,Clothing,0,426.98
2024-01-28,Store_C,Clothing,0,369.98
2024-01-29,Store_C,Clothing,0,414.39
2024-01-30,Store_C,Clothing,0,461.69
2024-01-31,Store_C,Clothing,0,459.53
2024-02-01,Store_C,Clothing,0,417.12
2024-02-02,Store_C,Clothing,0,455.12
2024-02-03,Store_C,Clothing,0,402.37
2024-02-04,Store_C,Clothing,0,375.54
2024-02-05,Store_C,Clothing,0,403.17
2024-02-06,Store_C,Clothing,0,379.59
2024-02-07,Store_C,Clothing,0,478.16
2024-02-08,Store_C,Clothing,0,432.04
2024-02-09,Store_C,Clothing,0,448.31
2024-02-10,Store_C,Clothing,0,429.59
2024-02-11,Store_C,Clothing,0,373.32
2024-02-12,Store_C,Clothing,0,382.69
2024-02-13,Store_C,Clothing,0,457.19
2024-02-14,Store_C,Clothing,0,391.49
2024-02-15,Store_C,Clothing,0,412.95
2024-02-16,Store_C,Clothing,0,430.76
2024-02-17,Store_C,Clothing,0,416.18
2024-02-18,Store_C,Clothing,0,323.55
2024-02-19,Store_C,Clothing,0,422.43
2024-02-20,Store_C,Clothing,0,432.2
2024-02-21,Store_C,Clothing,0,442.78
2024-02-22,Store_C,Clothing,0,436.54
2024-02-23,Store_C,Clothing,0,459.29
2024-02-24,Store_C,Clothing,0,435.1
2024-02-25,Store_C,Clothing,0,370.49
2024-02-26,Store_C,Clothing,0,428.14
2024-02-27,Store_C,Clothing,0,412.26
2024-02-28,Store_C,Clothing,0,434.73
2024-02-29,Store_C,Clothing,0,405.85
2024-03-01,Store_C,Clothing,0,431.65
2024-03-02,Store_C,Clothing,1,476.22
2024-03-03,Store_C,Clothing,0,386.65
2024-03-04,Store_C,Clothing,0,410.47
2024-03-05,Store_C,Clothing,0,421.86
2024-03-06,Store_C,Clothing,0,443.65
2024-03-07,Store_C,Clothing,0,433.77
2024-03-08,Store_C,Clothing,0,474.31
2024-03-09,Store_C,Clothing,0,380.81
2024-03-10,Store_C,Clothing,0,356.77
2024-03-11,Store_C,Clothing,0,420.51
2024-03-12,Store_C,Clothing,0,474.92
2024-03-13,Store_C,Clothing,0,435.36
2024-03-14,Store_C,Clothing,0,425.28
2024-03-15,Store_C,Clothing,1,445.62
2024-03-16,Store_C,Clothing,0,415.94
2024-03-17,Store_C,Clothing,0,347.95
2024-03-18,Store_C,Clothing,0,401.47
2024-03-19,Store_C,Clothing,0,454.79
2024-03-20,Store_C,Clothing,0,420.66
2024-03-21,Store_C,Clothing,0,396.81
2024-03-22,Store_C,Clothing,0,408.36
2024-03-23,Store_C,Clothing,0,345.46
2024-03-24,Store_C,Clothing,0,334.27
2024-03-25,Store_C,Clothing,0,343.04
2024-03-26,Store_C,Clothing,1,455.56
2024-03-27,Store_C,Clothing,1,503.35
2024-03-28,Store_C,Clothing,0,362.61
2024-03-29,Store_C,Clothing,1,497.11
2024-03-30,Store_C,Clothing,0,442.86
2024-03-31,Store_C,Clothing,0,329.74
2024-04-01,Store_C,Clothing,0,337.96
2024-04-02,Store_C,Clothing,0,441.78
2024-04-03,Store_C,Clothing,0,382.96
2024-04-04,Store_C,Clothing,0,372.0
2024-04-05,Store_C,Clothing,0,432.8
2024-04-06,Store_C,Clothing,0,358.13
2024-04-07,Store_C,Clothing,0,317.94
2024-04-08,Store_C,Clothing,0,333.6
2024-04-09,Store_C,Clothing,0,416.49
2024-04-10,Store_C,Clothing,1,449.38
2024-04-11,Store_C,Clothing,1,468.38
2024-04-12,Store_C,Clothing,0,396.8
2024-04-13,Store_C,Clothing,0,362.0
2024-04-14,Store_C,Clothing,0,320.01
2024-04-15,Store_C,Clothing,0,342.38
2024-04-16,Store_C,Clothing,1,444.0
2024-04-17,Store_C,Clothing,0,345.15
2024-04-18,Store_C,Clothing,0,340.16
2024-04-19,Store_C,Clothing,0,395.96
2024-04-20,Store_C,Clothing,1,440.77
2024-04-21,Store_C,Clothing,0,327.56
2024-04-22,Store_C,Clothing,0,347.01
2024-04-23,Store_C,Clothing,0,313.12
2024-04-24,Store_C,Clothing,0,391.48
2024-04-25,Store_C,Clothing,0,328.46
2024-04-26,Store_C,Clothing,0,382.51
2024-04-27,Store_C,Clothing,0,321.09
2024-04-28,Store_C,Clothing,1,410.57
2024-04-29,Store_C,Clothing,0,355.29
2024-04-30,Store_C,Clothing,1,440.5
2024-05-01,Store_C,Clothing,1,470.9
2024-05-02,Store_C,Clothing,0,325.36
2024-05-03,Store_C,Clothing,0,358.47
2024-05-04,Store_C,Clothing,0,375.1
2024-05-05,Store_C,Clothing,0,228.4
2024-05-06,Store_C,Clothing,1,403.24
2024-05-07,Store_C,Clothing,0,366.76
2024-05-08,Store_C,Clothing,0,353.02
2024-05-09,Store_C,Clothing,0,373.1
2024-05-10,Store_C,Clothing,0,405.1
2024-05-11,Store_C,Clothing,0,353.86
2024-05-12,Store_C,Clothing,0,260.53
2024-05-13,Store_C,Clothing,0,338.83
2024-05-14,Store_C,Clothing,1,480.07
2024-05-15,Store_C,Clothing,0,358.49
2024-05-16,Store_C,Clothing,0,330.73
2024-05-17,Store_C,Clothing,1,415.42
2024-05-18,Store_C,Clothing,0,343.07
2024-05-19,Store_C,Clothing,0,279.71
2024-05-20,Store_C,Clothing,0,256.43
2024-05-21,Store_C,Clothing,0,359.9
2024-05-22,Store_C,Clothing,0,317.54
2024-05-23,Store_C,Clothing,0,382.16
2024-05-24,Store_C,Clothing,0,354.41
2024-05-25,Store_C,Clothing,0,323.07
2024-05-26,Store_C,Clothing,0,277.36
2024-05-27,Store_C,Clothing,0,306.08
2024-05-28,Store_C,Clothing,0,326.0
2024-05-29,Store_C,Clothing,0,302.34
2024-05-30,Store_C,Clothing,0,352.01
2024-05-31,Store_C,Clothing,0,346.21
2024-06-01,Store_C,Clothing,0,348.14
2024-06-02,Store_C,Clothing,0,231.29
2024-06-03,Store_C,Clothing,0,279.72
2024-06-04,Store_C,Clothing,0,317.63
2024-06-05,Store_C,Clothing,0,307.71
2024-06-06,Store_C,Clothing,0,330.99
2024-06-07,Store_C,Clothing,1,411.99
2024-06-08,Store_C,Clothing,1,402.68
2024-06-09,Store_C,Clothing,0,247.0
2024-06-10,Store_C,Clothing,0,320.82
2024-06-11,Store_C,Clothing,0,344.11
2024-06-12,Store_C,Clothing,0,347.07
2024-06-13,Store_C,Clothing,0,311.73
2024-06-14,Store_C,Clothing,1,445.03
2024-06-15,Store_C,Clothing,0,331.29
2024-06-16,Store_C,Clothing,0,255.92
2024-06-17,Store_C,Clothing,0,274.81
2024-06-18,Store_C,Clothing,0,312.49
2024-06-19,Store_C,Clothing,0,337.96
2024-06-20,Store_C,Clothing,1,346.24
2024-06-21,Store_C,Clothing,0,308.11
2024-06-22,Store_C,Clothing,0,337.85
2024-06-23,Store_C,Clothing,0,278.23
2024-06-24,Store_C,Clothing,0,277.9
2024-06-25,Store_C,Clothing,0,390.32
2024-06-26,Store_C,Clothing,0,341.23
2024-06-27,Store_C,Clothing,0,302.09
2024-06-28,Store_C,Clothing,0,350.14
2024-06-29,Store_C,Clothing,0,288.23
2024-06-30,Store_C,Clothing,0,231.77
2024-07-01,Store_C,Clothing,0,278.17
2024-07-02,Store_C,Clothing,0,312.65
2024-07-03,Store_C,Clothing,0,300.93
2024-07-04,Store_C,Clothing,0,332.65
2024-07-05,Store_C,Clothing,0,396.12
2024-07-06,Store_C,Clothing,0,291.61
2024-07-07,Store_C,Clothing,1,284.97
2024-07-08,Store_C,Clothing,0,281.95
2024-07-09,Store_C,Clothing,0,304.92
2024-07-10,Store_C,Clothing,0,339.18
2024-07-11,Store_C,Clothing,1,361.03
2024-07-12,Store_C,Clothing,0,337.74
2024-07-13,Store_C,Clothing,0,305.61
2024-07-14,Store_C,Clothing,0,273.1
2024-07-15,Store_C,Clothing,1,360.4
2024-07-16,Store_C,Clothing,0,289.03
2024-07-17,Store_C,Clothing,0,324.43
2024-07-18,Store_C,Clothing,0,268.44
2024-07-19,Store_C,Clothing,0,268.57
2024-07-20,Store_C,Clothing,0,280.32
2024-07-21,Store_C,Clothing,0,274.45
2024-07-22,Store_C,Clothing,0,323.74
2024-07-23,Store_C,Clothing,0,270.36
2024-07-24,Store_C,Clothing,0,339.84
2024-07-25,Store_C,Clothing,0,335.88
2024-07-26,Store_C,Clothing,0,293.29
2024-07-27,Store_C,Clothing,0,334.14
2024-07-28,Store_C,Clothing,0,214.85
2024-07-29,Store_C,Clothing,1,355.02
2024-07-30,Store_C,Clothing,0,319.15
2024-07-31,Store_C,Clothing,0,292.27
2024-08-01,Store_C,Clothing,0,329.58
2024-08-02,Store_C,Clothing,0,320.99
2024-08-03,Store_C,Clothing,0,320.94
2024-08-04,Store_C,Clothing,0,224.35
2024-08-05,Store_C,Clothing,0,327.98
2024-08-06,Store_C,Clothing,1,404.07
2024-08-07,Store_C,Clothing,1,411.01
2024-08-08,Store_C,Clothing,0,307.31
2024-08-09,Store_C,Clothing,0,335.8
2024-08-10,Store_C,Clothing,0,320.67
2024-08-11,Store_C,Clothing,0,241.83
2024-08-12,Store_C,Clothing,0,249.38
2024-08-13,Store_C,Clothing,0,282.14
2024-08-14,Store_C,Clothing,0,323.9
2024-08-15,Store_C,Clothing,0,343.15
2024-08-16,Store_C,Clothing,0,323.82
2024-08-17,Store_C,Clothing,0,335.79
2024-08-18,Store_C,Clothing,0,252.08
2024-08-19,Store_C,Clothing,0,324.31
2024-08-20,Store_C,Clothing,0,329.27
2024-08-21,Store_C,Clothing,0,333.71
2024-08-22,Store_C,Clothing,0,332.28
2024-08-23,Store_C,Clothing,0,342.22
2024-08-24,Store_C,Clothing,0,327.14
2024-08-25,Store_C,Clothing,0,259.68
2024-08-26,Store_C,Clothing,0,299.75
2024-08-27,Store_C,Clothing,0,292.51
2024-08-28,Store_C,Clothing,0,364.23
2024-08-29,Store_C,Clothing,0,344.32
2024-08-30,Store_C,Clothing,0,328.52
2024-08-31,Store_C,Clothing,0,314.09
2024-09-01,Store_C,Clothing,0,311.37
2024-09-02,Store_C,Clothing,0,288.97
2024-09-03,Store_C,Clothing,0,347.82
2024-09-04,Store_C,Clothing,0,342.38
2024-09-05,Store_C,Clothing,0,279.29
2024-09-06,Store_C,Clothing,0,354.41
2024-09-07,Store_C,Clothing,0,286.7
2024-09-08,Store_C,Clothing,0,302.38
2024-09-09,Store_C,Clothing,0,297.54
2024-09-10,Store_C,Clothing,0,305.39
2024-09-11,Store_C,Clothing,0,365.05
2024-09-12,Store_C,Clothing,0,286.68
2024-09-13,Store_C,Clothing,0,314.32
2024-09-14,Store_C,Clothing,0,377.02
2024-09-15,Store_C,Clothing,0,304.44
2024-09-16,Store_C,Clothing,0,311.49
2024-09-17,Store_C,Clothing,1,434.4
2024-09-18,Store_C,Clothing,0,327.58
2024-09-19,Store_C,Clothing,0,334.73
2024-09-20,Store_C,Clothing,0,329.06
2024-09-21,Store_C,Clothing,0,307.78
2024-09-22,Store_C,Clothing,0,307.38
2024-09-23,Store_C,Clothing,0,305.69
2024-09-24,Store_C,Clothing,0,334.15
2024-09-25,Store_C,Clothing,0,368.1
2024-09-26,Store_C,Clothing,0,321.53
2024-09-27,Store_C,Clothing,0,358.16
2024-09-28,Store_C,Clothing,0,387.21
2024-09-29,Store_C,Clothing,0,257.34
2024-09-30,Store_C,Clothing,0,363.36
2024-10-01,Store_C,Clothing,0,435.03
2024-10-02,Store_C,Clothing,0,332.69
2024-10-03,Store_C,Clothing,0,315.37
2024-10-04,Store_C,Clothing,0,386.88
2024-10-05,Store_C,Clothing,0,297.66
2024-10-06,Store_C,Clothing,0,303.11
2024-10-07,Store_C,Clothing,0,313.71
2024-10-08,Store_C,Clothing,0,398.28
2024-10-09,Store_C,Clothing,0,365.03
2024-10-10,Store_C,Clothing,0,360.6
2024-10-11,Store_C,Clothing,0,398.86
2024-10-12,Store_C,Clothing,0,372.43
2024-10-13,Store_C,Clothing,0,309.11
2024-10-14,Store_C,Clothing,0,361.15
2024-10-15,Store_C,Clothing,0,335.85
2024-10-16,Store_C,Clothing,0,410.0
2024-10-17,Store_C,Clothing,0,354.91
2024-10-18,Store_C,Clothing,0,405.32
2024-10-19,Store_C,Clothing,0,367.68
2024-10-20,Store_C,Clothing,0,302.55
2024-10-21,Store_C,Clothing,0,347.21
2024-10-22,Store_C,Clothing,1,470.01
2024-10-23,Store_C,Clothing,0,403.09
2024-10-24,Store_C,Clothing,0,379.01
2024-10-25,Store_C,Clothing,0,380.92
2024-10-26,Store_C,Clothing,0,352.01
2024-10-27,Store_C,Clothing,0,303.11
2024-10-28,Store_C,Clothing,0,352.65
2024-10-29,Store_C,Clothing,0,407.09
2024-10-30,Store_C,Clothing,0,417.88
2024-10-31,Store_C,Clothing,0,365.92
2024-11-01,Store_C,Clothing,0,406.5
2024-11-02,Store_C,Clothing,0,349.66
2024-11-03,Store_C,Clothing,0,325.33
2024-11-04,Store_C,Clothing,0,353.24
2024-11-05,Store_C,Clothing,0,380.0
2024-11-06,Store_C,Clothing,0,411.51
2024-11-07,Store_C,Clothing,0,432.95
2024-11-08,Store_C,Clothing,0,416.24
2024-11-09,Store_C,Clothing,0,423.34
2024-11-10,Store_C,Clothing,0,365.91
2024-11-11,Store_C,Clothing,0,362.72
2024-11-12,Store_C,Clothing,0,427.84
2024-11-13,Store_C,Clothing,0,463.4
2024-11-14,Store_C,Clothing,0,366.3
2024-11-15,Store_C,Clothing,0,445.53
2024-11-16,Store_C,Clothing,0,400.6
2024-11-17,Store_C,Clothing,0,334.46
2024-11-18,Store_C,Clothing,0,393.35
2024-11-19,Store_C,Clothing,0,426.42
2024-11-20,Store_C,Clothing,0,485.91
2024-11-21,Store_C,Clothing,0,388.37
2024-11-22,Store_C,Clothing,0,431.96
2024-11-23,Store_C,Clothing,0,410.92
2024-11-24,Store_C,Clothing,0,342.76
2024-11-25,Store_C,Clothing,0,368.27
2024-11-26,Store_C,Clothing,0,413.23
2024-11-27,Store_C,Clothing,0,429.42
2024-11-28,Store_C,Clothing,0,387.16
2024-11-29,Store_C,Clothing,0,461.95
2024-11-30,Store_C,Clothing,0,430.07
2024-12-01,Store_C,Clothing,0,336.17
2024-12-02,Store_C,Clothing,0,387.41
2024-12-03,Store_C,Clothing,0,433.42
2024-12-04,Store_C,Clothing,0,456.97
2024-12-05,Store_C,Clothing,0,415.59
2024-12-06,Store_C,Clothing,0,460.87
2024-12-07,Store_C,Clothing,0,431.76
2024-12-08,Store_C,Clothing,0,391.81
2024-12-09,Store_C,Clothing,0,385.2
2024-12-10,Store_C,Clothing,0,450.12
2024-12-11,Store_C,Clothing,1,523.15
2024-12-12,Store_C,Clothing,0,364.54
2024-12-13,Store_C,Clothing,0,478.23
2024-12-14,Store_C,Clothing,0,409.69
2024-12-15,Store_C,Clothing,0,536.42
2024-12-16,Store_C,Clothing,0,561.27
2024-12-17,Store_C,Clothing,0,587.44
2024-12-18,Store_C,Clothing,0,590.63
2024-12-19,Store_C,Clothing,0,571.43
2024-12-20,Store_C,Clothing,0,647.43
2024-12-21,Store_C,Clothing,0,579.17
2024-12-22,Store_C,Clothing,0,572.47
2024-12-23,Store_C,Clothing,0,560.08
2024-12-24,Store_C,Clothing,0,600.36
2024-12-25,Store_C,Clothing,0,604.45
2024-12-26,Store_C,Clothing,1,705.19
2024-12-27,Store_C,Clothing,0,630.31
2024-12-28,Store_C,Clothing,0,576.41
2024-12-29,Store_C,Clothing,0,501.08
2024-12-30,Store_C,Clothing,0,556.96
2024-12-31,Store_C,Clothing,0,633.05
